Timestamp,Temp_C,Humidity_pct,Gas_AQI,Light_Lux,Motion_Detected,True_Scenario
2026-05-02 00:00:00,24.27,63.11,66.9,0.0,0,1
2026-05-02 00:01:00,23.86,64.5,66.67,20.5,0,4
2026-05-02 00:02:00,24.07,64.12,66.85,0.0,0,1
2026-05-02 00:03:00,23.52,64.2,66.7,0.0,0,1
2026-05-02 00:04:00,24.14,63.3,66.29,4.0,0,1
2026-05-02 00:05:00,24.31,64.08,66.11,31.5,0,1
2026-05-02 00:06:00,24.35,65.0,65.33,0.0,0,1
2026-05-02 00:07:00,23.92,64.9,65.49,0.0,0,1
2026-05-02 00:08:00,23.55,65.0,64.15,0.0,0,1
2026-05-02 00:09:00,23.87,65.0,64.54,115.0,0,1
2026-05-02 00:10:00,23.99,62.78,64.81,0.0,0,1
2026-05-02 00:11:00,24.11,64.29,65.51,16.9,0,1
2026-05-02 00:12:00,23.5,65.0,66.44,29.4,0,1
2026-05-02 00:13:00,23.98,64.76,66.82,0.0,0,1
2026-05-02 00:14:00,23.74,63.24,66.52,32.2,0,1
2026-05-02 00:15:00,24.37,62.13,67.44,0.0,0,1
2026-05-02 00:16:00,23.42,65.0,66.89,0.0,0,1
2026-05-02 00:17:00,24.26,63.74,66.04,172.1,0,1
2026-05-02 00:18:00,23.96,64.02,66.82,180.6,0,1
2026-05-02 00:19:00,23.49,64.34,67.05,101.2,0,1
2026-05-02 00:20:00,24.42,64.82,66.21,132.0,0,1
2026-05-02 00:21:00,24.34,64.29,65.61,0.0,0,1
2026-05-02 00:22:00,24.31,62.94,65.84,0.0,0,1
2026-05-02 00:23:00,24.03,64.66,65.45,0.0,0,1
2026-05-02 00:24:00,23.83,64.05,65.13,289.9,1,4
2026-05-02 00:25:00,24.02,64.62,65.98,0.0,0,1
2026-05-02 00:26:00,24.14,65.0,66.89,89.4,0,1
2026-05-02 00:27:00,23.87,65.0,66.93,45.4,0,1
2026-05-02 00:28:00,23.79,61.82,66.83,42.7,0,1
2026-05-02 00:29:00,24.13,64.04,67.19,0.0,0,4
2026-05-02 00:30:00,24.05,65.0,66.92,0.0,0,1
2026-05-02 00:31:00,24.24,62.4,65.93,0.0,0,1
2026-05-02 00:32:00,24.39,65.0,64.72,153.8,0,4
2026-05-02 00:33:00,24.22,64.03,64.69,0.0,0,1
2026-05-02 00:34:00,23.72,65.0,65.08,0.0,0,1
2026-05-02 00:35:00,24.01,64.74,65.09,52.6,0,1
2026-05-02 00:36:00,24.11,61.84,65.43,50.3,0,1
2026-05-02 00:37:00,24.21,64.5,65.82,92.1,0,1
2026-05-02 00:38:00,24.22,63.88,66.4,133.9,0,1
2026-05-02 00:39:00,23.99,63.07,66.46,0.0,0,1
2026-05-02 00:40:00,23.89,65.0,66.56,0.0,0,1
2026-05-02 00:41:00,24.26,60.96,66.52,0.0,0,1
2026-05-02 00:42:00,24.1,62.72,66.39,98.6,0,4
2026-05-02 00:43:00,24.08,65.0,65.69,0.0,0,1
2026-05-02 00:44:00,23.83,65.0,66.18,15.4,0,1
2026-05-02 00:45:00,24.53,62.21,66.0,111.9,0,1
2026-05-02 00:46:00,24.07,62.65,65.8,106.9,0,1
2026-05-02 00:47:00,23.99,63.42,65.55,85.0,0,1
2026-05-02 00:48:00,24.07,63.97,64.96,127.6,0,4
2026-05-02 00:49:00,23.98,63.22,64.93,0.0,0,4
2026-05-02 00:50:00,23.69,64.05,65.15,193.6,0,1
2026-05-02 00:51:00,24.08,63.71,64.84,39.6,0,1
2026-05-02 00:52:00,23.65,63.83,65.29,160.2,0,1
2026-05-02 00:53:00,24.04,63.16,65.13,0.0,0,1
2026-05-02 00:54:00,23.61,62.88,64.47,0.0,0,1
2026-05-02 00:55:00,23.47,64.46,65.07,214.4,0,1
2026-05-02 00:56:00,24.16,63.47,65.15,0.0,1,1
2026-05-02 00:57:00,23.74,63.0,65.52,0.0,0,1
2026-05-02 00:58:00,24.12,63.92,65.9,86.6,0,1
2026-05-02 00:59:00,24.05,65.0,65.48,116.1,0,1
2026-05-02 01:00:00,24.05,63.76,65.24,152.7,0,1
2026-05-02 01:01:00,23.86,64.47,65.69,50.1,0,1
2026-05-02 01:02:00,23.98,64.97,66.47,0.0,0,1
2026-05-02 01:03:00,23.85,63.92,66.47,108.1,0,1
2026-05-02 01:04:00,24.25,64.48,66.18,110.0,0,1
2026-05-02 01:05:00,23.89,61.14,66.89,0.0,0,1
2026-05-02 01:06:00,23.95,62.97,66.59,170.2,0,1
2026-05-02 01:07:00,24.2,62.15,66.71,0.0,0,4
2026-05-02 01:08:00,23.86,65.0,66.5,124.1,0,1
2026-05-02 01:09:00,23.56,65.0,66.59,0.0,0,4
2026-05-02 01:10:00,23.75,62.66,66.16,106.9,0,1
2026-05-02 01:11:00,24.27,62.19,65.98,83.5,0,1
2026-05-02 01:12:00,24.03,62.06,65.7,17.8,0,4
2026-05-02 01:13:00,24.08,64.03,65.97,76.4,0,1
2026-05-02 01:14:00,24.08,63.87,66.03,11.9,0,1
2026-05-02 01:15:00,24.46,62.6,66.39,107.9,0,1
2026-05-02 01:16:00,23.49,63.41,66.01,284.5,0,1
2026-05-02 01:17:00,23.98,63.75,65.91,0.0,0,1
2026-05-02 01:18:00,24.02,65.0,66.16,0.0,0,4
2026-05-02 01:19:00,24.0,63.29,66.52,0.0,0,1
2026-05-02 01:20:00,24.21,64.83,65.87,0.0,0,1
2026-05-02 01:21:00,24.21,63.09,65.99,0.0,0,1
2026-05-02 01:22:00,23.95,64.98,65.63,0.0,0,1
2026-05-02 01:23:00,23.58,65.0,66.01,129.5,0,1
2026-05-02 01:24:00,24.63,62.82,66.8,0.0,0,1
2026-05-02 01:25:00,24.0,64.51,65.65,100.9,0,1
2026-05-02 01:26:00,24.03,65.0,65.35,123.4,0,1
2026-05-02 01:27:00,24.32,63.38,65.46,84.7,0,1
2026-05-02 01:28:00,23.9,63.66,65.45,105.2,0,1
2026-05-02 01:29:00,24.32,64.09,65.85,160.7,0,1
2026-05-02 01:30:00,23.92,65.0,65.87,28.4,0,1
2026-05-02 01:31:00,24.46,61.44,65.63,0.0,0,1
2026-05-02 01:32:00,24.11,62.07,65.18,80.3,0,1
2026-05-02 01:33:00,23.83,65.0,64.67,94.0,0,1
2026-05-02 01:34:00,24.54,62.34,64.35,106.8,0,1
2026-05-02 01:35:00,24.15,65.0,64.12,0.0,0,1
2026-05-02 01:36:00,23.84,63.16,64.3,0.0,0,1
2026-05-02 01:37:00,23.64,63.69,64.24,0.0,0,1
2026-05-02 01:38:00,24.17,64.76,63.97,83.2,0,1
2026-05-02 01:39:00,24.34,64.16,63.55,103.1,0,1
2026-05-02 01:40:00,24.09,62.26,63.27,0.0,0,4
2026-05-02 01:41:00,24.07,64.36,63.05,0.0,0,1
2026-05-02 01:42:00,24.38,62.42,62.76,103.3,0,1
2026-05-02 01:43:00,24.14,64.08,63.08,15.7,0,4
2026-05-02 01:44:00,23.82,64.07,63.7,202.9,0,1
2026-05-02 01:45:00,23.83,63.78,63.21,244.5,0,1
2026-05-02 01:46:00,24.12,62.83,63.72,151.8,0,4
2026-05-02 01:47:00,24.11,61.59,64.04,43.7,0,1
2026-05-02 01:48:00,24.25,62.63,64.13,234.8,0,4
2026-05-02 01:49:00,24.07,64.48,64.8,44.7,0,1
2026-05-02 01:50:00,24.15,64.08,64.73,0.0,0,1
2026-05-02 01:51:00,24.07,62.65,64.91,0.0,0,1
2026-05-02 01:52:00,24.22,64.77,64.97,0.0,0,1
2026-05-02 01:53:00,24.17,63.96,64.99,0.0,0,1
2026-05-02 01:54:00,23.91,64.62,65.19,55.6,0,1
2026-05-02 01:55:00,23.93,62.61,65.2,0.0,0,1
2026-05-02 01:56:00,24.06,65.0,65.4,0.0,0,1
2026-05-02 01:57:00,24.0,64.34,65.11,67.3,0,1
2026-05-02 01:58:00,24.31,65.0,64.83,119.0,0,1
2026-05-02 01:59:00,24.03,62.97,64.54,38.7,0,1
2026-05-02 02:00:00,23.62,62.11,64.39,71.1,0,1
2026-05-02 02:01:00,23.68,63.09,64.84,0.0,0,1
2026-05-02 02:02:00,23.91,65.0,64.64,0.0,0,1
2026-05-02 02:03:00,24.15,62.2,64.93,58.7,0,4
2026-05-02 02:04:00,23.79,65.0,65.04,127.3,0,1
2026-05-02 02:05:00,24.13,62.72,64.85,93.8,0,1
2026-05-02 02:06:00,23.78,64.55,65.42,0.0,0,1
2026-05-02 02:07:00,24.01,64.05,65.73,0.0,0,1
2026-05-02 02:08:00,24.07,63.3,65.72,205.7,0,4
2026-05-02 02:09:00,23.68,63.86,65.67,89.6,0,1
2026-05-02 02:10:00,24.06,62.5,65.7,4.7,0,1
2026-05-02 02:11:00,24.37,65.0,65.03,0.0,0,4
2026-05-02 02:12:00,23.91,64.52,64.68,0.0,0,1
2026-05-02 02:13:00,23.98,61.85,64.88,17.0,0,1
2026-05-02 02:14:00,24.02,62.11,64.2,49.3,0,1
2026-05-02 02:15:00,23.98,64.43,63.89,84.1,0,4
2026-05-02 02:16:00,23.97,63.81,63.74,62.7,0,1
2026-05-02 02:17:00,23.95,61.67,65.01,0.0,0,1
2026-05-02 02:18:00,23.57,65.0,65.3,0.0,0,1
2026-05-02 02:19:00,24.07,60.33,65.77,261.8,0,1
2026-05-02 02:20:00,23.69,63.65,65.41,0.0,0,1
2026-05-02 02:21:00,24.05,63.72,65.56,0.0,0,1
2026-05-02 02:22:00,24.13,62.77,64.79,0.0,0,1
2026-05-02 02:23:00,24.06,64.71,64.65,0.0,0,4
2026-05-02 02:24:00,23.73,64.76,64.87,112.8,0,1
2026-05-02 02:25:00,24.03,63.89,64.27,0.0,0,4
2026-05-02 02:26:00,23.9,63.82,64.45,177.3,0,4
2026-05-02 02:27:00,23.81,64.69,64.66,0.0,0,1
2026-05-02 02:28:00,24.47,62.86,64.4,150.1,0,4
2026-05-02 02:29:00,23.73,62.34,64.05,0.0,0,1
2026-05-02 02:30:00,24.08,64.82,63.76,0.0,0,1
2026-05-02 02:31:00,24.33,65.0,63.63,27.9,0,1
2026-05-02 02:32:00,24.05,63.81,63.51,74.9,0,1
2026-05-02 02:33:00,23.8,64.18,63.75,0.0,0,4
2026-05-02 02:34:00,23.81,63.99,63.54,52.1,0,1
2026-05-02 02:35:00,23.6,62.75,64.26,87.6,0,4
2026-05-02 02:36:00,23.97,63.16,64.95,0.0,0,1
2026-05-02 02:37:00,23.98,64.75,65.06,0.0,0,1
2026-05-02 02:38:00,23.89,64.24,64.91,0.0,0,1
2026-05-02 02:39:00,24.3,65.0,64.68,0.0,0,1
2026-05-02 02:40:00,23.94,64.76,64.82,48.8,0,1
2026-05-02 02:41:00,23.56,63.9,65.04,0.0,0,1
2026-05-02 02:42:00,24.32,64.13,64.95,0.0,0,1
2026-05-02 02:43:00,23.66,64.02,64.78,0.0,0,1
2026-05-02 02:44:00,24.08,61.69,64.93,0.0,0,1
2026-05-02 02:45:00,24.11,64.88,64.97,59.6,0,4
2026-05-02 02:46:00,23.93,64.48,64.72,96.7,0,1
2026-05-02 02:47:00,24.19,65.0,64.77,0.0,0,1
2026-05-02 02:48:00,23.97,63.18,64.51,0.0,0,4
2026-05-02 02:49:00,23.86,64.86,64.2,42.4,0,4
2026-05-02 02:50:00,23.43,63.69,64.21,0.0,0,1
2026-05-02 02:51:00,23.52,63.42,63.97,93.9,0,4
2026-05-02 02:52:00,24.64,65.0,63.67,125.9,0,1
2026-05-02 02:53:00,24.13,61.12,64.14,0.0,0,1
2026-05-02 02:54:00,24.26,63.37,63.99,0.0,0,1
2026-05-02 02:55:00,24.58,65.0,64.8,0.0,0,1
2026-05-02 02:56:00,23.86,62.12,65.07,97.7,0,1
2026-05-02 02:57:00,23.91,63.28,64.71,240.3,0,1
2026-05-02 02:58:00,23.54,65.0,65.22,215.5,0,1
2026-05-02 02:59:00,23.88,62.5,64.91,0.0,0,1
2026-05-02 03:00:00,23.87,64.35,65.76,0.0,0,1
2026-05-02 03:01:00,23.85,63.03,65.84,100.5,0,1
2026-05-02 03:02:00,24.21,65.0,66.07,0.0,0,4
2026-05-02 03:03:00,24.13,65.0,66.06,57.4,0,1
2026-05-02 03:04:00,24.18,62.94,66.16,36.3,0,1
2026-05-02 03:05:00,23.64,60.82,66.05,11.2,0,1
2026-05-02 03:06:00,23.96,64.45,65.63,123.4,0,1
2026-05-02 03:07:00,24.04,64.95,65.77,127.9,0,1
2026-05-02 03:08:00,24.42,63.82,66.2,0.0,0,1
2026-05-02 03:09:00,23.98,64.28,65.67,0.0,0,1
2026-05-02 03:10:00,23.91,64.22,66.32,0.0,0,1
2026-05-02 03:11:00,24.22,63.05,66.56,0.0,0,1
2026-05-02 03:12:00,23.88,63.02,66.35,0.0,0,4
2026-05-02 03:13:00,24.06,63.72,66.13,50.3,0,1
2026-05-02 03:14:00,24.06,63.4,66.92,0.0,0,4
2026-05-02 03:15:00,23.82,64.83,67.3,0.0,0,1
2026-05-02 03:16:00,23.77,63.04,67.75,97.4,0,1
2026-05-02 03:17:00,23.93,63.33,67.6,47.7,0,1
2026-05-02 03:18:00,23.82,64.08,67.8,0.0,1,1
2026-05-02 03:19:00,23.56,63.44,67.91,202.4,0,1
2026-05-02 03:20:00,24.11,61.9,67.79,88.6,0,1
2026-05-02 03:21:00,24.08,64.39,67.8,0.0,0,1
2026-05-02 03:22:00,23.75,62.51,68.24,0.0,0,1
2026-05-02 03:23:00,23.72,64.34,68.88,94.6,0,1
2026-05-02 03:24:00,24.05,64.29,68.71,24.3,0,1
2026-05-02 03:25:00,24.37,64.91,68.09,0.0,0,4
2026-05-02 03:26:00,24.19,65.0,68.75,107.4,0,1
2026-05-02 03:27:00,24.23,64.98,69.41,150.9,0,1
2026-05-02 03:28:00,23.85,63.08,69.52,141.8,0,1
2026-05-02 03:29:00,24.03,63.32,70.22,185.1,0,1
2026-05-02 03:30:00,23.9,64.23,70.28,248.3,0,1
2026-05-02 03:31:00,23.75,64.0,69.81,207.6,0,1
2026-05-02 03:32:00,23.98,63.93,69.18,40.9,0,1
2026-05-02 03:33:00,23.71,65.0,68.54,0.0,0,1
2026-05-02 03:34:00,23.75,64.23,68.49,0.0,0,1
2026-05-02 03:35:00,23.82,65.0,68.24,1.3,0,4
2026-05-02 03:36:00,23.85,62.57,67.94,62.3,0,1
2026-05-02 03:37:00,23.93,64.4,67.85,5.2,0,1
2026-05-02 03:38:00,23.42,62.52,68.18,0.0,0,1
2026-05-02 03:39:00,23.7,65.0,67.89,0.0,0,1
2026-05-02 03:40:00,24.33,63.03,67.54,77.4,0,4
2026-05-02 03:41:00,23.94,62.14,67.3,0.0,0,1
2026-05-02 03:42:00,24.08,63.26,67.66,19.9,0,1
2026-05-02 03:43:00,24.04,64.22,67.59,51.8,0,1
2026-05-02 03:44:00,23.91,62.34,67.67,134.2,0,1
2026-05-02 03:45:00,23.72,63.04,68.3,205.5,0,1
2026-05-02 03:46:00,23.8,63.51,69.48,0.0,0,1
2026-05-02 03:47:00,24.43,64.1,69.69,22.1,0,1
2026-05-02 03:48:00,23.81,61.56,69.85,25.8,0,1
2026-05-02 03:49:00,24.37,63.73,69.27,77.9,0,1
2026-05-02 03:50:00,23.84,63.63,69.36,64.5,0,1
2026-05-02 03:51:00,23.87,65.0,69.32,171.0,0,1
2026-05-02 03:52:00,24.03,64.24,69.64,0.0,0,1
2026-05-02 03:53:00,24.03,65.0,69.4,50.2,0,1
2026-05-02 03:54:00,23.91,64.6,69.42,81.2,0,1
2026-05-02 03:55:00,24.2,62.33,69.62,0.0,1,1
2026-05-02 03:56:00,23.9,64.81,70.37,0.0,0,1
2026-05-02 03:57:00,24.43,64.24,70.96,15.4,0,1
2026-05-02 03:58:00,24.46,62.86,71.42,0.0,0,1
2026-05-02 03:59:00,24.65,62.87,71.64,224.1,0,1
2026-05-02 04:00:00,24.41,61.05,71.35,67.8,0,4
2026-05-02 04:01:00,24.78,64.39,71.57,0.0,0,1
2026-05-02 04:02:00,24.77,63.44,71.14,0.0,0,1
2026-05-02 04:03:00,24.76,63.03,70.96,93.6,0,4
2026-05-02 04:04:00,25.29,61.85,71.63,83.5,0,1
2026-05-02 04:05:00,24.98,62.99,71.77,0.0,0,1
2026-05-02 04:06:00,24.81,64.44,71.76,72.4,0,1
2026-05-02 04:07:00,25.37,63.43,71.82,0.0,0,1
2026-05-02 04:08:00,25.18,63.16,71.67,128.1,0,1
2026-05-02 04:09:00,25.57,61.65,70.64,119.1,0,1
2026-05-02 04:10:00,24.72,63.98,70.01,0.0,0,4
2026-05-02 04:11:00,25.18,62.84,70.2,0.0,0,1
2026-05-02 04:12:00,25.24,63.57,69.73,243.8,0,1
2026-05-02 04:13:00,24.91,65.0,69.61,111.9,0,1
2026-05-02 04:14:00,25.49,63.02,69.01,0.0,0,1
2026-05-02 04:15:00,25.42,65.0,68.64,0.0,0,1
2026-05-02 04:16:00,25.08,63.73,68.59,24.9,0,1
2026-05-02 04:17:00,25.46,61.92,68.93,0.0,0,1
2026-05-02 04:18:00,26.06,62.96,69.36,0.0,0,1
2026-05-02 04:19:00,24.19,62.66,68.97,0.0,0,1
2026-05-02 04:20:00,23.79,65.0,69.05,0.0,0,1
2026-05-02 04:21:00,23.78,63.41,68.37,135.2,0,1
2026-05-02 04:22:00,24.18,61.56,68.35,220.2,0,1
2026-05-02 04:23:00,23.48,64.38,68.71,0.0,0,1
2026-05-02 04:24:00,24.12,63.24,68.62,0.0,0,1
2026-05-02 04:25:00,23.51,62.89,69.13,46.7,0,1
2026-05-02 04:26:00,24.38,63.5,69.43,195.8,0,1
2026-05-02 04:27:00,24.14,64.09,69.47,0.0,0,4
2026-05-02 04:28:00,23.51,64.38,69.3,102.0,0,1
2026-05-02 04:29:00,23.88,63.45,69.0,0.0,0,1
2026-05-02 04:30:00,24.06,63.08,68.31,2.6,0,1
2026-05-02 04:31:00,23.48,63.58,67.7,0.0,0,1
2026-05-02 04:32:00,23.97,62.11,68.09,1.3,0,1
2026-05-02 04:33:00,24.1,65.0,68.7,0.0,0,1
2026-05-02 04:34:00,23.47,65.0,68.18,73.0,0,1
2026-05-02 04:35:00,24.17,62.13,68.16,213.4,0,1
2026-05-02 04:36:00,23.95,62.94,67.43,0.0,0,4
2026-05-02 04:37:00,24.22,62.0,66.98,0.0,0,1
2026-05-02 04:38:00,23.93,64.77,67.06,0.0,0,1
2026-05-02 04:39:00,23.72,62.77,66.8,35.9,0,1
2026-05-02 04:40:00,23.7,64.86,65.95,24.2,0,4
2026-05-02 04:41:00,23.91,64.24,66.68,0.0,0,1
2026-05-02 04:42:00,23.94,63.5,66.63,178.5,0,1
2026-05-02 04:43:00,24.26,64.87,66.13,16.3,0,4
2026-05-02 04:44:00,23.92,63.29,66.17,0.0,0,4
2026-05-02 04:45:00,23.6,64.16,66.12,0.0,0,4
2026-05-02 04:46:00,23.88,62.31,66.28,0.0,0,1
2026-05-02 04:47:00,23.61,61.21,66.11,39.5,0,1
2026-05-02 04:48:00,24.08,64.76,66.23,29.5,0,1
2026-05-02 04:49:00,24.14,62.66,66.62,0.0,0,1
2026-05-02 04:50:00,24.18,64.73,66.03,0.0,0,4
2026-05-02 04:51:00,23.92,63.29,65.71,0.0,0,4
2026-05-02 04:52:00,23.82,63.72,66.07,0.0,0,1
2026-05-02 04:53:00,23.87,64.03,65.81,0.0,0,1
2026-05-02 04:54:00,23.98,62.99,65.76,48.6,0,4
2026-05-02 04:55:00,23.87,61.84,65.55,0.0,0,1
2026-05-02 04:56:00,24.4,61.99,65.37,0.0,0,4
2026-05-02 04:57:00,23.91,62.58,65.15,0.0,0,1
2026-05-02 04:58:00,23.98,63.59,64.6,0.0,0,1
2026-05-02 04:59:00,23.82,65.0,64.81,134.4,0,1
2026-05-02 05:00:00,23.82,62.98,65.27,48.3,0,4
2026-05-02 05:01:00,23.69,63.92,65.19,0.0,0,1
2026-05-02 05:02:00,23.75,64.24,65.59,60.5,0,4
2026-05-02 05:03:00,24.47,61.98,65.37,187.2,0,1
2026-05-02 05:04:00,24.14,63.86,65.13,82.3,0,1
2026-05-02 05:05:00,23.92,65.0,65.31,54.7,0,1
2026-05-02 05:06:00,23.84,64.29,65.49,100.1,0,1
2026-05-02 05:07:00,24.32,63.09,65.43,4.5,0,4
2026-05-02 05:08:00,23.8,62.87,65.72,45.6,0,1
2026-05-02 05:09:00,23.58,64.04,65.15,0.0,0,1
2026-05-02 05:10:00,24.13,62.52,65.02,0.0,0,1
2026-05-02 05:11:00,23.78,63.21,65.43,41.1,0,4
2026-05-02 05:12:00,23.69,63.89,65.84,41.6,0,1
2026-05-02 05:13:00,23.74,63.72,66.19,0.0,0,1
2026-05-02 05:14:00,24.11,64.68,66.61,124.3,0,1
2026-05-02 05:15:00,23.98,62.92,66.43,0.0,0,4
2026-05-02 05:16:00,23.77,64.4,65.67,0.0,0,1
2026-05-02 05:17:00,24.13,62.86,65.55,0.0,0,1
2026-05-02 05:18:00,23.8,62.78,65.81,0.0,0,1
2026-05-02 05:19:00,23.6,64.88,66.15,40.6,0,1
2026-05-02 05:20:00,23.68,64.55,65.9,0.0,0,1
2026-05-02 05:21:00,24.02,62.86,65.47,118.2,0,1
2026-05-02 05:22:00,23.81,60.11,65.09,115.7,0,1
2026-05-02 05:23:00,24.04,64.89,64.85,0.0,0,1
2026-05-02 05:24:00,24.29,64.13,64.04,0.0,0,1
2026-05-02 05:25:00,23.85,65.0,63.82,64.1,0,1
2026-05-02 05:26:00,24.68,64.1,63.86,117.6,0,4
2026-05-02 05:27:00,24.08,63.51,63.84,0.0,0,1
2026-05-02 05:28:00,23.96,63.15,63.71,33.8,0,1
2026-05-02 05:29:00,23.68,61.9,63.43,0.0,0,1
2026-05-02 05:30:00,23.92,63.87,63.21,0.0,0,4
2026-05-02 05:31:00,23.95,63.13,63.0,131.2,0,1
2026-05-02 05:32:00,24.2,62.38,63.33,361.2,0,1
2026-05-02 05:33:00,23.86,62.16,63.36,0.0,0,1
2026-05-02 05:34:00,24.12,62.2,64.75,0.0,0,1
2026-05-02 05:35:00,24.02,61.96,64.61,0.0,0,1
2026-05-02 05:36:00,24.25,64.44,64.8,7.9,0,1
2026-05-02 05:37:00,24.27,64.56,64.67,0.0,0,1
2026-05-02 05:38:00,24.09,62.58,64.53,0.0,0,1
2026-05-02 05:39:00,24.2,64.79,65.21,0.0,0,1
2026-05-02 05:40:00,24.29,63.32,65.64,47.5,0,1
2026-05-02 05:41:00,24.14,65.0,64.87,0.0,0,1
2026-05-02 05:42:00,24.08,64.2,64.44,0.0,0,4
2026-05-02 05:43:00,24.11,64.2,64.38,0.0,1,1
2026-05-02 05:44:00,24.41,63.32,64.17,0.0,0,1
2026-05-02 05:45:00,24.04,62.68,63.53,0.0,0,1
2026-05-02 05:46:00,24.19,61.75,63.6,0.0,0,1
2026-05-02 05:47:00,23.84,64.07,62.82,77.2,0,1
2026-05-02 05:48:00,24.38,62.95,62.9,0.0,0,1
2026-05-02 05:49:00,24.12,65.0,63.25,0.0,0,1
2026-05-02 05:50:00,23.92,64.61,63.65,123.0,0,4
2026-05-02 05:51:00,23.99,62.6,63.61,50.0,0,1
2026-05-02 05:52:00,23.95,63.56,64.28,0.0,0,1
2026-05-02 05:53:00,24.01,63.14,64.44,0.0,0,1
2026-05-02 05:54:00,24.06,63.47,64.81,0.0,0,4
2026-05-02 05:55:00,23.96,62.08,64.49,81.2,0,1
2026-05-02 05:56:00,23.61,65.0,65.16,0.0,0,4
2026-05-02 05:57:00,24.45,62.49,65.16,0.0,0,4
2026-05-02 05:58:00,24.07,64.28,65.83,0.0,0,1
2026-05-02 05:59:00,24.08,62.77,66.41,0.0,0,4
2026-05-02 06:00:00,24.0,63.13,66.5,168.6,0,1
2026-05-02 06:01:00,24.23,63.98,66.65,113.5,0,1
2026-05-02 06:02:00,24.02,61.09,66.55,0.0,0,1
2026-05-02 06:03:00,23.93,64.88,66.17,181.3,0,1
2026-05-02 06:04:00,23.95,65.0,66.41,353.6,0,1
2026-05-02 06:05:00,24.32,64.89,66.62,330.3,0,1
2026-05-02 06:06:00,24.06,62.68,65.9,604.4,0,1
2026-05-02 06:07:00,24.0,63.96,65.85,868.4,0,1
2026-05-02 06:08:00,23.9,63.2,66.21,609.6,0,1
2026-05-02 06:09:00,23.93,61.91,66.83,666.7,0,1
2026-05-02 06:10:00,24.28,63.31,67.11,735.0,0,1
2026-05-02 06:11:00,23.78,62.15,66.43,709.8,0,1
2026-05-02 06:12:00,24.18,64.07,65.95,1251.5,0,1
2026-05-02 06:13:00,24.19,64.31,65.79,1189.9,0,1
2026-05-02 06:14:00,24.07,65.0,66.38,1472.0,0,1
2026-05-02 06:15:00,23.97,64.26,66.1,1634.6,0,1
2026-05-02 06:16:00,23.65,63.6,66.54,1517.8,0,1
2026-05-02 06:17:00,24.18,63.12,66.24,1681.6,0,1
2026-05-02 06:18:00,23.62,64.28,66.46,2151.9,0,1
2026-05-02 06:19:00,24.06,65.0,66.03,2086.6,0,1
2026-05-02 06:20:00,24.03,65.0,65.93,2171.4,0,1
2026-05-02 06:21:00,24.22,63.2,65.43,2284.0,0,1
2026-05-02 06:22:00,23.8,65.0,66.04,2554.3,0,1
2026-05-02 06:23:00,23.79,63.28,65.73,2916.9,0,1
2026-05-02 06:24:00,24.16,63.9,65.05,2985.7,0,1
2026-05-02 06:25:00,23.99,63.2,64.35,3095.6,0,1
2026-05-02 06:26:00,23.53,64.56,64.32,3437.3,0,1
2026-05-02 06:27:00,24.03,62.57,64.13,3589.8,0,1
2026-05-02 06:28:00,24.48,61.22,64.43,3640.5,0,1
2026-05-02 06:29:00,24.17,61.87,64.33,4114.1,0,1
2026-05-02 06:30:00,23.74,64.67,64.85,3934.3,0,1
2026-05-02 06:31:00,24.15,62.05,64.68,4281.1,0,1
2026-05-02 06:32:00,24.28,62.79,65.13,4289.9,0,1
2026-05-02 06:33:00,23.61,65.0,64.72,4635.4,0,1
2026-05-02 06:34:00,23.97,64.99,64.07,4689.4,0,1
2026-05-02 06:35:00,24.37,61.91,63.73,4968.9,0,1
2026-05-02 06:36:00,23.66,61.19,63.26,5396.8,0,1
2026-05-02 06:37:00,23.97,62.67,62.75,5422.8,0,1
2026-05-02 06:38:00,23.99,63.85,62.97,5566.4,0,1
2026-05-02 06:39:00,23.94,64.48,62.88,5618.8,0,1
2026-05-02 06:40:00,24.39,61.63,62.98,5938.9,0,1
2026-05-02 06:41:00,24.36,60.98,63.23,6001.8,0,1
2026-05-02 06:42:00,23.98,62.54,62.53,6437.6,1,1
2026-05-02 06:43:00,23.8,63.26,62.82,6644.8,0,1
2026-05-02 06:44:00,24.37,65.0,62.33,6731.9,0,1
2026-05-02 06:45:00,24.25,63.38,62.12,7166.9,0,1
2026-05-02 06:46:00,24.06,64.3,61.35,7365.6,0,1
2026-05-02 06:47:00,24.22,64.61,61.68,7418.1,0,1
2026-05-02 06:48:00,24.22,62.75,61.0,7687.0,0,1
2026-05-02 06:49:00,23.84,63.94,60.55,7769.2,0,1
2026-05-02 06:50:00,23.91,64.02,60.13,8029.4,0,1
2026-05-02 06:51:00,24.06,64.24,60.14,8156.6,0,1
2026-05-02 06:52:00,23.58,64.03,60.15,8454.1,0,1
2026-05-02 06:53:00,23.98,64.88,60.57,8726.0,0,1
2026-05-02 06:54:00,23.87,65.0,60.59,8767.8,0,1
2026-05-02 06:55:00,24.11,63.11,61.08,9266.3,0,1
2026-05-02 06:56:00,23.78,64.81,61.3,9551.3,0,1
2026-05-02 06:57:00,24.17,63.82,60.95,9660.7,0,1
2026-05-02 06:58:00,24.12,65.0,60.72,9572.4,0,1
2026-05-02 06:59:00,24.04,64.62,61.43,10101.5,0,1
2026-05-02 07:00:00,24.18,63.81,62.02,10201.8,0,1
2026-05-02 07:01:00,24.21,62.62,62.42,10534.4,0,1
2026-05-02 07:02:00,24.01,62.35,62.87,11021.7,0,1
2026-05-02 07:03:00,24.08,64.13,63.1,10796.5,0,1
2026-05-02 07:04:00,23.9,61.69,63.27,11233.2,0,1
2026-05-02 07:05:00,23.89,65.0,63.32,11674.4,0,2
2026-05-02 07:06:00,24.46,60.48,64.08,11735.6,0,2
2026-05-02 07:07:00,24.02,62.34,63.89,11972.7,0,2
2026-05-02 07:08:00,24.06,64.71,64.01,12557.4,0,2
2026-05-02 07:09:00,24.05,63.49,63.29,12607.5,0,2
2026-05-02 07:10:00,24.16,63.6,62.7,12924.0,0,2
2026-05-02 07:11:00,23.93,62.87,63.52,13122.2,0,2
2026-05-02 07:12:00,23.95,63.51,63.81,13334.3,0,2
2026-05-02 07:13:00,24.3,64.0,63.73,13719.7,0,2
2026-05-02 07:14:00,23.69,63.03,63.78,14050.9,0,2
2026-05-02 07:15:00,24.11,63.13,63.22,13875.6,0,2
2026-05-02 07:16:00,23.86,63.8,63.06,14329.8,0,2
2026-05-02 07:17:00,23.56,63.89,62.46,14586.2,0,2
2026-05-02 07:18:00,24.04,64.44,62.37,14798.3,0,2
2026-05-02 07:19:00,23.77,64.47,62.7,15227.0,0,2
2026-05-02 07:20:00,23.73,63.85,62.93,15400.5,0,2
2026-05-02 07:21:00,24.71,60.56,63.65,15862.1,0,2
2026-05-02 07:22:00,24.2,64.74,63.8,16025.4,0,2
2026-05-02 07:23:00,24.2,62.21,62.75,16320.4,0,2
2026-05-02 07:24:00,24.05,65.0,63.62,16276.9,0,2
2026-05-02 07:25:00,23.76,62.92,63.28,16589.1,0,2
2026-05-02 07:26:00,24.02,63.88,63.37,16865.0,0,2
2026-05-02 07:27:00,23.97,64.41,63.44,17377.4,0,2
2026-05-02 07:28:00,23.58,63.96,63.57,17370.2,0,2
2026-05-02 07:29:00,24.5,63.27,63.61,17642.2,0,2
2026-05-02 07:30:00,24.03,63.21,63.66,17889.5,0,2
2026-05-02 07:31:00,23.85,65.0,63.11,18624.5,0,2
2026-05-02 07:32:00,24.09,63.72,64.26,18548.0,0,2
2026-05-02 07:33:00,23.71,63.86,64.55,18900.3,0,2
2026-05-02 07:34:00,23.82,64.14,64.58,18972.2,0,2
2026-05-02 07:35:00,24.44,64.34,65.38,19497.4,0,2
2026-05-02 07:36:00,23.93,64.17,64.91,19443.3,0,2
2026-05-02 07:37:00,24.06,63.74,65.29,19813.2,0,2
2026-05-02 07:38:00,24.09,61.75,65.04,20118.2,0,2
2026-05-02 07:39:00,24.02,64.95,65.22,20508.2,0,2
2026-05-02 07:40:00,23.94,64.11,65.4,20663.4,0,2
2026-05-02 07:41:00,24.64,62.17,64.38,21218.7,0,2
2026-05-02 07:42:00,23.89,64.14,63.77,21374.1,0,2
2026-05-02 07:43:00,23.86,65.0,64.48,21509.5,0,2
2026-05-02 07:44:00,24.21,64.16,64.37,21991.1,0,2
2026-05-02 07:45:00,23.77,65.0,65.25,22103.9,0,2
2026-05-02 07:46:00,24.35,64.16,65.81,22360.5,0,2
2026-05-02 07:47:00,24.05,61.21,65.7,22819.7,0,2
2026-05-02 07:48:00,24.14,64.92,65.56,22699.3,0,2
2026-05-02 07:49:00,24.19,61.24,66.26,23363.7,0,2
2026-05-02 07:50:00,24.04,65.0,67.15,23472.4,0,2
2026-05-02 07:51:00,24.36,64.16,66.99,23755.2,0,2
2026-05-02 07:52:00,24.3,65.0,68.61,24359.4,0,2
2026-05-02 07:53:00,24.27,63.75,67.38,24344.7,0,2
2026-05-02 07:54:00,23.77,64.26,67.81,24807.5,0,2
2026-05-02 07:55:00,24.07,64.98,68.26,25011.2,0,2
2026-05-02 07:56:00,24.14,61.99,68.32,25309.0,0,2
2026-05-02 07:57:00,24.61,62.79,67.93,25518.7,0,2
2026-05-02 07:58:00,23.83,63.56,68.04,25798.6,0,2
2026-05-02 07:59:00,24.04,63.03,67.3,26304.8,0,2
2026-05-02 08:00:00,24.48,62.24,67.5,26520.0,0,2
2026-05-02 08:01:00,23.99,63.81,67.86,26635.7,0,2
2026-05-02 08:02:00,24.07,64.37,67.75,26857.9,0,2
2026-05-02 08:03:00,24.66,64.45,67.93,27201.3,0,2
2026-05-02 08:04:00,24.35,62.77,68.35,27677.5,0,2
2026-05-02 08:05:00,24.49,62.48,67.57,27989.9,0,2
2026-05-02 08:06:00,24.47,59.56,66.89,28204.0,0,2
2026-05-02 08:07:00,24.33,64.9,67.18,28232.7,0,2
2026-05-02 08:08:00,24.34,61.5,67.73,28806.8,0,2
2026-05-02 08:09:00,24.55,63.41,67.44,29162.6,0,2
2026-05-02 08:10:00,24.13,63.77,67.01,29317.1,0,2
2026-05-02 08:11:00,24.79,63.68,67.61,29824.2,0,2
2026-05-02 08:12:00,24.24,62.2,67.26,29718.7,0,2
2026-05-02 08:13:00,24.65,63.38,67.92,30250.2,0,2
2026-05-02 08:14:00,24.54,64.8,68.39,30336.6,0,2
2026-05-02 08:15:00,24.29,63.47,68.21,30877.3,0,2
2026-05-02 08:16:00,24.57,61.76,67.16,31115.2,0,2
2026-05-02 08:17:00,24.5,61.15,67.32,31549.5,0,2
2026-05-02 08:18:00,24.04,65.0,66.86,31685.0,0,2
2026-05-02 08:19:00,24.48,62.4,68.19,31868.5,0,2
2026-05-02 08:20:00,24.21,63.02,67.7,32150.0,0,2
2026-05-02 08:21:00,24.67,65.0,64.58,32471.1,0,2
2026-05-02 08:22:00,24.53,63.97,65.07,32732.1,0,2
2026-05-02 08:23:00,24.8,63.85,65.46,33247.5,0,2
2026-05-02 08:24:00,24.43,64.96,65.91,33531.3,0,2
2026-05-02 08:25:00,24.31,61.3,65.84,33491.2,0,2
2026-05-02 08:26:00,24.38,64.9,66.18,33968.0,0,2
2026-05-02 08:27:00,25.18,63.95,66.6,34263.6,0,2
2026-05-02 08:28:00,25.46,61.02,66.55,34455.1,0,2
2026-05-02 08:29:00,25.23,62.79,66.37,34894.2,0,2
2026-05-02 08:30:00,24.37,64.25,65.93,35309.6,1,2
2026-05-02 08:31:00,24.43,62.15,66.1,35534.1,0,2
2026-05-02 08:32:00,24.53,63.95,66.32,35881.5,0,2
2026-05-02 08:33:00,25.02,61.41,66.13,35926.4,0,2
2026-05-02 08:34:00,25.38,64.78,65.99,36309.8,0,2
2026-05-02 08:35:00,25.1,62.25,65.88,36506.2,0,2
2026-05-02 08:36:00,24.95,62.95,66.21,36919.5,0,2
2026-05-02 08:37:00,24.7,60.67,65.6,37222.9,0,2
2026-05-02 08:38:00,24.89,62.83,65.11,37591.0,0,2
2026-05-02 08:39:00,25.01,63.65,64.64,37925.9,0,2
2026-05-02 08:40:00,25.24,60.79,64.58,38143.3,0,2
2026-05-02 08:41:00,24.92,61.68,64.72,38249.7,0,2
2026-05-02 08:42:00,25.18,61.1,64.27,38482.8,0,2
2026-05-02 08:43:00,25.17,60.57,64.67,38999.4,0,2
2026-05-02 08:44:00,25.16,60.42,65.31,39409.0,0,2
2026-05-02 08:45:00,25.07,63.34,65.48,39517.6,0,2
2026-05-02 08:46:00,25.23,60.36,65.96,39628.9,0,2
2026-05-02 08:47:00,25.2,59.78,65.55,40353.7,0,2
2026-05-02 08:48:00,25.06,61.47,65.15,40453.5,0,2
2026-05-02 08:49:00,25.51,61.54,65.37,40706.3,0,2
2026-05-02 08:50:00,25.72,61.89,65.35,40836.4,0,2
2026-05-02 08:51:00,25.4,60.58,64.96,41269.1,0,2
2026-05-02 08:52:00,25.37,60.97,65.58,41640.0,0,2
2026-05-02 08:53:00,25.61,62.0,65.7,41908.1,0,2
2026-05-02 08:54:00,25.5,62.59,65.99,42056.0,0,2
2026-05-02 08:55:00,25.77,62.61,65.68,42420.4,0,2
2026-05-02 08:56:00,25.55,62.01,66.4,42642.7,0,2
2026-05-02 08:57:00,25.7,59.23,66.31,43205.4,0,2
2026-05-02 08:58:00,26.02,59.72,66.73,43401.9,0,2
2026-05-02 08:59:00,25.94,62.39,66.45,43520.1,0,2
2026-05-02 09:00:00,25.62,63.46,66.5,43789.3,0,2
2026-05-02 09:01:00,25.96,60.75,66.72,44319.6,0,2
2026-05-02 09:02:00,25.46,61.34,67.56,44580.8,0,2
2026-05-02 09:03:00,25.71,60.0,67.33,44927.4,0,2
2026-05-02 09:04:00,26.01,62.49,67.38,45194.1,0,2
2026-05-02 09:05:00,26.22,59.22,67.6,45564.2,0,2
2026-05-02 09:06:00,25.68,63.6,66.95,46038.9,0,2
2026-05-02 09:07:00,25.9,60.84,65.98,46331.4,0,2
2026-05-02 09:08:00,25.95,59.84,65.54,46996.9,0,2
2026-05-02 09:09:00,25.96,58.71,65.95,47113.0,0,2
2026-05-02 09:10:00,25.72,60.87,66.68,47172.6,0,2
2026-05-02 09:11:00,26.18,60.39,66.25,47403.9,0,2
2026-05-02 09:12:00,25.78,60.73,65.71,47906.1,0,2
2026-05-02 09:13:00,26.42,60.22,66.36,48101.1,0,2
2026-05-02 09:14:00,26.51,61.75,66.1,48566.3,0,2
2026-05-02 09:15:00,26.05,61.47,65.92,48714.8,0,2
2026-05-02 09:16:00,25.94,61.12,66.53,48732.1,0,2
2026-05-02 09:17:00,26.28,61.77,67.07,49129.5,0,2
2026-05-02 09:18:00,26.2,59.42,67.44,49452.8,0,2
2026-05-02 09:19:00,26.32,61.21,66.67,49852.1,1,2
2026-05-02 09:20:00,26.43,61.02,66.1,49962.9,0,2
2026-05-02 09:21:00,26.22,62.29,66.57,50393.2,0,2
2026-05-02 09:22:00,26.91,57.88,66.68,50487.7,0,2
2026-05-02 09:23:00,26.37,59.24,66.32,50929.7,0,2
2026-05-02 09:24:00,26.81,58.7,66.15,51251.8,0,2
2026-05-02 09:25:00,26.39,60.83,66.61,51660.7,0,2
2026-05-02 09:26:00,26.67,60.13,67.25,51783.7,0,2
2026-05-02 09:27:00,26.81,60.35,67.21,51927.1,0,2
2026-05-02 09:28:00,26.77,57.19,66.88,52481.3,0,2
2026-05-02 09:29:00,26.71,61.57,66.73,52554.0,0,2
2026-05-02 09:30:00,26.7,60.11,67.29,52940.4,0,2
2026-05-02 09:31:00,26.76,60.4,67.82,53029.9,0,2
2026-05-02 09:32:00,26.73,60.22,67.87,53396.2,0,2
2026-05-02 09:33:00,27.03,58.61,67.59,53570.4,0,2
2026-05-02 09:34:00,27.44,59.4,68.02,53989.6,0,2
2026-05-02 09:35:00,27.12,59.32,68.68,54324.4,0,2
2026-05-02 09:36:00,27.22,59.17,68.0,54445.7,0,2
2026-05-02 09:37:00,27.39,59.45,67.85,54698.4,0,2
2026-05-02 09:38:00,27.05,59.21,68.31,55072.3,0,2
2026-05-02 09:39:00,26.75,58.12,68.29,55207.7,0,2
2026-05-02 09:40:00,27.25,58.84,68.03,55391.7,0,2
2026-05-02 09:41:00,27.5,60.65,68.06,55898.7,0,2
2026-05-02 09:42:00,27.83,57.57,68.18,56114.4,0,2
2026-05-02 09:43:00,27.13,59.33,67.64,56365.6,0,2
2026-05-02 09:44:00,27.69,59.43,67.64,56709.0,0,2
2026-05-02 09:45:00,27.53,61.2,67.76,56974.4,0,2
2026-05-02 09:46:00,27.41,58.52,67.51,57143.6,0,2
2026-05-02 09:47:00,27.29,57.52,67.13,57291.3,0,2
2026-05-02 09:48:00,27.45,59.58,66.87,57609.2,0,2
2026-05-02 09:49:00,27.78,57.33,66.42,58013.9,0,2
2026-05-02 09:50:00,27.99,58.37,66.77,58215.7,0,2
2026-05-02 09:51:00,27.05,60.06,66.32,58387.1,0,2
2026-05-02 09:52:00,27.9,57.56,66.38,58598.0,0,2
2026-05-02 09:53:00,27.68,58.12,66.2,59011.6,0,2
2026-05-02 09:54:00,27.75,59.34,66.45,59180.2,0,2
2026-05-02 09:55:00,28.02,59.29,67.44,59571.3,0,2
2026-05-02 09:56:00,28.44,57.44,67.81,59838.1,0,2
2026-05-02 09:57:00,27.82,58.45,67.89,59960.7,1,2
2026-05-02 09:58:00,28.03,56.61,67.96,60384.1,0,2
2026-05-02 09:59:00,27.7,58.56,68.46,60531.5,1,2
2026-05-02 10:00:00,28.25,57.18,69.12,60806.7,1,2
2026-05-02 10:01:00,28.02,58.07,70.07,60745.6,1,2
2026-05-02 10:02:00,28.63,58.82,70.41,61153.2,1,2
2026-05-02 10:03:00,28.37,56.13,70.82,61433.6,1,2
2026-05-02 10:04:00,28.26,59.05,71.32,61749.3,1,2
2026-05-02 10:05:00,28.31,57.8,71.76,62048.3,1,2
2026-05-02 10:06:00,28.52,57.24,71.84,62307.5,1,2
2026-05-02 10:07:00,28.65,56.05,73.0,62572.1,1,2
2026-05-02 10:08:00,28.23,58.02,73.42,62699.7,1,2
2026-05-02 10:09:00,28.53,59.86,74.09,63127.2,1,2
2026-05-02 10:10:00,28.61,54.08,74.6,63505.2,1,2
2026-05-02 10:11:00,28.72,54.65,75.04,63493.3,1,2
2026-05-02 10:12:00,29.04,56.34,75.15,63700.5,1,2
2026-05-02 10:13:00,28.4,57.83,75.5,63915.9,0,2
2026-05-02 10:14:00,29.05,57.66,76.86,64239.3,0,3
2026-05-02 10:15:00,28.95,57.22,77.84,64378.6,0,3
2026-05-02 10:16:00,28.78,54.95,78.31,64465.6,0,3
2026-05-02 10:17:00,29.15,57.12,78.62,64723.4,1,3
2026-05-02 10:18:00,28.9,56.53,78.12,65241.6,0,3
2026-05-02 10:19:00,28.6,58.23,78.43,65502.0,0,3
2026-05-02 10:20:00,28.24,56.8,78.75,65764.0,0,3
2026-05-02 10:21:00,28.84,54.98,78.98,65851.0,0,3
2026-05-02 10:22:00,29.06,55.98,79.44,65933.5,0,3
2026-05-02 10:23:00,29.29,56.79,80.12,66232.3,0,3
2026-05-02 10:24:00,29.44,56.44,80.21,66320.8,0,3
2026-05-02 10:25:00,29.28,56.23,80.79,66564.6,0,3
2026-05-02 10:26:00,29.04,55.81,81.07,67007.1,0,3
2026-05-02 10:27:00,29.34,55.96,81.26,67271.6,1,3
2026-05-02 10:28:00,29.43,57.77,82.36,67664.8,0,3
2026-05-02 10:29:00,29.97,58.3,83.15,67650.4,1,3
2026-05-02 10:30:00,29.72,56.1,83.16,67743.0,1,3
2026-05-02 10:31:00,29.22,57.52,83.83,68094.9,0,3
2026-05-02 10:32:00,29.6,54.88,83.66,68286.1,1,3
2026-05-02 10:33:00,29.91,56.96,83.74,68472.5,0,3
2026-05-02 10:34:00,29.79,55.08,84.89,68789.6,0,3
2026-05-02 10:35:00,29.42,54.48,85.37,68816.2,0,3
2026-05-02 10:36:00,30.08,56.46,85.89,69203.6,0,3
2026-05-02 10:37:00,30.02,55.28,86.13,69497.5,0,3
2026-05-02 10:38:00,29.94,56.96,86.2,69818.9,0,3
2026-05-02 10:39:00,29.83,56.43,85.9,69880.1,0,3
2026-05-02 10:40:00,30.33,53.18,86.11,70179.7,0,3
2026-05-02 10:41:00,29.68,55.88,85.19,70209.2,0,3
2026-05-02 10:42:00,29.79,54.42,84.72,70440.2,0,3
2026-05-02 10:43:00,30.05,56.65,84.51,70862.9,0,3
2026-05-02 10:44:00,30.36,54.81,84.57,70743.8,0,2
2026-05-02 10:45:00,29.99,54.43,84.26,71067.2,0,2
2026-05-02 10:46:00,30.24,52.42,83.32,71454.9,0,2
2026-05-02 10:47:00,30.34,56.12,82.33,71489.9,0,2
2026-05-02 10:48:00,30.57,54.0,82.16,71682.0,0,2
2026-05-02 10:49:00,30.46,54.24,81.81,71891.1,0,2
2026-05-02 10:50:00,30.51,55.06,81.28,72108.2,0,2
2026-05-02 10:51:00,30.45,53.5,80.68,72435.8,0,2
2026-05-02 10:52:00,30.95,52.05,80.62,72620.3,0,2
2026-05-02 10:53:00,30.89,54.18,81.06,72712.3,0,2
2026-05-02 10:54:00,30.93,52.77,80.99,73037.6,0,2
2026-05-02 10:55:00,30.63,54.22,81.42,73124.2,0,2
2026-05-02 10:56:00,30.75,53.11,81.13,73358.2,0,2
2026-05-02 10:57:00,31.05,52.1,81.18,73318.7,0,2
2026-05-02 10:58:00,30.83,52.07,81.63,73839.4,0,2
2026-05-02 10:59:00,30.79,54.21,81.42,73861.4,0,2
2026-05-02 11:00:00,31.15,54.91,81.29,73698.0,0,2
2026-05-02 11:01:00,30.8,55.25,80.99,74402.5,0,2
2026-05-02 11:02:00,31.12,53.66,81.11,74370.2,0,2
2026-05-02 11:03:00,31.45,54.88,81.36,74484.4,0,2
2026-05-02 11:04:00,31.31,52.72,81.37,74647.5,0,2
2026-05-02 11:05:00,31.07,54.69,81.12,74960.8,0,2
2026-05-02 11:06:00,31.5,52.51,80.34,74982.8,0,2
2026-05-02 11:07:00,31.28,52.54,80.18,75187.2,1,2
2026-05-02 11:08:00,31.69,53.8,79.97,75360.4,0,2
2026-05-02 11:09:00,31.66,53.4,79.95,75561.6,0,2
2026-05-02 11:10:00,31.49,53.86,79.87,75705.8,0,2
2026-05-02 11:11:00,31.44,51.39,80.42,76036.7,0,2
2026-05-02 11:12:00,31.47,54.38,79.99,76157.0,0,2
2026-05-02 11:13:00,32.38,52.68,79.18,76355.8,0,2
2026-05-02 11:14:00,31.21,53.02,78.56,76562.5,0,2
2026-05-02 11:15:00,31.39,53.95,78.18,76632.3,0,2
2026-05-02 11:16:00,32.16,53.49,78.97,76687.4,0,2
2026-05-02 11:17:00,32.16,51.3,78.91,77205.4,1,2
2026-05-02 11:18:00,32.08,51.42,78.86,77254.7,0,2
2026-05-02 11:19:00,31.54,52.7,79.53,77485.0,1,2
2026-05-02 11:20:00,32.22,49.42,80.42,77596.7,0,2
2026-05-02 11:21:00,31.89,52.95,80.29,77567.7,1,2
2026-05-02 11:22:00,32.16,53.27,80.13,77497.1,1,2
2026-05-02 11:23:00,32.34,52.61,80.39,77788.0,0,2
2026-05-02 11:24:00,32.41,52.4,81.1,78144.6,1,2
2026-05-02 11:25:00,32.17,53.38,81.71,78222.8,1,2
2026-05-02 11:26:00,32.71,51.29,81.74,78332.7,1,2
2026-05-02 11:27:00,32.64,49.62,82.43,78230.9,1,2
2026-05-02 11:28:00,32.25,52.21,82.95,78691.5,0,2
2026-05-02 11:29:00,32.42,53.38,83.37,78722.4,0,2
2026-05-02 11:30:00,32.4,52.28,83.16,78882.0,0,2
2026-05-02 11:31:00,32.62,51.09,83.3,79233.2,0,2
2026-05-02 11:32:00,32.84,52.16,84.68,79155.6,0,2
2026-05-02 11:33:00,32.27,52.48,85.15,79300.2,0,2
2026-05-02 11:34:00,32.29,51.74,85.12,79586.5,0,2
2026-05-02 11:35:00,32.62,51.67,85.4,79785.8,1,2
2026-05-02 11:36:00,33.22,50.31,85.81,79779.9,0,2
2026-05-02 11:37:00,32.99,51.75,86.59,80114.2,1,2
2026-05-02 11:38:00,33.37,49.4,87.48,79899.4,1,2
2026-05-02 11:39:00,32.99,51.41,87.53,80011.1,0,2
2026-05-02 11:40:00,32.87,52.23,88.47,80157.0,0,3
2026-05-02 11:41:00,32.71,51.69,89.27,80278.5,0,3
2026-05-02 11:42:00,32.97,51.34,89.48,80630.4,0,3
2026-05-02 11:43:00,33.07,50.99,89.91,80584.4,0,3
2026-05-02 11:44:00,32.67,52.11,90.79,80652.7,0,3
2026-05-02 11:45:00,33.11,50.41,91.78,80991.2,0,3
2026-05-02 11:46:00,33.16,50.62,91.55,81165.5,0,3
2026-05-02 11:47:00,33.42,49.32,92.1,81327.1,0,3
2026-05-02 11:48:00,33.46,50.04,92.67,81426.2,0,3
2026-05-02 11:49:00,33.6,47.76,92.81,81301.5,0,3
2026-05-02 11:50:00,33.16,50.81,93.09,81542.9,0,3
2026-05-02 11:51:00,33.33,51.28,94.06,81678.4,0,3
2026-05-02 11:52:00,33.89,49.67,94.05,81679.9,0,3
2026-05-02 11:53:00,33.64,51.2,94.72,81863.6,0,3
2026-05-02 11:54:00,33.97,51.25,94.23,81792.0,0,3
2026-05-02 11:55:00,33.77,49.9,94.05,81982.2,0,3
2026-05-02 11:56:00,33.9,48.55,93.94,82184.0,0,3
2026-05-02 11:57:00,34.03,50.87,94.08,82435.1,0,3
2026-05-02 11:58:00,33.81,50.94,94.42,82501.7,0,3
2026-05-02 11:59:00,33.83,50.38,94.21,82543.7,0,3
2026-05-02 12:00:00,33.87,49.15,93.49,82584.3,0,3
2026-05-02 12:01:00,34.07,49.96,92.94,82648.0,0,3
2026-05-02 12:02:00,34.28,48.84,92.77,82565.2,0,3
2026-05-02 12:03:00,34.08,48.61,93.02,82747.4,0,2
2026-05-02 12:04:00,34.52,49.31,92.16,82839.4,0,2
2026-05-02 12:05:00,34.71,47.44,91.43,83097.9,0,2
2026-05-02 12:06:00,34.1,50.36,91.54,83253.9,0,2
2026-05-02 12:07:00,34.66,49.01,90.76,83316.5,0,2
2026-05-02 12:08:00,34.41,48.89,90.06,83446.8,0,2
2026-05-02 12:09:00,34.55,48.77,90.35,83414.6,0,2
2026-05-02 12:10:00,34.47,47.65,90.05,83354.1,0,2
2026-05-02 12:11:00,34.86,47.19,89.71,83553.2,0,2
2026-05-02 12:12:00,34.68,50.72,90.1,83552.2,0,2
2026-05-02 12:13:00,34.56,48.64,89.44,83796.3,0,2
2026-05-02 12:14:00,34.58,47.07,88.69,83755.6,0,2
2026-05-02 12:15:00,34.43,50.1,89.2,83876.1,0,2
2026-05-02 12:16:00,34.64,47.48,89.11,84045.7,0,2
2026-05-02 12:17:00,35.13,48.71,89.2,83927.5,0,2
2026-05-02 12:18:00,35.14,49.77,88.87,84215.3,0,2
2026-05-02 12:19:00,34.75,48.28,88.62,83989.9,0,2
2026-05-02 12:20:00,34.68,50.03,88.12,84270.7,0,2
2026-05-02 12:21:00,35.24,48.74,88.07,84279.9,0,2
2026-05-02 12:22:00,35.16,49.87,88.96,84450.1,1,2
2026-05-02 12:23:00,34.6,49.46,89.37,84251.1,1,2
2026-05-02 12:24:00,35.86,46.36,90.34,84301.6,0,2
2026-05-02 12:25:00,35.19,45.44,91.16,84621.7,0,2
2026-05-02 12:26:00,35.65,46.34,91.2,84530.8,1,2
2026-05-02 12:27:00,35.32,47.16,91.49,84614.0,0,2
2026-05-02 12:28:00,35.06,49.31,91.64,84577.7,1,2
2026-05-02 12:29:00,35.41,49.09,92.49,84833.8,1,2
2026-05-02 12:30:00,35.04,46.84,93.17,84807.2,1,2
2026-05-02 12:31:00,35.41,49.09,93.81,84842.0,1,2
2026-05-02 12:32:00,35.22,46.97,94.68,84727.3,1,2
2026-05-02 12:33:00,35.48,46.53,94.23,84971.4,1,2
2026-05-02 12:34:00,35.63,45.65,94.49,84841.8,1,2
2026-05-02 12:35:00,35.69,47.64,94.79,84933.0,0,2
2026-05-02 12:36:00,35.29,47.09,95.36,84885.9,0,2
2026-05-02 12:37:00,35.54,49.02,96.13,85084.6,0,2
2026-05-02 12:38:00,35.25,46.76,96.52,85284.3,0,2
2026-05-02 12:39:00,35.94,47.76,96.31,85210.8,0,2
2026-05-02 12:40:00,35.88,45.52,96.83,85147.5,0,2
2026-05-02 12:41:00,35.57,48.64,97.28,85244.7,0,2
2026-05-02 12:42:00,36.26,46.58,97.15,85288.6,0,2
2026-05-02 12:43:00,36.06,47.06,97.41,85300.8,0,2
2026-05-02 12:44:00,35.96,46.42,98.15,85340.7,0,3
2026-05-02 12:45:00,35.91,46.43,99.25,85212.9,0,3
2026-05-02 12:46:00,35.91,47.52,99.29,85374.0,0,3
2026-05-02 12:47:00,35.91,49.09,100.09,85181.5,0,3
2026-05-02 12:48:00,36.44,44.92,100.0,85485.6,0,3
2026-05-02 12:49:00,36.26,46.03,99.92,85294.7,0,3
2026-05-02 12:50:00,35.97,46.11,100.0,85607.5,0,3
2026-05-02 12:51:00,36.59,44.15,100.87,85203.6,0,3
2026-05-02 12:52:00,36.29,44.57,101.34,85697.5,0,3
2026-05-02 12:53:00,36.12,45.75,101.68,85328.1,0,3
2026-05-02 12:54:00,36.88,45.09,102.25,85393.3,1,3
2026-05-02 12:55:00,36.15,48.28,102.72,85574.3,0,3
2026-05-02 12:56:00,36.26,47.62,103.19,85637.7,1,3
2026-05-02 12:57:00,36.5,45.11,103.65,85529.7,1,3
2026-05-02 12:58:00,36.62,46.86,103.72,85672.2,1,3
2026-05-02 12:59:00,36.39,45.29,104.83,85473.4,1,3
2026-05-02 13:00:00,36.07,46.6,106.04,85507.0,1,3
2026-05-02 13:01:00,36.66,46.26,107.24,85516.0,1,3
2026-05-02 13:02:00,36.43,48.73,107.34,85493.7,0,3
2026-05-02 13:03:00,36.64,46.23,107.59,85315.6,1,3
2026-05-02 13:04:00,36.57,44.24,107.88,85541.2,1,3
2026-05-02 13:05:00,36.53,46.95,107.98,85521.5,1,3
2026-05-02 13:06:00,36.77,47.08,107.62,85647.1,0,3
2026-05-02 13:07:00,36.72,46.86,107.03,85357.6,0,3
2026-05-02 13:08:00,36.7,44.62,106.84,85427.5,0,3
2026-05-02 13:09:00,37.19,45.28,106.17,85655.5,0,3
2026-05-02 13:10:00,36.73,45.75,105.25,85548.8,0,3
2026-05-02 13:11:00,36.95,47.59,104.97,85551.1,0,2
2026-05-02 13:12:00,37.04,46.08,104.42,85522.5,0,2
2026-05-02 13:13:00,36.66,47.93,104.09,85515.9,0,2
2026-05-02 13:14:00,36.84,44.77,102.62,85651.4,0,2
2026-05-02 13:15:00,37.14,44.94,101.93,85418.4,0,2
2026-05-02 13:16:00,37.17,44.52,101.62,85269.1,0,2
2026-05-02 13:17:00,37.02,46.54,100.68,85420.5,0,2
2026-05-02 13:18:00,37.25,46.42,99.76,85233.9,0,2
2026-05-02 13:19:00,37.35,45.38,99.51,85240.0,0,2
2026-05-02 13:20:00,37.46,44.86,99.55,85252.5,0,2
2026-05-02 13:21:00,37.52,45.18,98.9,85085.5,0,2
2026-05-02 13:22:00,37.68,42.79,98.53,85080.9,0,2
2026-05-02 13:23:00,37.44,44.29,98.17,85160.7,0,2
2026-05-02 13:24:00,37.1,44.87,97.25,84995.9,0,2
2026-05-02 13:25:00,37.4,44.83,97.52,85146.8,0,2
2026-05-02 13:26:00,37.19,44.36,97.19,84866.0,0,2
2026-05-02 13:27:00,37.75,43.34,96.87,84840.9,0,2
2026-05-02 13:28:00,37.91,42.21,96.79,85139.9,0,2
2026-05-02 13:29:00,37.59,45.09,95.88,84675.5,0,2
2026-05-02 13:30:00,37.91,42.47,96.05,84812.0,0,2
2026-05-02 13:31:00,37.93,45.3,96.27,84999.7,0,2
2026-05-02 13:32:00,37.76,44.73,96.09,84723.7,0,2
2026-05-02 13:33:00,37.84,45.28,96.05,84813.5,0,2
2026-05-02 13:34:00,37.98,42.96,95.67,84682.6,0,2
2026-05-02 13:35:00,37.42,47.05,95.8,84551.0,1,2
2026-05-02 13:36:00,37.86,46.86,95.21,84467.8,0,2
2026-05-02 13:37:00,37.96,44.09,94.96,84170.2,0,2
2026-05-02 13:38:00,37.49,45.18,94.74,84340.6,0,2
2026-05-02 13:39:00,38.36,43.49,94.5,84362.8,0,2
2026-05-02 13:40:00,38.18,44.96,94.73,84298.6,0,2
2026-05-02 13:41:00,38.21,44.66,95.44,84494.4,0,2
2026-05-02 13:42:00,38.06,41.78,95.15,84162.9,0,2
2026-05-02 13:43:00,37.75,43.36,95.11,84142.3,0,2
2026-05-02 13:44:00,37.69,44.9,94.52,84133.8,0,2
2026-05-02 13:45:00,38.01,44.91,94.73,83983.8,0,2
2026-05-02 13:46:00,38.24,43.85,94.26,83831.4,0,2
2026-05-02 13:47:00,38.23,41.65,95.38,83733.3,0,2
2026-05-02 13:48:00,38.54,43.91,94.41,83620.4,0,2
2026-05-02 13:49:00,38.06,46.1,95.09,83635.4,0,2
2026-05-02 13:50:00,38.08,41.14,95.93,83470.6,0,2
2026-05-02 13:51:00,38.19,44.86,95.79,83473.9,1,2
2026-05-02 13:52:00,37.92,46.3,97.17,83184.9,1,2
2026-05-02 13:53:00,38.61,44.27,97.1,83252.4,1,2
2026-05-02 13:54:00,38.2,43.62,97.49,83337.8,1,2
2026-05-02 13:55:00,38.35,44.59,97.3,83033.7,0,2
2026-05-02 13:56:00,38.51,43.18,97.68,83188.3,0,2
2026-05-02 13:57:00,38.14,44.45,98.24,82912.6,0,2
2026-05-02 13:58:00,38.43,43.5,99.2,82786.8,0,2
2026-05-02 13:59:00,38.38,43.61,100.78,82721.8,0,2
2026-05-02 14:00:00,38.65,42.18,101.07,82564.6,0,2
2026-05-02 14:01:00,38.43,42.85,100.45,82255.8,0,2
2026-05-02 14:02:00,37.73,46.32,101.27,82508.4,0,2
2026-05-02 14:03:00,38.24,42.93,101.46,82541.2,0,2
2026-05-02 14:04:00,38.12,41.49,102.56,82224.5,0,2
2026-05-02 14:05:00,38.99,46.83,102.89,82133.3,0,2
2026-05-02 14:06:00,38.89,42.23,102.99,81931.9,0,2
2026-05-02 14:07:00,38.02,43.66,102.92,81975.7,0,2
2026-05-02 14:08:00,38.32,43.07,103.59,81727.1,0,3
2026-05-02 14:09:00,38.25,43.67,103.78,81648.3,1,3
2026-05-02 14:10:00,38.67,42.15,104.88,81328.9,0,3
2026-05-02 14:11:00,38.39,45.24,105.18,81343.9,0,3
2026-05-02 14:12:00,38.58,42.94,106.15,81336.2,0,3
2026-05-02 14:13:00,38.32,42.29,106.02,81291.0,0,3
2026-05-02 14:14:00,38.79,39.44,105.64,81180.4,1,3
2026-05-02 14:15:00,38.29,44.91,106.44,80751.4,1,3
2026-05-02 14:16:00,39.35,41.58,106.61,80645.8,0,3
2026-05-02 14:17:00,39.12,42.89,107.0,80779.1,0,3
2026-05-02 14:18:00,39.38,40.96,107.12,80489.3,0,3
2026-05-02 14:19:00,38.93,42.82,106.98,80540.0,0,3
2026-05-02 14:20:00,39.18,42.32,107.81,80110.9,0,3
2026-05-02 14:21:00,39.03,43.66,108.37,80187.4,0,3
2026-05-02 14:22:00,38.57,43.4,108.51,80067.7,0,3
2026-05-02 14:23:00,38.75,41.61,109.42,79992.2,0,3
2026-05-02 14:24:00,38.96,45.54,110.4,79674.9,0,3
2026-05-02 14:25:00,39.16,42.9,110.68,79418.9,0,3
2026-05-02 14:26:00,38.88,41.63,111.43,79546.3,0,3
2026-05-02 14:27:00,39.04,42.77,111.36,79443.6,0,3
2026-05-02 14:28:00,38.83,43.31,112.04,79353.3,0,3
2026-05-02 14:29:00,38.83,43.43,112.7,79053.0,0,3
2026-05-02 14:30:00,38.57,43.63,112.71,79057.6,0,3
2026-05-02 14:31:00,39.07,42.8,114.06,78857.5,0,3
2026-05-02 14:32:00,38.85,43.91,114.75,78814.9,0,3
2026-05-02 14:33:00,38.66,43.94,114.79,78513.4,0,3
2026-05-02 14:34:00,38.85,43.71,115.1,78158.4,0,3
2026-05-02 14:35:00,39.08,40.35,115.1,78203.3,0,3
2026-05-02 14:36:00,39.19,40.25,114.97,78060.3,1,3
2026-05-02 14:37:00,38.99,41.66,115.23,77948.4,0,3
2026-05-02 14:38:00,39.31,41.86,115.5,77558.1,0,3
2026-05-02 14:39:00,39.43,41.08,115.64,77567.4,0,3
2026-05-02 14:40:00,39.0,41.38,116.54,77549.8,1,3
2026-05-02 14:41:00,39.33,42.43,116.72,77267.7,1,3
2026-05-02 14:42:00,38.93,41.66,116.7,77067.5,1,3
2026-05-02 14:43:00,38.78,40.02,116.64,77156.1,1,3
2026-05-02 14:44:00,38.88,41.14,116.42,76649.4,1,3
2026-05-02 14:45:00,38.91,42.0,117.44,76764.4,0,3
2026-05-02 14:46:00,39.03,42.25,118.07,76573.1,1,3
2026-05-02 14:47:00,39.64,42.78,118.75,76269.7,0,3
2026-05-02 14:48:00,39.02,43.09,119.69,76123.4,1,3
2026-05-02 14:49:00,39.07,40.1,119.99,75930.8,0,3
2026-05-02 14:50:00,39.21,44.05,121.19,75779.6,0,3
2026-05-02 14:51:00,38.85,42.57,121.52,75516.0,0,3
2026-05-02 14:52:00,39.22,42.37,121.39,75354.4,0,3
2026-05-02 14:53:00,39.36,42.24,122.02,75185.6,0,3
2026-05-02 14:54:00,39.57,40.78,122.47,74994.5,1,3
2026-05-02 14:55:00,39.54,42.52,123.07,74840.3,0,3
2026-05-02 14:56:00,39.31,39.83,123.83,74439.8,0,3
2026-05-02 14:57:00,39.17,43.98,124.34,74543.8,0,3
2026-05-02 14:58:00,39.19,42.56,125.04,74279.8,0,3
2026-05-02 14:59:00,39.33,42.57,126.04,73950.6,0,3
2026-05-02 15:00:00,39.23,42.91,126.7,73956.9,0,3
2026-05-02 15:01:00,39.22,41.76,127.25,73775.2,0,3
2026-05-02 15:02:00,39.02,44.1,127.2,73816.2,0,3
2026-05-02 15:03:00,39.42,41.14,129.34,73426.6,0,3
2026-05-02 15:04:00,39.33,40.93,129.05,73393.3,0,3
2026-05-02 15:05:00,39.07,42.68,129.14,73266.3,0,3
2026-05-02 15:06:00,39.64,40.05,129.33,72835.6,0,3
2026-05-02 15:07:00,39.32,41.47,130.74,72704.4,0,3
2026-05-02 15:08:00,38.92,43.03,130.79,72741.8,0,3
2026-05-02 15:09:00,39.51,42.77,131.55,72371.3,0,3
2026-05-02 15:10:00,39.11,42.4,131.81,72174.2,0,3
2026-05-02 15:11:00,39.18,41.27,131.93,71899.6,0,3
2026-05-02 15:12:00,39.24,41.87,132.56,71827.6,0,3
2026-05-02 15:13:00,39.5,41.1,132.67,71537.9,1,3
2026-05-02 15:14:00,39.27,42.11,132.19,71100.6,0,3
2026-05-02 15:15:00,39.44,41.24,131.9,71071.6,0,3
2026-05-02 15:16:00,38.89,41.58,132.15,70750.5,0,3
2026-05-02 15:17:00,39.01,41.26,131.04,70687.9,0,3
2026-05-02 15:18:00,39.29,39.98,130.42,70358.0,0,3
2026-05-02 15:19:00,39.1,43.75,129.82,70296.3,0,3
2026-05-02 15:20:00,39.23,43.13,129.27,70043.6,0,3
2026-05-02 15:21:00,39.47,40.47,129.84,69668.5,0,3
2026-05-02 15:22:00,39.08,43.27,129.21,69539.7,0,2
2026-05-02 15:23:00,39.1,42.52,127.57,69448.7,0,2
2026-05-02 15:24:00,39.31,40.62,126.96,69312.7,0,2
2026-05-02 15:25:00,38.74,41.7,126.39,68865.3,0,2
2026-05-02 15:26:00,39.53,41.69,125.77,68640.2,0,2
2026-05-02 15:27:00,39.3,43.07,124.95,68790.8,0,2
2026-05-02 15:28:00,39.29,42.91,123.88,68329.1,0,2
2026-05-02 15:29:00,39.13,41.77,124.32,68117.3,0,2
2026-05-02 15:30:00,39.43,42.55,124.82,67793.6,1,2
2026-05-02 15:31:00,39.21,42.11,125.11,67680.0,1,2
2026-05-02 15:32:00,39.56,40.94,126.36,67625.4,1,2
2026-05-02 15:33:00,38.82,44.01,126.3,67243.8,1,2
2026-05-02 15:34:00,39.25,42.43,127.04,67103.6,1,2
2026-05-02 15:35:00,39.24,42.87,126.83,66762.1,0,2
2026-05-02 15:36:00,39.3,40.86,127.48,66417.4,0,2
2026-05-02 15:37:00,39.57,41.18,127.44,66235.1,0,2
2026-05-02 15:38:00,38.87,43.76,128.14,65940.8,0,2
2026-05-02 15:39:00,38.86,42.46,129.5,65872.2,0,2
2026-05-02 15:40:00,39.11,42.17,129.99,65771.0,0,2
2026-05-02 15:41:00,38.72,41.72,129.38,65416.4,0,2
2026-05-02 15:42:00,39.76,41.77,129.86,65119.7,0,2
2026-05-02 15:43:00,39.41,40.73,130.54,64818.2,0,2
2026-05-02 15:44:00,39.3,42.62,131.3,64717.0,0,2
2026-05-02 15:45:00,39.36,40.9,132.26,64278.1,0,2
2026-05-02 15:46:00,39.47,41.68,133.46,64041.5,0,2
2026-05-02 15:47:00,39.0,44.5,132.82,64038.4,0,2
2026-05-02 15:48:00,39.05,42.97,131.95,63672.5,0,2
2026-05-02 15:49:00,39.22,41.88,130.9,63433.1,0,2
2026-05-02 15:50:00,39.0,43.63,130.11,63195.4,0,2
2026-05-02 15:51:00,38.88,41.9,129.76,63060.4,0,2
2026-05-02 15:52:00,38.97,41.46,128.63,62777.4,0,2
2026-05-02 15:53:00,39.19,41.9,127.69,62423.2,1,2
2026-05-02 15:54:00,39.31,43.48,127.41,62206.9,0,2
2026-05-02 15:55:00,38.75,44.19,126.61,62015.2,0,2
2026-05-02 15:56:00,39.01,41.98,126.25,61837.9,0,2
2026-05-02 15:57:00,39.04,42.21,125.38,61553.6,0,2
2026-05-02 15:58:00,38.69,43.54,125.0,61290.5,0,2
2026-05-02 15:59:00,39.14,45.32,124.17,61055.6,0,2
2026-05-02 16:00:00,38.99,42.33,122.85,60808.0,0,2
2026-05-02 16:01:00,38.77,44.58,122.79,60476.2,0,2
2026-05-02 16:02:00,38.87,43.08,122.01,60434.4,1,2
2026-05-02 16:03:00,39.11,43.47,121.43,59990.9,0,2
2026-05-02 16:04:00,39.21,43.53,120.67,59800.2,0,2
2026-05-02 16:05:00,39.03,42.76,120.45,59279.7,0,2
2026-05-02 16:06:00,39.41,41.99,120.13,59239.4,0,2
2026-05-02 16:07:00,39.2,42.07,119.91,58890.2,0,2
2026-05-02 16:08:00,39.04,42.96,119.22,58641.3,0,2
2026-05-02 16:09:00,38.72,44.42,118.75,58792.6,0,2
2026-05-02 16:10:00,39.16,43.96,118.49,58270.4,0,2
2026-05-02 16:11:00,38.67,44.51,118.71,58102.2,0,2
2026-05-02 16:12:00,39.03,41.99,118.39,57802.3,0,2
2026-05-02 16:13:00,38.22,43.01,117.51,57543.2,0,2
2026-05-02 16:14:00,38.69,42.04,117.19,57125.2,0,2
2026-05-02 16:15:00,38.45,43.55,116.69,57070.9,0,2
2026-05-02 16:16:00,38.71,44.12,115.39,56706.3,0,2
2026-05-02 16:17:00,38.38,42.79,114.18,56343.1,0,2
2026-05-02 16:18:00,38.76,42.72,113.76,56104.1,0,2
2026-05-02 16:19:00,38.85,43.59,113.37,55805.6,0,2
2026-05-02 16:20:00,38.55,42.84,112.85,55553.9,0,2
2026-05-02 16:21:00,38.61,42.91,112.84,55275.5,0,2
2026-05-02 16:22:00,38.73,44.32,112.05,55040.9,0,2
2026-05-02 16:23:00,38.64,43.13,111.07,54950.5,0,2
2026-05-02 16:24:00,38.97,41.77,110.35,54342.5,0,2
2026-05-02 16:25:00,38.44,43.49,109.72,54369.9,0,2
2026-05-02 16:26:00,38.73,43.5,109.35,53914.0,0,2
2026-05-02 16:27:00,38.64,46.11,108.65,53843.9,0,2
2026-05-02 16:28:00,38.16,45.6,107.38,53365.8,0,2
2026-05-02 16:29:00,38.55,47.06,105.95,53181.0,0,2
2026-05-02 16:30:00,38.49,42.04,105.7,52822.1,0,2
2026-05-02 16:31:00,38.36,45.16,104.9,52315.0,0,2
2026-05-02 16:32:00,38.91,44.59,103.74,52414.8,0,2
2026-05-02 16:33:00,38.76,42.97,103.73,51758.7,0,2
2026-05-02 16:34:00,38.23,43.21,104.11,51546.3,0,2
2026-05-02 16:35:00,38.55,44.11,103.78,51076.6,0,2
2026-05-02 16:36:00,38.56,42.83,103.6,50717.8,0,2
2026-05-02 16:37:00,38.38,42.09,103.43,50511.6,0,2
2026-05-02 16:38:00,38.05,42.23,102.15,50144.4,0,2
2026-05-02 16:39:00,38.06,42.12,102.26,49737.5,0,2
2026-05-02 16:40:00,38.41,43.71,102.51,49550.6,0,2
2026-05-02 16:41:00,38.38,44.28,103.02,49097.1,0,2
2026-05-02 16:42:00,38.15,42.61,102.54,49009.6,0,2
2026-05-02 16:43:00,38.53,43.84,101.76,48698.3,0,2
2026-05-02 16:44:00,38.55,43.8,102.07,48134.5,0,2
2026-05-02 16:45:00,38.52,43.69,102.0,48087.5,0,2
2026-05-02 16:46:00,38.49,44.12,102.09,47924.2,0,2
2026-05-02 16:47:00,38.09,44.13,101.52,47457.5,0,2
2026-05-02 16:48:00,37.73,45.97,101.36,47363.3,0,2
2026-05-02 16:49:00,37.96,44.8,100.62,47070.1,0,2
2026-05-02 16:50:00,37.98,42.52,100.34,46611.9,0,2
2026-05-02 16:51:00,37.83,46.45,99.92,46448.0,0,2
2026-05-02 16:52:00,37.86,43.04,100.66,46263.5,0,2
2026-05-02 16:53:00,37.64,44.48,100.61,45774.0,0,2
2026-05-02 16:54:00,38.08,46.95,99.4,45568.7,0,2
2026-05-02 16:55:00,38.28,44.2,99.14,45445.3,0,2
2026-05-02 16:56:00,38.44,42.4,99.03,44917.9,0,2
2026-05-02 16:57:00,37.87,44.58,98.56,44789.0,0,2
2026-05-02 16:58:00,37.74,44.99,97.82,44317.2,1,2
2026-05-02 16:59:00,37.74,44.6,97.86,44139.8,0,2
2026-05-02 17:00:00,38.06,43.3,97.19,43924.9,0,2
2026-05-02 17:01:00,38.03,42.42,97.19,43294.5,0,2
2026-05-02 17:02:00,37.6,43.16,96.49,43230.4,0,2
2026-05-02 17:03:00,37.93,43.16,96.02,43057.2,0,2
2026-05-02 17:04:00,37.64,46.05,96.2,42743.7,0,2
2026-05-02 17:05:00,37.39,43.39,96.17,42364.6,0,2
2026-05-02 17:06:00,37.5,44.88,95.94,42005.1,0,2
2026-05-02 17:07:00,37.94,45.77,95.69,41923.1,0,2
2026-05-02 17:08:00,37.66,45.26,95.49,41518.9,0,2
2026-05-02 17:09:00,37.32,46.65,94.91,41332.6,0,2
2026-05-02 17:10:00,37.65,43.78,94.03,41022.2,0,2
2026-05-02 17:11:00,37.56,45.36,94.06,40632.1,0,2
2026-05-02 17:12:00,37.28,46.39,94.5,40523.5,0,2
2026-05-02 17:13:00,37.14,46.34,94.53,40032.2,0,2
2026-05-02 17:14:00,37.01,46.45,94.41,39955.0,0,2
2026-05-02 17:15:00,36.85,44.18,93.66,39679.2,0,2
2026-05-02 17:16:00,37.06,46.11,93.82,39354.9,0,2
2026-05-02 17:17:00,37.15,45.78,93.8,38915.4,0,2
2026-05-02 17:18:00,37.47,44.56,93.9,38950.7,0,2
2026-05-02 17:19:00,37.33,44.21,94.12,38371.1,0,2
2026-05-02 17:20:00,37.14,45.74,94.56,38089.6,0,2
2026-05-02 17:21:00,36.59,44.79,93.84,37765.7,0,2
2026-05-02 17:22:00,37.1,44.75,93.05,37340.3,0,2
2026-05-02 17:23:00,36.58,47.12,92.89,37338.8,0,2
2026-05-02 17:24:00,37.17,46.41,92.27,36822.1,0,2
2026-05-02 17:25:00,37.15,45.77,91.58,36708.5,0,2
2026-05-02 17:26:00,36.9,44.99,91.9,36444.5,0,2
2026-05-02 17:27:00,37.06,43.99,91.25,36085.1,0,2
2026-05-02 17:28:00,37.07,44.37,91.04,35636.9,0,2
2026-05-02 17:29:00,36.81,47.21,90.14,35386.2,0,2
2026-05-02 17:30:00,36.71,46.04,89.97,34813.1,0,2
2026-05-02 17:31:00,36.38,46.15,90.29,34827.6,0,2
2026-05-02 17:32:00,36.59,46.17,90.62,34645.2,0,2
2026-05-02 17:33:00,36.39,47.07,90.86,34227.6,0,2
2026-05-02 17:34:00,36.35,45.07,90.62,33892.6,0,2
2026-05-02 17:35:00,36.39,45.67,90.9,33635.1,0,2
2026-05-02 17:36:00,36.04,47.51,90.87,33524.1,0,2
2026-05-02 17:37:00,36.74,46.05,90.47,33079.3,0,2
2026-05-02 17:38:00,36.52,47.41,90.42,33016.4,0,2
2026-05-02 17:39:00,36.71,46.7,90.6,32432.7,0,2
2026-05-02 17:40:00,36.59,45.05,89.81,32235.0,0,2
2026-05-02 17:41:00,36.47,42.13,89.15,31864.9,0,2
2026-05-02 17:42:00,36.51,46.33,88.89,31874.0,0,2
2026-05-02 17:43:00,36.31,45.11,88.18,31354.9,0,2
2026-05-02 17:44:00,36.56,46.62,87.46,31297.1,0,2
2026-05-02 17:45:00,36.07,48.61,87.1,30699.9,0,2
2026-05-02 17:46:00,36.15,45.35,87.36,30642.4,0,2
2026-05-02 17:47:00,36.05,47.51,87.61,30182.2,0,2
2026-05-02 17:48:00,36.58,47.03,87.57,29977.6,0,2
2026-05-02 17:49:00,35.88,47.38,87.47,29440.3,0,2
2026-05-02 17:50:00,36.32,46.75,88.19,29338.1,0,2
2026-05-02 17:51:00,35.62,44.85,87.76,28877.9,0,2
2026-05-02 17:52:00,35.94,46.96,87.68,28747.2,0,2
2026-05-02 17:53:00,35.83,47.03,87.24,28244.5,0,2
2026-05-02 17:54:00,35.58,48.65,86.5,28126.1,0,2
2026-05-02 17:55:00,35.63,48.48,86.84,27979.9,0,2
2026-05-02 17:56:00,35.88,46.36,86.53,27625.5,0,2
2026-05-02 17:57:00,35.62,45.05,86.65,27123.3,0,2
2026-05-02 17:58:00,35.42,45.69,86.37,26755.6,0,2
2026-05-02 17:59:00,35.85,48.7,86.73,26755.3,0,2
2026-05-02 18:00:00,35.58,47.3,86.12,26598.1,0,2
2026-05-02 18:01:00,35.62,45.59,86.45,26005.8,0,2
2026-05-02 18:02:00,35.77,45.54,86.66,26086.6,0,2
2026-05-02 18:03:00,35.84,47.3,85.7,25548.0,0,2
2026-05-02 18:04:00,34.84,48.57,85.3,25028.0,0,2
2026-05-02 18:05:00,35.34,49.71,85.58,24790.4,0,2
2026-05-02 18:06:00,34.9,48.24,86.11,24785.2,0,2
2026-05-02 18:07:00,35.96,47.32,86.24,24424.0,0,2
2026-05-02 18:08:00,35.27,47.77,85.89,24302.3,0,2
2026-05-02 18:09:00,35.44,48.57,85.29,23697.2,0,2
2026-05-02 18:10:00,34.99,50.32,85.36,23572.2,0,2
2026-05-02 18:11:00,35.01,49.31,85.01,23276.4,0,2
2026-05-02 18:12:00,35.33,50.1,84.67,22976.5,0,2
2026-05-02 18:13:00,35.14,48.65,84.41,22666.3,0,2
2026-05-02 18:14:00,35.39,45.75,84.63,22387.8,0,2
2026-05-02 18:15:00,34.71,47.61,85.24,22172.0,0,2
2026-05-02 18:16:00,34.82,49.43,85.5,21907.7,0,2
2026-05-02 18:17:00,34.96,47.96,85.33,21622.5,0,2
2026-05-02 18:18:00,34.95,48.27,84.76,21458.4,0,2
2026-05-02 18:19:00,34.85,47.44,84.87,20891.6,0,2
2026-05-02 18:20:00,34.37,50.82,85.41,20541.1,0,2
2026-05-02 18:21:00,34.41,50.86,85.66,20604.0,0,2
2026-05-02 18:22:00,34.69,48.36,85.56,20092.7,0,2
2026-05-02 18:23:00,34.17,49.1,85.16,19885.2,0,2
2026-05-02 18:24:00,34.29,50.73,85.13,19582.7,0,2
2026-05-02 18:25:00,34.47,50.19,85.44,19306.2,0,2
2026-05-02 18:26:00,34.22,47.33,85.35,18934.1,0,1
2026-05-02 18:27:00,34.43,49.82,85.12,18768.4,0,1
2026-05-02 18:28:00,34.3,49.78,84.63,18643.0,0,1
2026-05-02 18:29:00,34.08,49.72,85.57,18293.7,0,1
2026-05-02 18:30:00,34.04,48.5,84.99,18084.6,0,1
2026-05-02 18:31:00,34.5,47.87,84.37,17695.2,0,1
2026-05-02 18:32:00,34.23,45.56,84.27,17594.6,0,1
2026-05-02 18:33:00,34.15,48.61,84.0,17157.6,0,1
2026-05-02 18:34:00,34.05,47.17,84.26,16698.8,0,1
2026-05-02 18:35:00,33.76,49.29,84.54,16723.9,0,1
2026-05-02 18:36:00,33.8,50.36,83.83,16512.9,0,1
2026-05-02 18:37:00,33.29,49.19,83.33,16089.5,0,1
2026-05-02 18:38:00,33.68,51.64,82.78,16037.3,0,1
2026-05-02 18:39:00,33.64,52.45,82.95,15529.0,0,1
2026-05-02 18:40:00,33.88,50.05,82.97,15450.2,0,1
2026-05-02 18:41:00,33.55,50.97,82.65,15318.6,0,1
2026-05-02 18:42:00,33.84,47.88,82.58,14854.3,0,1
2026-05-02 18:43:00,33.53,50.47,81.93,14564.2,0,1
2026-05-02 18:44:00,33.59,48.49,81.45,14321.3,0,1
2026-05-02 18:45:00,33.49,48.24,80.74,14273.0,0,1
2026-05-02 18:46:00,33.63,48.6,80.67,13870.6,0,1
2026-05-02 18:47:00,33.7,49.83,80.59,13825.4,0,1
2026-05-02 18:48:00,33.11,50.8,80.03,13348.4,0,1
2026-05-02 18:49:00,33.74,49.87,80.08,12984.4,0,1
2026-05-02 18:50:00,33.04,49.55,80.41,12741.9,0,1
2026-05-02 18:51:00,33.16,50.91,79.83,12569.5,0,1
2026-05-02 18:52:00,33.02,50.14,79.56,12068.6,0,1
2026-05-02 18:53:00,33.48,50.48,79.65,12009.1,0,1
2026-05-02 18:54:00,32.79,51.01,79.52,11765.5,0,1
2026-05-02 18:55:00,33.18,48.58,78.8,11603.6,0,1
2026-05-02 18:56:00,32.4,51.02,78.5,11564.1,0,1
2026-05-02 18:57:00,33.11,51.5,78.18,11095.2,0,1
2026-05-02 18:58:00,32.81,52.28,78.0,10616.7,0,1
2026-05-02 18:59:00,32.71,49.93,77.84,10497.9,0,1
2026-05-02 19:00:00,32.58,50.67,78.41,10400.5,0,1
2026-05-02 19:01:00,32.69,50.9,78.2,10143.0,0,1
2026-05-02 19:02:00,32.56,53.02,77.35,10091.0,0,1
2026-05-02 19:03:00,32.23,52.64,77.29,9776.8,1,1
2026-05-02 19:04:00,32.36,50.37,77.94,9540.3,0,1
2026-05-02 19:05:00,32.7,52.01,77.76,9171.1,0,1
2026-05-02 19:06:00,32.35,53.43,77.46,9099.0,0,1
2026-05-02 19:07:00,32.2,52.38,77.23,8631.0,1,1
2026-05-02 19:08:00,32.36,50.96,77.38,8627.7,0,1
2026-05-02 19:09:00,32.42,52.83,77.14,8252.1,0,1
2026-05-02 19:10:00,32.41,52.05,76.38,7888.3,0,1
2026-05-02 19:11:00,32.28,51.71,76.0,7911.0,0,1
2026-05-02 19:12:00,32.45,52.84,75.89,7786.8,0,1
2026-05-02 19:13:00,32.11,52.24,76.03,7351.4,0,1
2026-05-02 19:14:00,31.99,52.52,75.7,7370.4,0,1
2026-05-02 19:15:00,32.21,53.14,75.48,6768.6,0,1
2026-05-02 19:16:00,31.77,52.13,75.42,6609.8,0,1
2026-05-02 19:17:00,31.79,51.31,75.01,6523.8,0,1
2026-05-02 19:18:00,31.44,53.57,74.89,6286.7,0,1
2026-05-02 19:19:00,32.24,53.93,75.02,6042.8,0,1
2026-05-02 19:20:00,32.26,49.31,74.43,5932.4,0,1
2026-05-02 19:21:00,31.64,53.78,74.5,5648.3,0,1
2026-05-02 19:22:00,31.83,52.68,73.96,5466.1,0,1
2026-05-02 19:23:00,31.76,52.09,73.43,5342.0,0,1
2026-05-02 19:24:00,31.58,52.21,73.09,5029.9,0,1
2026-05-02 19:25:00,31.79,53.78,73.63,4900.8,0,1
2026-05-02 19:26:00,31.12,54.45,72.83,4641.7,0,1
2026-05-02 19:27:00,31.34,52.08,72.58,4382.4,0,1
2026-05-02 19:28:00,30.81,54.43,72.53,4428.7,0,1
2026-05-02 19:29:00,31.03,55.41,72.99,4354.3,0,1
2026-05-02 19:30:00,30.82,54.89,73.77,4091.7,0,1
2026-05-02 19:31:00,30.72,52.19,73.53,3820.8,0,1
2026-05-02 19:32:00,31.0,54.57,73.7,3523.4,0,1
2026-05-02 19:33:00,31.17,52.07,73.6,3387.8,0,1
2026-05-02 19:34:00,30.86,54.26,73.49,3373.5,0,1
2026-05-02 19:35:00,30.84,53.13,73.54,2800.0,0,1
2026-05-02 19:36:00,30.74,54.65,72.8,2859.9,0,1
2026-05-02 19:37:00,30.91,53.13,72.72,2824.0,1,1
2026-05-02 19:38:00,30.67,53.01,72.87,2434.7,0,1
2026-05-02 19:39:00,30.52,54.86,72.44,2460.3,0,1
2026-05-02 19:40:00,30.95,54.01,72.59,2295.9,0,1
2026-05-02 19:41:00,30.45,55.56,71.79,1920.5,0,1
2026-05-02 19:42:00,30.3,54.15,71.79,1952.9,0,1
2026-05-02 19:43:00,30.75,52.34,72.33,1719.2,0,1
2026-05-02 19:44:00,30.09,55.88,72.19,1697.5,0,1
2026-05-02 19:45:00,30.77,55.86,71.72,1585.8,0,1
2026-05-02 19:46:00,30.15,54.29,71.06,1414.8,1,1
2026-05-02 19:47:00,30.38,55.25,71.2,1241.0,0,1
2026-05-02 19:48:00,30.06,54.74,71.56,1136.4,0,1
2026-05-02 19:49:00,30.26,57.16,71.5,834.3,0,1
2026-05-02 19:50:00,30.08,54.46,71.26,850.0,0,1
2026-05-02 19:51:00,29.91,55.27,70.39,641.1,0,1
2026-05-02 19:52:00,29.7,53.19,70.42,748.5,0,1
2026-05-02 19:53:00,29.92,57.2,70.09,600.2,0,1
2026-05-02 19:54:00,30.12,54.39,69.8,499.3,0,1
2026-05-02 19:55:00,30.12,56.59,70.48,529.2,0,1
2026-05-02 19:56:00,29.72,54.79,69.68,197.2,0,1
2026-05-02 19:57:00,29.67,55.57,68.94,92.4,0,1
2026-05-02 19:58:00,29.75,54.61,69.04,47.3,0,1
2026-05-02 19:59:00,29.74,54.44,68.86,0.0,0,1
2026-05-02 20:00:00,29.69,55.28,68.63,0.0,0,1
2026-05-02 20:01:00,29.53,55.69,68.75,74.5,0,1
2026-05-02 20:02:00,29.5,55.46,68.86,0.0,0,1
2026-05-02 20:03:00,29.47,54.12,68.43,0.0,0,1
2026-05-02 20:04:00,28.88,57.1,68.17,0.0,0,1
2026-05-02 20:05:00,29.34,53.78,68.2,0.0,0,1
2026-05-02 20:06:00,29.58,55.38,68.27,106.3,0,1
2026-05-02 20:07:00,29.68,53.75,68.48,7.3,0,1
2026-05-02 20:08:00,29.58,56.87,68.23,0.0,0,1
2026-05-02 20:09:00,29.26,57.72,68.38,116.6,0,1
2026-05-02 20:10:00,28.89,57.47,68.79,87.5,0,1
2026-05-02 20:11:00,28.99,56.04,68.8,0.0,0,1
2026-05-02 20:12:00,28.89,55.86,68.74,30.3,0,1
2026-05-02 20:13:00,28.68,56.75,68.63,0.0,0,1
2026-05-02 20:14:00,28.74,56.9,68.36,0.0,0,1
2026-05-02 20:15:00,28.74,57.54,67.95,224.3,0,1
2026-05-02 20:16:00,28.53,57.74,67.83,14.9,0,1
2026-05-02 20:17:00,29.06,54.07,68.02,0.0,0,1
2026-05-02 20:18:00,28.93,57.5,67.64,10.2,0,1
2026-05-02 20:19:00,28.71,57.47,67.61,104.9,0,1
2026-05-02 20:20:00,28.77,55.99,67.54,0.0,0,1
2026-05-02 20:21:00,28.7,55.86,68.31,0.0,1,1
2026-05-02 20:22:00,28.39,57.53,68.62,78.8,0,1
2026-05-02 20:23:00,28.97,56.86,68.91,0.0,0,1
2026-05-02 20:24:00,28.28,56.29,69.29,118.9,0,1
2026-05-02 20:25:00,28.0,58.07,69.03,0.0,0,1
2026-05-02 20:26:00,28.41,57.65,69.61,0.0,0,1
2026-05-02 20:27:00,28.46,58.38,69.65,0.0,0,1
2026-05-02 20:28:00,28.19,57.59,69.6,0.0,0,1
2026-05-02 20:29:00,28.53,54.82,69.05,155.7,0,1
2026-05-02 20:30:00,28.22,58.0,68.86,125.3,0,1
2026-05-02 20:31:00,27.92,56.09,68.08,138.2,0,1
2026-05-02 20:32:00,27.92,57.09,67.97,0.0,0,1
2026-05-02 20:33:00,28.06,56.29,67.72,0.0,0,1
2026-05-02 20:34:00,28.0,58.6,67.54,40.8,0,1
2026-05-02 20:35:00,28.23,56.37,66.95,85.8,0,1
2026-05-02 20:36:00,28.09,59.08,67.26,0.0,0,1
2026-05-02 20:37:00,27.44,57.4,67.52,0.0,0,1
2026-05-02 20:38:00,27.74,55.95,68.25,0.0,0,1
2026-05-02 20:39:00,27.42,58.39,68.96,199.0,0,1
2026-05-02 20:40:00,28.05,56.34,69.0,0.0,0,1
2026-05-02 20:41:00,27.39,60.43,69.42,3.8,0,1
2026-05-02 20:42:00,27.64,57.69,69.5,10.0,0,1
2026-05-02 20:43:00,27.37,60.27,69.29,132.7,0,1
2026-05-02 20:44:00,27.0,59.03,69.14,0.0,0,1
2026-05-02 20:45:00,27.13,59.64,69.39,140.2,0,1
2026-05-02 20:46:00,27.34,58.29,71.13,0.0,0,1
2026-05-02 20:47:00,27.5,61.56,71.57,139.9,0,1
2026-05-02 20:48:00,27.44,57.41,71.62,0.0,0,1
2026-05-02 20:49:00,26.93,55.84,71.76,0.0,0,1
2026-05-02 20:50:00,27.29,59.3,71.9,195.1,0,1
2026-05-02 20:51:00,27.4,57.6,71.79,83.7,0,1
2026-05-02 20:52:00,27.25,59.3,72.05,50.5,0,1
2026-05-02 20:53:00,26.98,59.34,71.91,0.0,0,1
2026-05-02 20:54:00,27.04,58.71,71.4,0.0,0,1
2026-05-02 20:55:00,27.02,58.88,71.55,161.3,1,1
2026-05-02 20:56:00,27.29,59.49,71.75,56.7,0,1
2026-05-02 20:57:00,27.32,58.52,71.62,106.8,0,1
2026-05-02 20:58:00,27.01,59.21,71.69,8.9,0,1
2026-05-02 20:59:00,26.81,59.06,72.03,0.0,0,1
2026-05-02 21:00:00,26.75,61.71,71.94,92.0,0,1
2026-05-02 21:01:00,26.73,61.35,71.67,54.8,0,1
2026-05-02 21:02:00,26.72,58.03,71.3,3.3,1,1
2026-05-02 21:03:00,26.49,60.11,71.12,0.0,0,1
2026-05-02 21:04:00,27.07,58.32,71.72,138.1,0,1
2026-05-02 21:05:00,26.34,58.83,71.57,76.5,0,1
2026-05-02 21:06:00,26.82,55.82,71.66,0.0,0,1
2026-05-02 21:07:00,25.9,60.55,71.45,165.2,0,1
2026-05-02 21:08:00,26.34,60.03,71.2,52.9,0,1
2026-05-02 21:09:00,26.28,62.03,70.76,55.3,0,1
2026-05-02 21:10:00,26.38,61.52,70.75,129.7,0,1
2026-05-02 21:11:00,26.19,61.12,70.47,80.2,0,1
2026-05-02 21:12:00,26.59,60.86,70.96,35.2,0,1
2026-05-02 21:13:00,26.14,61.62,70.86,0.0,0,1
2026-05-02 21:14:00,25.9,61.52,70.78,238.0,0,1
2026-05-02 21:15:00,25.88,62.63,70.64,0.0,0,1
2026-05-02 21:16:00,25.96,59.33,70.74,89.5,0,1
2026-05-02 21:17:00,26.22,59.9,71.33,0.0,0,1
2026-05-02 21:18:00,26.23,59.73,70.81,54.6,0,1
2026-05-02 21:19:00,25.66,60.61,70.87,148.0,0,1
2026-05-02 21:20:00,25.73,61.0,70.14,0.0,0,1
2026-05-02 21:21:00,25.62,63.29,70.61,72.2,0,1
2026-05-02 21:22:00,25.78,62.18,70.51,31.9,0,1
2026-05-02 21:23:00,26.05,62.19,69.81,0.0,0,1
2026-05-02 21:24:00,25.82,60.96,69.21,151.0,0,1
2026-05-02 21:25:00,25.88,60.82,69.53,85.3,0,1
2026-05-02 21:26:00,25.89,61.65,68.77,0.0,0,1
2026-05-02 21:27:00,25.52,61.99,68.85,132.4,0,1
2026-05-02 21:28:00,25.31,62.28,68.64,0.0,0,1
2026-05-02 21:29:00,25.45,64.35,68.52,0.0,0,1
2026-05-02 21:30:00,25.77,61.83,68.2,0.0,0,1
2026-05-02 21:31:00,25.68,60.3,67.77,90.2,0,1
2026-05-02 21:32:00,25.52,60.63,67.54,0.0,0,1
2026-05-02 21:33:00,25.7,62.23,67.78,91.0,0,1
2026-05-02 21:34:00,25.47,62.46,67.63,71.3,0,1
2026-05-02 21:35:00,25.32,62.93,67.8,0.0,0,1
2026-05-02 21:36:00,24.98,62.85,67.68,219.6,0,1
2026-05-02 21:37:00,25.66,60.03,67.92,0.0,0,1
2026-05-02 21:38:00,25.29,63.64,68.08,0.0,0,1
2026-05-02 21:39:00,25.17,63.57,67.82,102.7,0,1
2026-05-02 21:40:00,25.23,61.41,67.39,0.0,0,1
2026-05-02 21:41:00,25.61,61.79,67.79,179.0,0,1
2026-05-02 21:42:00,25.45,61.79,67.42,12.2,0,1
2026-05-02 21:43:00,25.09,61.63,67.62,0.0,0,1
2026-05-02 21:44:00,25.27,60.43,67.62,0.0,0,1
2026-05-02 21:45:00,25.44,62.28,67.4,0.0,0,1
2026-05-02 21:46:00,25.2,60.14,67.57,45.9,0,1
2026-05-02 21:47:00,25.12,61.32,68.5,0.0,0,2
2026-05-02 21:48:00,24.54,64.9,69.16,76.2,0,2
2026-05-02 21:49:00,25.35,62.21,69.58,0.0,0,2
2026-05-02 21:50:00,24.76,62.99,70.84,0.0,0,2
2026-05-02 21:51:00,24.53,62.5,70.56,77.1,0,2
2026-05-02 21:52:00,24.53,60.99,70.66,90.8,0,2
2026-05-02 21:53:00,24.75,63.05,71.01,153.5,1,2
2026-05-02 21:54:00,25.06,62.71,72.16,0.0,1,2
2026-05-02 21:55:00,25.21,62.86,72.92,12.4,1,2
2026-05-02 21:56:00,24.99,61.75,72.57,0.0,1,2
2026-05-02 21:57:00,25.32,61.26,72.93,19.6,1,2
2026-05-02 21:58:00,24.77,63.21,72.96,0.0,0,2
2026-05-02 21:59:00,24.79,60.98,73.52,0.0,0,2
2026-05-02 22:00:00,24.37,64.06,74.51,0.0,0,2
2026-05-02 22:01:00,24.67,62.47,75.43,35.2,0,2
2026-05-02 22:02:00,24.29,63.55,75.99,0.4,0,3
2026-05-02 22:03:00,24.45,65.0,76.26,60.8,0,3
2026-05-02 22:04:00,24.93,61.98,76.66,0.0,0,3
2026-05-02 22:05:00,24.33,63.3,77.31,0.0,1,3
2026-05-02 22:06:00,24.34,63.16,78.71,23.0,0,3
2026-05-02 22:07:00,24.29,60.82,78.51,0.0,1,3
2026-05-02 22:08:00,24.91,63.06,79.51,68.3,1,3
2026-05-02 22:09:00,25.11,59.24,79.99,0.0,1,3
2026-05-02 22:10:00,24.67,63.57,80.83,24.5,1,3
2026-05-02 22:11:00,24.91,61.5,81.37,26.4,1,3
2026-05-02 22:12:00,24.37,62.2,82.41,192.2,1,3
2026-05-02 22:13:00,24.96,62.22,83.05,45.8,1,3
2026-05-02 22:14:00,24.46,61.37,83.16,8.8,1,3
2026-05-02 22:15:00,24.79,62.36,83.75,0.0,1,3
2026-05-02 22:16:00,24.61,61.44,84.66,96.3,0,3
2026-05-02 22:17:00,24.12,61.88,84.94,0.0,0,3
2026-05-02 22:18:00,24.37,62.82,84.48,0.0,0,3
2026-05-02 22:19:00,24.62,64.2,84.93,0.0,0,3
2026-05-02 22:20:00,24.11,64.32,85.33,23.0,0,3
2026-05-02 22:21:00,24.63,62.06,85.84,0.0,0,3
2026-05-02 22:22:00,24.19,63.13,85.98,0.0,0,3
2026-05-02 22:23:00,24.67,62.0,86.98,0.0,0,3
2026-05-02 22:24:00,24.19,61.9,86.49,0.0,0,3
2026-05-02 22:25:00,24.63,61.46,87.04,148.2,0,3
2026-05-02 22:26:00,24.72,62.92,87.55,0.0,0,3
2026-05-02 22:27:00,24.46,62.08,88.92,262.9,0,3
2026-05-02 22:28:00,24.47,62.86,89.22,14.9,0,3
2026-05-02 22:29:00,24.86,61.18,89.9,88.4,0,3
2026-05-02 22:30:00,24.28,64.16,90.41,34.2,0,3
2026-05-02 22:31:00,24.34,63.9,90.74,0.0,0,3
2026-05-02 22:32:00,24.62,64.6,91.27,0.0,0,3
2026-05-02 22:33:00,24.56,64.45,90.56,0.0,0,3
2026-05-02 22:34:00,24.38,61.96,90.04,138.1,0,4
2026-05-02 22:35:00,24.13,62.38,90.15,0.0,0,3
2026-05-02 22:36:00,24.67,63.08,90.03,0.0,0,4
2026-05-02 22:37:00,24.11,62.38,89.69,19.8,0,3
2026-05-02 22:38:00,24.98,62.51,89.44,56.7,0,3
2026-05-02 22:39:00,24.1,63.04,89.61,53.1,0,3
2026-05-02 22:40:00,24.12,64.53,89.6,0.0,0,3
2026-05-02 22:41:00,24.47,64.07,89.07,0.0,0,1
2026-05-02 22:42:00,24.52,62.51,88.96,64.7,0,1
2026-05-02 22:43:00,24.13,61.23,88.72,172.0,0,1
2026-05-02 22:44:00,24.79,63.71,88.71,0.0,0,1
2026-05-02 22:45:00,24.44,62.25,88.36,0.0,0,1
2026-05-02 22:46:00,24.29,63.17,87.63,0.0,0,1
2026-05-02 22:47:00,24.44,62.82,87.72,47.3,0,1
2026-05-02 22:48:00,24.64,63.17,87.75,0.0,0,4
2026-05-02 22:49:00,24.73,61.83,88.16,168.9,0,4
2026-05-02 22:50:00,24.37,61.74,87.38,111.0,0,1
2026-05-02 22:51:00,24.0,63.79,87.15,22.1,0,4
2026-05-02 22:52:00,24.0,64.6,86.85,0.0,0,1
2026-05-02 22:53:00,23.95,63.52,86.49,0.0,0,4
2026-05-02 22:54:00,24.14,63.26,85.63,0.0,0,1
2026-05-02 22:55:00,24.3,61.75,84.99,0.0,0,1
2026-05-02 22:56:00,24.34,63.74,84.94,22.9,0,1
2026-05-02 22:57:00,24.56,63.52,84.55,25.4,0,4
2026-05-02 22:58:00,23.76,63.81,84.03,0.0,0,4
2026-05-02 22:59:00,24.27,62.06,84.49,96.6,0,1
2026-05-02 23:00:00,24.38,63.17,85.34,1.9,0,1
2026-05-02 23:01:00,23.56,64.42,85.14,42.9,0,4
2026-05-02 23:02:00,24.37,63.04,84.31,89.4,0,1
2026-05-02 23:03:00,24.93,61.0,84.32,0.0,0,1
2026-05-02 23:04:00,24.44,63.29,83.25,151.1,0,1
2026-05-02 23:05:00,24.32,63.35,82.51,0.0,0,1
2026-05-02 23:06:00,24.17,63.87,82.55,181.5,0,1
2026-05-02 23:07:00,24.29,63.03,81.8,0.0,0,4
2026-05-02 23:08:00,24.61,64.29,81.54,172.6,0,1
2026-05-02 23:09:00,24.13,63.41,80.77,0.0,0,1
2026-05-02 23:10:00,24.52,64.55,80.67,305.9,0,1
2026-05-02 23:11:00,24.33,63.41,81.04,0.0,0,1
2026-05-02 23:12:00,24.62,61.35,80.64,126.8,0,1
2026-05-02 23:13:00,24.48,63.94,80.51,0.0,0,4
2026-05-02 23:14:00,24.25,62.82,80.04,85.8,0,1
2026-05-02 23:15:00,24.23,62.75,79.6,0.0,0,1
2026-05-02 23:16:00,24.11,64.69,79.14,0.0,0,1
2026-05-02 23:17:00,24.43,61.5,79.37,0.0,0,1
2026-05-02 23:18:00,24.04,61.45,78.65,322.4,0,1
2026-05-02 23:19:00,24.21,63.04,78.41,30.2,0,1
2026-05-02 23:20:00,24.13,63.78,78.49,0.0,0,1
2026-05-02 23:21:00,23.84,64.87,78.79,57.8,0,1
2026-05-02 23:22:00,24.23,63.46,78.88,128.4,0,1
2026-05-02 23:23:00,23.79,61.2,78.74,0.0,0,1
2026-05-02 23:24:00,24.05,62.36,78.39,0.0,0,1
2026-05-02 23:25:00,24.33,61.63,78.69,43.3,0,1
2026-05-02 23:26:00,24.2,61.06,78.21,190.0,0,1
2026-05-02 23:27:00,24.19,63.13,77.75,57.6,0,1
2026-05-02 23:28:00,23.94,64.3,78.24,199.8,0,1
2026-05-02 23:29:00,24.41,64.19,78.29,159.9,0,1
2026-05-02 23:30:00,23.92,64.3,78.36,0.0,0,4
2026-05-02 23:31:00,24.32,62.48,78.52,0.0,0,1
2026-05-02 23:32:00,24.47,64.25,78.37,0.0,0,1
2026-05-02 23:33:00,23.76,63.69,77.64,63.2,1,1
2026-05-02 23:34:00,24.03,63.62,77.65,7.2,0,1
2026-05-02 23:35:00,24.01,62.79,77.55,76.1,0,1
2026-05-02 23:36:00,24.2,63.03,77.08,103.6,0,1
2026-05-02 23:37:00,23.89,63.24,76.52,63.7,0,1
2026-05-02 23:38:00,23.83,62.17,76.42,0.0,0,1
2026-05-02 23:39:00,24.11,64.21,75.76,79.8,0,1
2026-05-02 23:40:00,23.98,63.83,75.62,285.6,0,1
2026-05-02 23:41:00,24.08,64.44,75.44,0.0,0,1
2026-05-02 23:42:00,24.34,62.28,75.32,75.9,1,1
2026-05-02 23:43:00,23.71,64.85,75.42,237.2,0,4
2026-05-02 23:44:00,24.09,61.6,75.62,0.0,0,4
2026-05-02 23:45:00,23.96,64.3,75.24,137.5,0,1
2026-05-02 23:46:00,24.12,64.25,75.55,153.6,0,1
2026-05-02 23:47:00,23.96,62.41,75.38,0.0,0,1
2026-05-02 23:48:00,23.81,65.0,76.07,85.5,0,4
2026-05-02 23:49:00,24.21,65.0,75.73,0.0,0,1
2026-05-02 23:50:00,24.8,61.79,74.96,0.0,0,4
2026-05-02 23:51:00,24.08,65.0,75.25,0.0,0,1
2026-05-02 23:52:00,23.92,61.67,75.36,157.5,0,1
2026-05-02 23:53:00,23.92,63.55,75.8,0.0,0,1
2026-05-02 23:54:00,24.33,60.0,75.85,0.0,0,4
2026-05-02 23:55:00,23.88,64.88,76.78,0.0,0,1
2026-05-02 23:56:00,24.42,61.17,76.6,0.0,1,4
2026-05-02 23:57:00,23.69,61.7,76.95,0.0,0,1
2026-05-02 23:58:00,24.14,63.71,76.63,0.0,0,1
2026-05-02 23:59:00,24.26,64.48,76.74,35.1,0,1
2026-05-03 00:00:00,24.28,62.72,76.93,69.5,0,1
2026-05-03 00:01:00,24.26,63.39,77.19,165.5,0,1
2026-05-03 00:02:00,24.16,65.0,77.41,49.9,0,1
2026-05-03 00:03:00,24.38,61.93,75.91,0.0,0,1
2026-05-03 00:04:00,23.84,62.65,75.79,0.0,0,1
2026-05-03 00:05:00,23.93,65.0,75.45,56.3,0,1
2026-05-03 00:06:00,23.99,63.89,75.2,6.9,0,4
2026-05-03 00:07:00,24.46,64.67,75.0,0.0,0,1
2026-05-03 00:08:00,24.2,61.76,75.34,31.5,0,1
2026-05-03 00:09:00,24.25,61.1,75.34,62.3,0,1
2026-05-03 00:10:00,24.04,61.83,75.04,32.4,0,1
2026-05-03 00:11:00,24.29,64.05,74.32,0.0,0,1
2026-05-03 00:12:00,23.69,65.0,74.91,0.0,0,1
2026-05-03 00:13:00,23.98,64.91,74.55,0.0,0,1
2026-05-03 00:14:00,24.03,64.23,74.42,101.8,0,1
2026-05-03 00:15:00,23.96,65.0,75.27,0.0,0,1
2026-05-03 00:16:00,24.0,62.87,74.91,0.0,0,1
2026-05-03 00:17:00,24.21,60.92,74.71,139.1,0,1
2026-05-03 00:18:00,24.14,61.47,74.73,0.0,0,1
2026-05-03 00:19:00,24.37,61.33,73.96,4.2,0,1
2026-05-03 00:20:00,23.55,61.9,73.14,58.9,0,1
2026-05-03 00:21:00,24.45,61.34,72.88,0.4,0,1
2026-05-03 00:22:00,23.91,62.61,72.63,0.0,0,1
2026-05-03 00:23:00,24.4,63.76,72.64,46.9,0,4
2026-05-03 00:24:00,23.97,63.99,72.16,159.2,0,1
2026-05-03 00:25:00,24.17,65.0,72.3,94.4,0,1
2026-05-03 00:26:00,23.81,62.38,71.32,0.0,0,1
2026-05-03 00:27:00,23.77,64.37,71.26,255.3,0,1
2026-05-03 00:28:00,24.22,64.87,71.38,0.0,0,1
2026-05-03 00:29:00,23.41,63.81,71.49,0.0,0,1
2026-05-03 00:30:00,23.77,63.39,71.38,93.8,0,1
2026-05-03 00:31:00,24.27,64.88,71.06,54.3,0,1
2026-05-03 00:32:00,23.97,63.21,70.94,9.6,0,1
2026-05-03 00:33:00,23.86,65.0,71.44,0.0,0,4
2026-05-03 00:34:00,24.46,61.18,71.14,159.7,0,1
2026-05-03 00:35:00,24.55,64.78,71.53,0.0,0,4
2026-05-03 00:36:00,24.08,65.0,71.98,0.0,0,1
2026-05-03 00:37:00,24.4,61.9,71.18,147.9,1,1
2026-05-03 00:38:00,24.46,62.59,71.09,26.3,0,1
2026-05-03 00:39:00,24.08,62.0,70.63,133.8,0,1
2026-05-03 00:40:00,23.95,63.07,69.95,68.7,0,4
2026-05-03 00:41:00,24.1,61.58,70.27,303.4,0,1
2026-05-03 00:42:00,23.72,61.86,70.45,0.0,0,4
2026-05-03 00:43:00,24.22,61.78,70.53,18.4,0,1
2026-05-03 00:44:00,24.0,64.84,70.04,102.8,0,1
2026-05-03 00:45:00,24.1,61.23,70.1,0.0,0,1
2026-05-03 00:46:00,24.09,65.0,69.51,112.8,0,1
2026-05-03 00:47:00,23.87,64.88,69.53,0.0,0,1
2026-05-03 00:48:00,24.07,65.0,69.23,7.7,0,4
2026-05-03 00:49:00,23.74,64.37,69.67,4.1,0,1
2026-05-03 00:50:00,23.96,65.0,69.49,0.0,0,1
2026-05-03 00:51:00,23.8,62.15,69.57,0.0,0,1
2026-05-03 00:52:00,23.86,65.0,69.65,108.7,0,1
2026-05-03 00:53:00,23.52,65.0,69.6,0.0,0,1
2026-05-03 00:54:00,23.97,63.32,69.62,24.0,0,1
2026-05-03 00:55:00,24.2,63.25,69.73,0.0,0,1
2026-05-03 00:56:00,24.13,62.32,69.32,60.0,0,1
2026-05-03 00:57:00,24.35,63.18,69.48,194.2,0,1
2026-05-03 00:58:00,23.84,64.04,69.83,45.9,0,1
2026-05-03 00:59:00,23.96,60.82,69.98,123.4,0,1
2026-05-03 01:00:00,24.31,63.9,69.79,39.9,0,1
2026-05-03 01:01:00,24.06,64.84,69.84,0.0,0,1
2026-05-03 01:02:00,24.13,62.36,69.66,5.5,0,1
2026-05-03 01:03:00,24.61,62.23,69.58,0.0,0,1
2026-05-03 01:04:00,24.02,64.59,69.05,90.7,1,1
2026-05-03 01:05:00,23.96,62.54,69.62,35.3,0,1
2026-05-03 01:06:00,23.84,64.72,70.43,0.0,0,4
2026-05-03 01:07:00,24.01,63.93,70.09,0.0,0,1
2026-05-03 01:08:00,24.34,65.0,70.4,0.0,0,1
2026-05-03 01:09:00,24.23,63.13,70.99,0.0,0,1
2026-05-03 01:10:00,24.44,62.34,70.53,0.2,0,1
2026-05-03 01:11:00,24.18,63.65,69.56,217.0,0,1
2026-05-03 01:12:00,23.53,64.4,70.18,161.8,0,1
2026-05-03 01:13:00,24.24,65.0,70.14,0.0,0,1
2026-05-03 01:14:00,24.11,65.0,69.88,24.2,0,4
2026-05-03 01:15:00,24.09,62.6,69.87,26.3,0,1
2026-05-03 01:16:00,24.39,62.82,69.68,0.0,0,4
2026-05-03 01:17:00,24.02,62.74,70.92,0.0,0,1
2026-05-03 01:18:00,24.23,62.23,70.64,0.0,0,4
2026-05-03 01:19:00,23.82,59.94,70.74,224.7,0,1
2026-05-03 01:20:00,23.71,65.0,71.25,0.0,0,1
2026-05-03 01:21:00,23.94,62.88,71.75,40.9,0,1
2026-05-03 01:22:00,24.01,63.05,72.16,0.0,0,1
2026-05-03 01:23:00,24.23,65.0,71.91,98.8,0,1
2026-05-03 01:24:00,23.82,63.08,71.78,142.1,0,1
2026-05-03 01:25:00,24.47,62.72,70.77,0.0,0,4
2026-05-03 01:26:00,23.85,64.12,70.69,0.0,0,1
2026-05-03 01:27:00,24.07,63.9,70.66,54.2,0,1
2026-05-03 01:28:00,24.1,62.72,70.93,2.3,0,1
2026-05-03 01:29:00,24.17,64.71,71.65,56.0,0,1
2026-05-03 01:30:00,24.21,63.5,71.89,0.0,0,1
2026-05-03 01:31:00,24.66,62.81,72.29,223.6,0,1
2026-05-03 01:32:00,23.95,62.86,72.2,0.0,0,1
2026-05-03 01:33:00,24.18,63.2,72.69,323.0,0,1
2026-05-03 01:34:00,24.08,64.66,72.61,165.3,0,1
2026-05-03 01:35:00,24.34,64.29,73.02,116.1,0,1
2026-05-03 01:36:00,24.21,62.79,73.28,0.0,0,1
2026-05-03 01:37:00,24.15,62.45,73.36,125.4,0,1
2026-05-03 01:38:00,23.73,65.0,72.6,88.7,0,1
2026-05-03 01:39:00,23.99,63.98,72.99,0.0,0,1
2026-05-03 01:40:00,23.86,64.85,73.07,0.0,0,1
2026-05-03 01:41:00,23.99,62.46,73.29,59.2,0,1
2026-05-03 01:42:00,23.89,63.73,73.33,0.3,0,1
2026-05-03 01:43:00,23.97,64.7,73.45,0.0,0,1
2026-05-03 01:44:00,24.0,62.75,73.91,129.5,0,1
2026-05-03 01:45:00,24.0,65.0,73.6,0.0,0,1
2026-05-03 01:46:00,24.02,65.0,73.71,0.0,0,1
2026-05-03 01:47:00,23.87,63.54,73.27,0.0,0,1
2026-05-03 01:48:00,24.11,63.21,73.43,61.2,0,1
2026-05-03 01:49:00,23.87,64.16,73.44,0.0,0,1
2026-05-03 01:50:00,23.95,63.87,73.07,0.0,0,1
2026-05-03 01:51:00,24.09,64.94,73.02,0.0,0,1
2026-05-03 01:52:00,23.45,63.31,72.69,0.0,0,1
2026-05-03 01:53:00,24.72,61.54,72.44,86.8,0,4
2026-05-03 01:54:00,24.23,63.6,72.51,88.9,0,1
2026-05-03 01:55:00,24.18,63.94,72.54,0.0,0,1
2026-05-03 01:56:00,23.97,63.6,71.63,64.0,0,1
2026-05-03 01:57:00,24.12,64.5,71.72,0.0,0,1
2026-05-03 01:58:00,23.8,65.0,71.51,163.3,0,1
2026-05-03 01:59:00,24.22,64.18,71.26,0.0,0,4
2026-05-03 02:00:00,23.68,64.49,70.71,0.0,0,4
2026-05-03 02:01:00,23.78,63.64,70.63,107.4,0,4
2026-05-03 02:02:00,23.92,63.8,70.35,0.0,0,1
2026-05-03 02:03:00,24.48,61.29,70.85,0.0,0,1
2026-05-03 02:04:00,23.83,62.42,70.03,40.3,0,1
2026-05-03 02:05:00,24.18,64.85,69.57,0.0,0,1
2026-05-03 02:06:00,23.59,65.0,69.08,9.0,1,4
2026-05-03 02:07:00,24.11,61.81,69.16,64.1,0,1
2026-05-03 02:08:00,24.54,63.5,69.63,43.7,0,1
2026-05-03 02:09:00,24.23,61.45,69.8,0.0,0,4
2026-05-03 02:10:00,23.59,65.0,69.28,119.0,0,1
2026-05-03 02:11:00,24.12,63.42,69.06,0.0,0,1
2026-05-03 02:12:00,23.99,65.0,68.67,0.0,0,1
2026-05-03 02:13:00,24.41,62.26,68.86,0.0,0,1
2026-05-03 02:14:00,24.08,62.87,68.63,35.5,0,1
2026-05-03 02:15:00,23.75,64.43,67.99,0.0,0,1
2026-05-03 02:16:00,24.08,64.58,68.23,147.4,0,1
2026-05-03 02:17:00,23.94,64.66,68.75,35.4,0,1
2026-05-03 02:18:00,23.57,65.0,68.64,9.1,0,1
2026-05-03 02:19:00,24.07,63.23,68.66,31.2,0,1
2026-05-03 02:20:00,24.11,64.62,67.98,87.9,0,1
2026-05-03 02:21:00,24.21,65.0,67.07,28.9,0,1
2026-05-03 02:22:00,24.37,64.05,66.26,0.0,0,1
2026-05-03 02:23:00,24.04,62.56,66.25,130.7,0,4
2026-05-03 02:24:00,23.74,64.48,66.12,14.4,0,1
2026-05-03 02:25:00,23.9,61.38,66.36,82.2,0,1
2026-05-03 02:26:00,24.11,64.29,66.28,0.0,0,1
2026-05-03 02:27:00,24.42,61.02,66.7,0.0,0,1
2026-05-03 02:28:00,24.11,64.3,67.08,0.0,0,1
2026-05-03 02:29:00,24.08,63.44,66.93,0.0,0,1
2026-05-03 02:30:00,24.05,64.73,66.49,62.1,0,1
2026-05-03 02:31:00,24.11,63.5,65.66,155.7,0,1
2026-05-03 02:32:00,24.59,64.47,66.29,36.2,0,1
2026-05-03 02:33:00,24.09,64.16,65.89,0.0,0,4
2026-05-03 02:34:00,24.05,64.86,65.25,0.0,0,1
2026-05-03 02:35:00,24.12,62.97,65.32,163.3,0,1
2026-05-03 02:36:00,23.94,63.16,64.7,0.0,0,4
2026-05-03 02:37:00,23.72,62.32,64.78,252.2,0,1
2026-05-03 02:38:00,23.68,62.69,64.65,225.1,0,1
2026-05-03 02:39:00,23.93,63.81,65.08,281.2,0,1
2026-05-03 02:40:00,24.41,63.11,65.46,70.7,0,1
2026-05-03 02:41:00,24.4,63.52,65.95,0.0,1,1
2026-05-03 02:42:00,23.83,63.01,66.04,67.8,0,4
2026-05-03 02:43:00,24.07,63.7,65.67,134.0,0,4
2026-05-03 02:44:00,24.14,65.0,65.24,0.0,0,4
2026-05-03 02:45:00,23.93,64.22,65.02,0.0,0,4
2026-05-03 02:46:00,24.44,63.03,65.9,0.0,0,1
2026-05-03 02:47:00,24.3,63.52,65.8,0.0,0,1
2026-05-03 02:48:00,24.2,64.81,65.88,173.9,0,1
2026-05-03 02:49:00,24.13,63.63,66.54,0.0,0,1
2026-05-03 02:50:00,23.72,63.37,66.64,11.5,1,1
2026-05-03 02:51:00,24.45,62.36,66.31,118.0,0,1
2026-05-03 02:52:00,24.25,62.59,66.62,169.5,0,1
2026-05-03 02:53:00,24.21,62.62,66.43,40.9,0,4
2026-05-03 02:54:00,23.92,64.66,66.55,62.0,1,1
2026-05-03 02:55:00,23.94,65.0,66.77,0.0,0,1
2026-05-03 02:56:00,24.23,62.79,66.55,138.7,0,1
2026-05-03 02:57:00,24.38,61.98,66.62,167.5,0,1
2026-05-03 02:58:00,24.54,61.33,67.3,0.0,0,1
2026-05-03 02:59:00,23.92,65.0,67.02,227.5,0,1
2026-05-03 03:00:00,24.07,64.67,67.57,0.0,0,1
2026-05-03 03:01:00,23.58,63.37,67.29,87.3,0,1
2026-05-03 03:02:00,23.49,64.48,68.05,9.3,0,1
2026-05-03 03:03:00,24.24,64.95,67.66,0.0,0,1
2026-05-03 03:04:00,23.89,63.68,67.46,0.0,0,1
2026-05-03 03:05:00,23.61,65.0,68.09,0.0,0,4
2026-05-03 03:06:00,23.81,63.67,68.73,62.9,0,4
2026-05-03 03:07:00,24.19,62.98,69.04,0.0,0,4
2026-05-03 03:08:00,24.2,60.14,68.53,0.0,0,1
2026-05-03 03:09:00,23.69,63.54,68.53,0.0,0,1
2026-05-03 03:10:00,24.41,62.38,68.49,0.0,0,1
2026-05-03 03:11:00,23.93,64.33,68.09,0.0,0,1
2026-05-03 03:12:00,24.17,63.66,68.36,58.2,0,4
2026-05-03 03:13:00,24.11,63.68,67.99,0.0,0,1
2026-05-03 03:14:00,24.1,64.61,67.4,117.1,0,1
2026-05-03 03:15:00,23.86,60.98,66.68,0.0,0,1
2026-05-03 03:16:00,24.09,63.41,67.41,0.0,0,1
2026-05-03 03:17:00,24.17,61.97,67.17,2.0,0,1
2026-05-03 03:18:00,24.05,62.03,66.94,167.4,0,1
2026-05-03 03:19:00,24.12,63.08,66.48,0.0,0,1
2026-05-03 03:20:00,24.37,63.11,67.06,198.8,0,4
2026-05-03 03:21:00,23.98,64.23,66.45,115.2,0,1
2026-05-03 03:22:00,24.26,63.76,65.92,0.0,0,1
2026-05-03 03:23:00,24.04,62.55,65.78,142.0,0,1
2026-05-03 03:24:00,24.45,62.73,65.77,0.0,0,4
2026-05-03 03:25:00,23.74,65.0,66.06,34.3,0,1
2026-05-03 03:26:00,24.42,64.95,65.77,0.0,0,4
2026-05-03 03:27:00,23.96,63.28,66.43,116.0,0,1
2026-05-03 03:28:00,24.62,62.84,66.14,0.0,0,1
2026-05-03 03:29:00,24.2,62.24,65.7,0.0,0,1
2026-05-03 03:30:00,24.31,64.4,65.23,81.5,0,1
2026-05-03 03:31:00,24.06,65.0,64.9,125.8,0,1
2026-05-03 03:32:00,24.27,62.59,64.41,0.0,0,1
2026-05-03 03:33:00,24.27,64.64,64.76,90.4,0,1
2026-05-03 03:34:00,24.06,64.4,64.34,0.0,0,1
2026-05-03 03:35:00,24.29,63.0,64.31,0.0,0,1
2026-05-03 03:36:00,23.25,63.81,63.88,0.0,0,1
2026-05-03 03:37:00,23.93,65.0,63.41,122.0,1,1
2026-05-03 03:38:00,24.1,64.38,63.92,20.4,0,1
2026-05-03 03:39:00,24.22,64.44,64.64,0.0,0,1
2026-05-03 03:40:00,24.34,62.87,65.21,51.3,0,4
2026-05-03 03:41:00,24.03,63.63,64.58,47.3,0,1
2026-05-03 03:42:00,24.0,62.14,64.02,119.3,0,1
2026-05-03 03:43:00,24.31,64.07,64.9,0.0,0,4
2026-05-03 03:44:00,24.38,62.62,64.81,32.3,0,1
2026-05-03 03:45:00,24.28,61.98,64.23,37.7,0,1
2026-05-03 03:46:00,24.06,62.5,64.72,0.0,0,4
2026-05-03 03:47:00,24.73,65.0,64.76,0.0,0,1
2026-05-03 03:48:00,24.11,63.09,65.02,0.0,0,1
2026-05-03 03:49:00,24.15,63.84,64.07,1.0,0,1
2026-05-03 03:50:00,24.5,61.47,63.95,1.4,0,4
2026-05-03 03:51:00,24.47,62.71,64.39,0.0,0,1
2026-05-03 03:52:00,24.27,61.58,64.13,0.0,0,1
2026-05-03 03:53:00,23.86,64.24,64.69,0.0,0,1
2026-05-03 03:54:00,24.12,62.35,64.14,35.8,0,1
2026-05-03 03:55:00,24.22,64.26,64.11,149.4,0,1
2026-05-03 03:56:00,24.57,60.65,64.84,0.0,0,1
2026-05-03 03:57:00,24.82,61.69,64.36,74.8,0,4
2026-05-03 03:58:00,23.94,65.0,64.5,0.0,0,1
2026-05-03 03:59:00,24.3,65.0,64.77,63.1,0,4
2026-05-03 04:00:00,23.88,63.77,64.82,142.3,0,1
2026-05-03 04:01:00,24.05,63.06,64.73,0.0,0,1
2026-05-03 04:02:00,23.87,63.93,64.36,130.9,0,1
2026-05-03 04:03:00,24.5,65.0,64.47,0.0,1,4
2026-05-03 04:04:00,24.14,63.08,64.44,32.9,0,1
2026-05-03 04:05:00,24.16,63.39,63.84,0.0,1,1
2026-05-03 04:06:00,24.09,62.21,64.34,23.1,0,1
2026-05-03 04:07:00,24.18,62.54,63.97,0.0,0,1
2026-05-03 04:08:00,24.18,63.87,63.38,70.0,0,4
2026-05-03 04:09:00,23.91,64.8,63.16,207.9,0,1
2026-05-03 04:10:00,23.66,64.44,62.81,0.0,0,1
2026-05-03 04:11:00,23.75,64.95,62.74,40.3,0,1
2026-05-03 04:12:00,23.68,62.85,62.25,120.3,0,1
2026-05-03 04:13:00,24.13,62.1,62.49,0.0,0,1
2026-05-03 04:14:00,23.87,64.73,63.14,180.8,0,1
2026-05-03 04:15:00,24.32,62.58,63.22,0.0,0,4
2026-05-03 04:16:00,24.14,62.0,62.63,3.6,0,1
2026-05-03 04:17:00,23.62,64.38,62.28,0.0,0,1
2026-05-03 04:18:00,23.97,63.74,62.43,32.7,0,1
2026-05-03 04:19:00,23.55,64.01,61.63,38.9,0,1
2026-05-03 04:20:00,23.79,65.0,61.15,97.3,0,1
2026-05-03 04:21:00,23.95,65.0,60.51,0.0,0,4
2026-05-03 04:22:00,23.84,64.98,60.63,0.0,0,1
2026-05-03 04:23:00,24.55,63.35,61.64,76.5,0,1
2026-05-03 04:24:00,24.26,64.89,61.15,188.6,0,1
2026-05-03 04:25:00,24.0,63.8,61.57,96.4,0,1
2026-05-03 04:26:00,24.43,62.76,61.39,242.7,0,1
2026-05-03 04:27:00,23.83,63.13,60.88,87.6,0,1
2026-05-03 04:28:00,23.99,62.67,61.63,83.3,0,1
2026-05-03 04:29:00,24.29,64.31,62.62,81.5,0,1
2026-05-03 04:30:00,23.8,62.08,62.84,178.6,0,1
2026-05-03 04:31:00,24.25,62.54,63.04,148.5,0,4
2026-05-03 04:32:00,24.15,62.97,63.1,0.0,1,1
2026-05-03 04:33:00,24.22,61.6,63.07,96.1,0,1
2026-05-03 04:34:00,24.53,62.4,63.25,31.8,0,1
2026-05-03 04:35:00,24.19,63.45,63.58,0.0,0,1
2026-05-03 04:36:00,24.11,64.68,64.33,0.0,0,1
2026-05-03 04:37:00,23.7,63.41,64.12,0.0,0,4
2026-05-03 04:38:00,24.13,63.54,64.19,0.0,0,4
2026-05-03 04:39:00,23.96,61.87,64.18,0.0,0,4
2026-05-03 04:40:00,24.05,62.08,64.64,0.0,0,1
2026-05-03 04:41:00,23.96,61.37,65.68,85.7,0,1
2026-05-03 04:42:00,24.2,64.5,66.14,0.0,0,1
2026-05-03 04:43:00,23.83,63.45,66.47,10.0,0,1
2026-05-03 04:44:00,24.13,63.69,66.85,0.0,0,1
2026-05-03 04:45:00,23.82,64.49,67.38,57.2,0,1
2026-05-03 04:46:00,23.63,65.0,68.39,82.3,0,4
2026-05-03 04:47:00,23.99,65.0,67.62,0.0,0,1
2026-05-03 04:48:00,24.19,63.28,67.84,0.0,0,1
2026-05-03 04:49:00,23.88,62.91,66.69,0.0,0,1
2026-05-03 04:50:00,24.11,64.28,67.09,82.4,0,1
2026-05-03 04:51:00,23.99,65.0,67.3,41.0,0,4
2026-05-03 04:52:00,23.82,63.2,67.03,15.3,0,1
2026-05-03 04:53:00,24.22,62.34,65.86,5.9,0,1
2026-05-03 04:54:00,23.92,60.65,65.85,60.0,0,1
2026-05-03 04:55:00,24.18,60.87,65.94,41.1,0,1
2026-05-03 04:56:00,23.72,65.0,65.9,0.0,0,1
2026-05-03 04:57:00,24.12,63.23,65.63,0.0,0,1
2026-05-03 04:58:00,24.24,61.9,65.24,0.0,0,1
2026-05-03 04:59:00,24.17,63.37,65.22,0.0,1,1
2026-05-03 05:00:00,24.31,65.0,64.87,247.3,0,1
2026-05-03 05:01:00,24.24,63.26,65.23,0.0,0,4
2026-05-03 05:02:00,24.16,65.0,65.2,34.8,0,1
2026-05-03 05:03:00,24.3,62.06,64.46,55.9,0,1
2026-05-03 05:04:00,23.99,65.0,64.55,168.1,0,1
2026-05-03 05:05:00,24.22,62.62,64.74,0.0,0,4
2026-05-03 05:06:00,24.09,62.55,65.45,160.8,0,1
2026-05-03 05:07:00,24.55,61.7,65.85,0.0,0,1
2026-05-03 05:08:00,24.16,62.99,65.45,300.2,0,1
2026-05-03 05:09:00,23.77,65.0,66.07,43.5,0,1
2026-05-03 05:10:00,24.15,62.81,65.46,0.0,0,4
2026-05-03 05:11:00,23.85,65.0,65.47,0.0,0,1
2026-05-03 05:12:00,24.27,62.36,65.79,160.4,0,1
2026-05-03 05:13:00,24.27,63.12,66.42,9.8,0,1
2026-05-03 05:14:00,23.93,63.05,67.21,0.0,0,1
2026-05-03 05:15:00,23.83,65.0,67.74,86.3,0,4
2026-05-03 05:16:00,24.12,64.05,67.64,0.0,0,1
2026-05-03 05:17:00,23.86,64.14,67.86,0.0,0,1
2026-05-03 05:18:00,23.88,63.44,67.92,0.0,0,1
2026-05-03 05:19:00,23.96,62.96,67.57,207.5,0,4
2026-05-03 05:20:00,24.24,62.05,67.49,0.0,0,1
2026-05-03 05:21:00,23.71,65.0,68.23,20.3,0,1
2026-05-03 05:22:00,23.9,61.81,68.47,57.6,0,1
2026-05-03 05:23:00,24.69,62.2,69.31,0.0,0,1
2026-05-03 05:24:00,24.57,63.85,68.78,0.0,0,1
2026-05-03 05:25:00,24.39,61.04,68.57,0.0,0,4
2026-05-03 05:26:00,24.1,63.68,68.7,84.9,1,1
2026-05-03 05:27:00,24.28,62.17,68.97,0.0,0,1
2026-05-03 05:28:00,23.99,63.64,68.86,0.0,0,1
2026-05-03 05:29:00,23.41,64.22,69.15,68.6,0,1
2026-05-03 05:30:00,23.95,60.97,69.44,0.0,0,1
2026-05-03 05:31:00,23.97,64.41,68.78,118.8,0,1
2026-05-03 05:32:00,24.1,62.28,69.05,18.8,0,4
2026-05-03 05:33:00,24.21,62.65,69.46,13.0,0,1
2026-05-03 05:34:00,24.5,62.96,69.52,49.3,0,1
2026-05-03 05:35:00,24.1,63.91,68.67,0.0,0,4
2026-05-03 05:36:00,23.84,64.36,68.5,0.0,0,1
2026-05-03 05:37:00,24.05,64.49,68.64,0.0,0,1
2026-05-03 05:38:00,24.26,60.28,68.21,0.0,0,1
2026-05-03 05:39:00,24.07,64.08,68.57,106.5,0,1
2026-05-03 05:40:00,23.9,63.76,68.83,0.0,0,4
2026-05-03 05:41:00,24.23,62.61,68.84,0.0,0,1
2026-05-03 05:42:00,23.81,64.17,68.79,0.0,0,1
2026-05-03 05:43:00,23.88,64.87,68.82,12.1,0,1
2026-05-03 05:44:00,24.21,62.26,68.77,0.0,0,1
2026-05-03 05:45:00,23.91,65.0,68.16,89.0,0,1
2026-05-03 05:46:00,24.02,64.95,67.93,109.9,0,1
2026-05-03 05:47:00,24.11,63.89,67.92,329.2,0,4
2026-05-03 05:48:00,24.1,62.0,68.5,179.1,0,1
2026-05-03 05:49:00,23.87,65.0,68.75,0.0,0,4
2026-05-03 05:50:00,24.19,63.67,69.33,0.0,0,1
2026-05-03 05:51:00,23.88,63.95,68.66,9.0,0,1
2026-05-03 05:52:00,24.52,63.01,68.46,110.0,0,1
2026-05-03 05:53:00,24.01,64.25,69.3,0.0,0,4
2026-05-03 05:54:00,24.26,64.35,68.92,0.0,0,1
2026-05-03 05:55:00,24.29,63.16,68.54,0.0,0,4
2026-05-03 05:56:00,24.02,62.08,68.37,0.0,0,1
2026-05-03 05:57:00,23.87,65.0,69.2,0.0,0,1
2026-05-03 05:58:00,24.29,62.21,68.85,0.0,0,1
2026-05-03 05:59:00,23.75,62.74,69.03,0.0,0,1
2026-05-03 06:00:00,23.79,63.81,69.15,117.8,0,1
2026-05-03 06:01:00,24.26,62.69,68.26,90.7,0,1
2026-05-03 06:02:00,24.06,63.97,68.2,0.0,0,1
2026-05-03 06:03:00,23.93,64.38,67.92,161.4,0,1
2026-05-03 06:04:00,23.99,63.06,68.17,48.9,0,1
2026-05-03 06:05:00,23.91,63.87,68.88,484.6,0,1
2026-05-03 06:06:00,24.66,62.1,68.68,611.3,0,1
2026-05-03 06:07:00,24.37,64.01,68.48,511.5,0,1
2026-05-03 06:08:00,23.91,64.32,69.51,522.4,0,1
2026-05-03 06:09:00,24.03,64.41,69.14,656.9,0,1
2026-05-03 06:10:00,24.26,62.89,68.5,799.2,0,1
2026-05-03 06:11:00,23.87,64.09,69.05,962.7,0,1
2026-05-03 06:12:00,23.97,64.25,68.97,1266.2,0,1
2026-05-03 06:13:00,24.04,64.44,69.04,1347.0,0,1
2026-05-03 06:14:00,23.89,64.54,69.94,1483.4,0,1
2026-05-03 06:15:00,24.39,62.91,69.27,1525.9,0,1
2026-05-03 06:16:00,23.94,62.31,69.12,1509.1,0,1
2026-05-03 06:17:00,24.09,64.08,68.53,1700.9,0,1
2026-05-03 06:18:00,24.14,63.94,68.62,1949.8,0,1
2026-05-03 06:19:00,24.51,61.56,68.33,1950.9,0,1
2026-05-03 06:20:00,24.09,64.48,67.78,2287.2,0,1
2026-05-03 06:21:00,24.65,62.88,68.06,2506.1,0,1
2026-05-03 06:22:00,24.03,63.41,68.02,2636.7,0,1
2026-05-03 06:23:00,24.06,63.77,67.44,2796.6,0,1
2026-05-03 06:24:00,24.35,64.23,66.89,2679.5,0,1
2026-05-03 06:25:00,24.6,64.63,66.95,3233.7,0,1
2026-05-03 06:26:00,24.05,63.46,66.21,3058.6,0,1
2026-05-03 06:27:00,24.43,62.72,66.29,3403.9,0,1
2026-05-03 06:28:00,24.33,63.87,66.85,3674.6,0,1
2026-05-03 06:29:00,23.93,62.09,67.11,3824.0,0,1
2026-05-03 06:30:00,24.12,64.47,66.82,3810.6,0,1
2026-05-03 06:31:00,24.11,61.82,66.91,4017.6,0,1
2026-05-03 06:32:00,23.86,62.14,66.35,4371.5,0,1
2026-05-03 06:33:00,24.16,65.0,66.39,4588.3,0,1
2026-05-03 06:34:00,24.14,60.9,66.23,4586.3,0,1
2026-05-03 06:35:00,24.22,64.86,65.76,4960.7,0,1
2026-05-03 06:36:00,24.14,65.0,66.02,4928.2,0,1
2026-05-03 06:37:00,23.96,64.07,65.16,5383.5,0,1
2026-05-03 06:38:00,24.74,63.29,64.65,5403.1,0,1
2026-05-03 06:39:00,24.18,61.46,64.2,5721.4,1,1
2026-05-03 06:40:00,24.45,62.38,63.99,5905.8,0,1
2026-05-03 06:41:00,24.24,63.7,64.57,6262.1,0,1
2026-05-03 06:42:00,24.51,63.29,64.91,6360.2,0,1
2026-05-03 06:43:00,23.94,64.22,64.95,6469.5,0,1
2026-05-03 06:44:00,24.11,63.84,64.98,6796.6,0,1
2026-05-03 06:45:00,24.02,63.59,64.98,7224.4,0,1
2026-05-03 06:46:00,23.99,62.14,65.58,7271.7,0,1
2026-05-03 06:47:00,24.2,63.74,64.79,7393.0,0,1
2026-05-03 06:48:00,24.08,62.13,65.12,7519.1,0,1
2026-05-03 06:49:00,23.78,63.47,64.91,7765.8,0,1
2026-05-03 06:50:00,24.07,65.0,65.13,8143.7,0,1
2026-05-03 06:51:00,24.05,61.66,65.35,8179.7,0,1
2026-05-03 06:52:00,24.37,62.94,65.66,8511.8,0,1
2026-05-03 06:53:00,23.79,64.94,66.34,8911.0,0,1
2026-05-03 06:54:00,24.02,64.34,65.73,8985.1,0,1
2026-05-03 06:55:00,23.96,64.02,66.15,9067.6,0,1
2026-05-03 06:56:00,24.34,62.31,66.11,9690.0,0,1
2026-05-03 06:57:00,24.02,65.0,65.9,9873.1,0,1
2026-05-03 06:58:00,24.42,61.55,66.76,9956.2,0,1
2026-05-03 06:59:00,24.15,64.23,67.04,10284.9,1,1
2026-05-03 07:00:00,24.28,63.39,66.83,10337.0,0,1
2026-05-03 07:01:00,24.44,62.04,67.22,10694.5,0,1
2026-05-03 07:02:00,23.86,63.32,67.17,10796.6,0,1
2026-05-03 07:03:00,24.1,65.0,66.95,10926.0,0,1
2026-05-03 07:04:00,24.27,61.82,66.66,11642.1,1,1
2026-05-03 07:05:00,24.22,61.18,66.77,11406.1,0,2
2026-05-03 07:06:00,23.85,63.05,66.48,11855.6,0,2
2026-05-03 07:07:00,24.35,63.61,66.53,12100.4,0,2
2026-05-03 07:08:00,24.19,65.0,66.89,12375.4,0,2
2026-05-03 07:09:00,24.21,63.34,66.91,12551.4,0,2
2026-05-03 07:10:00,24.12,61.47,67.74,12802.4,0,2
2026-05-03 07:11:00,23.38,64.58,67.71,13079.4,0,2
2026-05-03 07:12:00,24.32,64.18,68.25,13372.5,0,2
2026-05-03 07:13:00,24.33,63.52,68.62,13567.8,0,2
2026-05-03 07:14:00,24.08,64.08,69.23,13814.1,0,2
2026-05-03 07:15:00,23.81,61.61,70.02,13919.1,0,2
2026-05-03 07:16:00,24.05,61.92,69.19,14575.6,0,2
2026-05-03 07:17:00,24.44,62.83,69.24,14655.7,0,2
2026-05-03 07:18:00,24.09,64.84,69.13,14874.9,0,2
2026-05-03 07:19:00,24.19,62.38,69.12,15034.3,0,2
2026-05-03 07:20:00,24.11,63.7,68.89,15249.3,0,2
2026-05-03 07:21:00,24.27,63.42,68.6,15734.3,0,2
2026-05-03 07:22:00,23.86,62.54,68.07,15874.2,0,2
2026-05-03 07:23:00,24.14,62.52,68.07,16231.2,0,2
2026-05-03 07:24:00,24.47,62.91,68.43,16258.5,0,2
2026-05-03 07:25:00,23.97,63.21,68.16,16871.5,0,2
2026-05-03 07:26:00,24.13,64.4,67.98,17060.0,0,2
2026-05-03 07:27:00,24.46,62.45,67.63,17208.9,1,2
2026-05-03 07:28:00,24.39,64.12,67.16,17542.4,0,2
2026-05-03 07:29:00,24.32,62.72,67.03,17843.7,0,2
2026-05-03 07:30:00,24.3,63.21,67.15,17863.6,0,2
2026-05-03 07:31:00,24.3,64.14,67.66,18495.5,0,2
2026-05-03 07:32:00,24.15,63.26,67.11,18623.0,0,2
2026-05-03 07:33:00,24.49,62.41,67.07,18752.2,0,2
2026-05-03 07:34:00,24.1,63.38,67.55,18977.5,0,2
2026-05-03 07:35:00,23.97,64.72,67.0,19500.7,0,2
2026-05-03 07:36:00,23.87,64.17,67.52,19681.5,0,2
2026-05-03 07:37:00,24.07,60.93,67.29,19988.6,0,2
2026-05-03 07:38:00,24.07,62.63,67.57,20209.2,0,2
2026-05-03 07:39:00,24.06,62.67,67.44,20361.6,0,2
2026-05-03 07:40:00,23.94,64.38,67.6,20819.6,1,2
2026-05-03 07:41:00,24.34,60.83,68.26,21012.1,0,2
2026-05-03 07:42:00,24.01,63.92,68.16,21311.1,0,2
2026-05-03 07:43:00,24.39,63.81,68.54,21877.5,0,2
2026-05-03 07:44:00,24.44,63.74,68.61,21975.6,0,2
2026-05-03 07:45:00,24.91,62.22,68.22,22262.3,0,2
2026-05-03 07:46:00,24.16,61.43,68.11,22757.8,0,2
2026-05-03 07:47:00,24.24,62.95,67.97,22758.4,0,2
2026-05-03 07:48:00,24.11,65.0,67.32,23008.0,0,2
2026-05-03 07:49:00,24.01,62.87,67.49,23194.1,0,2
2026-05-03 07:50:00,24.2,65.0,67.73,23503.7,0,2
2026-05-03 07:51:00,24.12,64.4,68.04,23595.3,0,2
2026-05-03 07:52:00,24.03,63.38,68.62,24219.3,0,2
2026-05-03 07:53:00,24.4,63.31,68.98,24256.4,0,2
2026-05-03 07:54:00,24.08,63.93,68.66,24801.1,0,2
2026-05-03 07:55:00,24.5,62.2,68.44,24972.5,0,2
2026-05-03 07:56:00,24.59,62.28,68.75,25278.4,0,2
2026-05-03 07:57:00,24.17,65.0,68.86,25543.6,0,2
2026-05-03 07:58:00,24.75,64.34,68.8,26001.2,0,2
2026-05-03 07:59:00,24.51,62.43,68.36,26266.6,0,2
2026-05-03 08:00:00,24.41,62.1,68.09,26404.9,0,2
2026-05-03 08:01:00,23.99,61.7,68.29,26587.8,0,2
2026-05-03 08:02:00,24.02,65.0,67.4,27094.2,0,2
2026-05-03 08:03:00,24.86,63.62,66.36,27154.4,0,2
2026-05-03 08:04:00,24.81,63.96,66.64,27373.2,0,2
2026-05-03 08:05:00,24.9,61.69,66.38,27908.2,0,2
2026-05-03 08:06:00,24.98,61.5,66.57,28283.6,0,2
2026-05-03 08:07:00,24.87,61.27,67.23,28378.1,0,2
2026-05-03 08:08:00,24.61,58.96,66.76,28764.8,0,2
2026-05-03 08:09:00,24.7,61.56,66.01,28956.3,0,2
2026-05-03 08:10:00,24.41,63.41,65.88,29382.9,0,2
2026-05-03 08:11:00,24.66,62.97,65.57,29718.0,0,2
2026-05-03 08:12:00,24.81,61.73,65.55,29845.7,0,2
2026-05-03 08:13:00,24.83,63.22,65.78,30044.7,0,2
2026-05-03 08:14:00,24.63,61.91,65.91,30284.2,0,2
2026-05-03 08:15:00,24.17,64.28,65.92,30861.4,0,2
2026-05-03 08:16:00,24.32,64.06,66.36,30905.3,0,2
2026-05-03 08:17:00,24.84,63.41,66.63,31377.9,0,2
2026-05-03 08:18:00,24.61,62.83,66.53,31718.3,0,2
2026-05-03 08:19:00,24.93,61.32,66.78,31856.8,0,2
2026-05-03 08:20:00,24.48,61.5,66.09,32189.0,0,2
2026-05-03 08:21:00,25.15,59.39,66.53,32621.0,0,2
2026-05-03 08:22:00,24.6,63.67,66.52,32696.4,0,2
2026-05-03 08:23:00,25.22,59.86,65.98,32976.6,0,2
2026-05-03 08:24:00,24.49,62.75,65.79,33350.1,0,2
2026-05-03 08:25:00,25.05,62.39,66.22,33824.2,0,2
2026-05-03 08:26:00,24.7,61.34,65.87,34156.7,0,2
2026-05-03 08:27:00,24.95,62.12,66.04,34244.3,0,2
2026-05-03 08:28:00,25.25,62.23,66.4,34463.4,0,2
2026-05-03 08:29:00,25.23,61.54,66.39,34969.3,0,2
2026-05-03 08:30:00,24.83,62.99,66.0,34934.0,0,2
2026-05-03 08:31:00,24.91,61.79,65.96,35456.8,0,2
2026-05-03 08:32:00,24.7,62.29,65.34,35714.6,0,2
2026-05-03 08:33:00,24.67,61.59,65.12,36167.9,0,2
2026-05-03 08:34:00,24.94,62.12,64.65,36472.8,0,2
2026-05-03 08:35:00,24.96,62.26,64.63,36485.0,0,2
2026-05-03 08:36:00,24.83,61.33,64.09,36910.9,0,2
2026-05-03 08:37:00,25.18,62.46,64.14,37114.9,0,2
2026-05-03 08:38:00,25.25,58.89,64.64,37440.7,0,2
2026-05-03 08:39:00,25.29,63.09,65.17,37842.4,0,2
2026-05-03 08:40:00,25.12,60.33,64.63,38020.5,0,2
2026-05-03 08:41:00,25.21,63.16,64.35,38376.2,0,2
2026-05-03 08:42:00,25.31,62.52,64.73,38759.9,0,2
2026-05-03 08:43:00,25.62,62.55,65.03,39118.8,0,2
2026-05-03 08:44:00,25.28,60.46,64.77,39263.5,0,2
2026-05-03 08:45:00,25.06,61.87,64.56,39534.7,0,2
2026-05-03 08:46:00,25.43,61.95,64.61,39679.3,0,2
2026-05-03 08:47:00,25.44,62.1,63.82,40293.9,0,2
2026-05-03 08:48:00,25.17,62.97,64.07,40454.2,0,2
2026-05-03 08:49:00,25.51,62.27,64.55,40702.1,0,2
2026-05-03 08:50:00,25.42,62.18,64.39,40986.8,0,2
2026-05-03 08:51:00,25.66,61.87,63.79,41310.5,0,2
2026-05-03 08:52:00,25.82,61.88,64.42,41650.2,1,2
2026-05-03 08:53:00,25.61,61.37,64.52,41955.2,0,2
2026-05-03 08:54:00,25.91,62.3,64.83,42330.9,0,2
2026-05-03 08:55:00,25.74,61.07,64.27,42456.4,0,2
2026-05-03 08:56:00,25.78,59.07,63.71,42927.1,0,2
2026-05-03 08:57:00,25.81,62.56,63.91,43132.7,0,2
2026-05-03 08:58:00,25.87,61.54,64.37,43287.3,0,2
2026-05-03 08:59:00,25.61,61.16,63.89,43383.0,0,2
2026-05-03 09:00:00,25.54,61.59,63.87,43941.2,0,2
2026-05-03 09:01:00,26.31,62.18,63.2,44458.3,0,2
2026-05-03 09:02:00,26.12,60.75,62.93,44527.4,0,2
2026-05-03 09:03:00,25.97,62.67,62.85,44959.1,0,2
2026-05-03 09:04:00,26.41,60.8,63.09,45312.5,0,2
2026-05-03 09:05:00,26.9,59.11,62.21,45736.6,0,2
2026-05-03 09:06:00,25.84,59.45,62.82,45923.6,0,2
2026-05-03 09:07:00,26.25,60.56,62.78,46195.2,0,2
2026-05-03 09:08:00,26.46,61.73,63.38,46695.5,0,2
2026-05-03 09:09:00,25.93,60.22,63.7,46884.2,0,2
2026-05-03 09:10:00,25.99,61.25,64.09,47020.0,0,2
2026-05-03 09:11:00,26.65,61.73,64.98,47739.5,0,2
2026-05-03 09:12:00,26.44,58.06,64.64,47916.8,0,2
2026-05-03 09:13:00,26.32,60.83,64.7,48337.5,0,2
2026-05-03 09:14:00,26.12,61.3,64.28,48508.2,0,2
2026-05-03 09:15:00,26.65,60.31,64.25,48772.7,0,2
2026-05-03 09:16:00,26.26,58.39,64.57,49012.7,0,2
2026-05-03 09:17:00,26.4,59.33,65.07,49247.0,0,2
2026-05-03 09:18:00,26.45,57.66,64.9,49613.6,0,2
2026-05-03 09:19:00,26.65,58.31,64.38,49766.5,0,2
2026-05-03 09:20:00,26.5,61.12,64.42,49985.5,0,2
2026-05-03 09:21:00,26.58,59.6,64.07,50374.0,0,2
2026-05-03 09:22:00,27.09,60.26,63.83,50842.0,0,2
2026-05-03 09:23:00,26.94,60.4,64.14,50808.0,0,2
2026-05-03 09:24:00,26.94,58.14,64.36,51076.6,0,2
2026-05-03 09:25:00,27.09,59.48,64.73,51566.4,0,2
2026-05-03 09:26:00,26.75,57.84,64.59,51716.8,1,2
2026-05-03 09:27:00,27.15,59.52,65.03,52099.5,0,2
2026-05-03 09:28:00,27.21,59.62,65.04,52447.6,0,2
2026-05-03 09:29:00,26.89,59.28,64.92,52653.3,0,2
2026-05-03 09:30:00,27.34,56.91,64.45,52799.2,0,2
2026-05-03 09:31:00,27.29,57.21,63.55,53296.0,0,2
2026-05-03 09:32:00,27.34,61.98,62.9,53496.8,0,2
2026-05-03 09:33:00,27.73,59.12,63.03,53674.0,0,2
2026-05-03 09:34:00,27.39,58.52,62.66,53953.8,0,2
2026-05-03 09:35:00,27.17,60.32,61.99,54282.1,0,2
2026-05-03 09:36:00,27.48,60.5,62.19,54475.7,1,2
2026-05-03 09:37:00,27.49,60.17,62.95,54594.8,0,2
2026-05-03 09:38:00,27.25,58.81,63.53,55144.4,0,2
2026-05-03 09:39:00,27.07,58.91,64.13,55418.1,0,2
2026-05-03 09:40:00,27.6,59.51,64.53,55341.8,1,2
2026-05-03 09:41:00,27.9,57.86,64.76,55944.5,1,2
2026-05-03 09:42:00,27.94,59.52,65.54,56355.5,0,2
2026-05-03 09:43:00,27.82,58.38,65.99,56271.1,1,2
2026-05-03 09:44:00,28.19,58.69,66.45,56647.2,1,2
2026-05-03 09:45:00,27.88,59.41,67.34,56883.4,1,2
2026-05-03 09:46:00,27.84,56.67,68.17,57354.1,1,2
2026-05-03 09:47:00,27.98,58.2,68.63,57540.3,1,2
2026-05-03 09:48:00,27.79,59.67,68.93,57573.0,1,2
2026-05-03 09:49:00,27.71,57.44,69.28,57957.2,1,2
2026-05-03 09:50:00,27.82,57.59,68.86,58453.8,1,2
2026-05-03 09:51:00,28.0,59.45,69.77,58371.5,0,2
2026-05-03 09:52:00,28.38,59.3,69.9,58719.0,0,2
2026-05-03 09:53:00,27.85,53.99,70.68,59061.8,0,2
2026-05-03 09:54:00,28.01,59.42,71.26,59191.9,0,2
2026-05-03 09:55:00,28.51,54.5,72.49,59739.3,0,2
2026-05-03 09:56:00,28.26,57.56,73.05,59735.0,0,3
2026-05-03 09:57:00,28.35,55.85,73.82,59890.2,0,3
2026-05-03 09:58:00,28.35,56.85,74.17,60245.6,0,3
2026-05-03 09:59:00,28.98,56.76,74.04,60658.4,0,3
2026-05-03 10:00:00,28.68,57.68,74.54,60743.3,0,3
2026-05-03 10:01:00,28.65,58.8,74.24,61104.8,0,3
2026-05-03 10:02:00,28.69,55.42,74.48,61373.5,0,3
2026-05-03 10:03:00,28.79,58.28,74.45,61406.0,0,3
2026-05-03 10:04:00,29.2,55.99,74.71,61711.5,0,3
2026-05-03 10:05:00,28.69,56.73,75.48,62078.8,0,3
2026-05-03 10:06:00,28.87,58.82,76.26,62381.2,0,3
2026-05-03 10:07:00,28.89,57.77,76.59,62467.7,0,3
2026-05-03 10:08:00,29.16,54.36,77.15,62784.2,0,3
2026-05-03 10:09:00,29.41,55.94,77.53,62973.7,0,3
2026-05-03 10:10:00,28.88,55.87,78.49,63313.2,0,3
2026-05-03 10:11:00,29.19,55.81,78.52,63549.8,0,3
2026-05-03 10:12:00,29.17,56.2,78.16,63676.9,0,3
2026-05-03 10:13:00,28.83,57.4,78.44,64025.5,0,3
2026-05-03 10:14:00,29.47,54.44,78.87,64171.7,0,3
2026-05-03 10:15:00,29.67,55.4,78.43,64509.7,0,3
2026-05-03 10:16:00,29.53,55.39,77.71,64739.0,1,3
2026-05-03 10:17:00,29.22,56.76,77.09,65190.5,0,3
2026-05-03 10:18:00,29.08,56.42,76.72,65105.3,0,2
2026-05-03 10:19:00,29.63,56.84,76.61,65366.3,0,2
2026-05-03 10:20:00,29.25,56.56,75.83,65558.1,0,2
2026-05-03 10:21:00,29.33,56.87,75.58,65721.6,0,2
2026-05-03 10:22:00,29.67,55.94,75.43,66038.7,0,2
2026-05-03 10:23:00,29.86,54.02,75.5,66402.7,0,2
2026-05-03 10:24:00,29.64,55.26,75.7,66649.7,0,2
2026-05-03 10:25:00,29.72,54.79,75.8,66824.1,0,2
2026-05-03 10:26:00,29.79,56.4,76.5,66966.0,0,2
2026-05-03 10:27:00,29.64,56.72,76.89,67189.6,0,2
2026-05-03 10:28:00,29.83,55.35,76.9,67361.2,0,2
2026-05-03 10:29:00,29.57,55.98,76.39,67613.0,0,2
2026-05-03 10:30:00,30.2,53.02,76.01,67745.2,0,2
2026-05-03 10:31:00,30.77,53.66,75.32,68287.6,0,2
2026-05-03 10:32:00,30.14,52.01,75.31,68569.8,0,2
2026-05-03 10:33:00,30.47,55.51,75.39,68312.4,0,2
2026-05-03 10:34:00,30.16,57.66,75.7,68794.6,0,2
2026-05-03 10:35:00,29.93,54.65,75.74,69025.3,0,2
2026-05-03 10:36:00,30.88,54.24,76.11,69261.4,0,2
2026-05-03 10:37:00,30.16,55.48,76.49,69379.2,0,2
2026-05-03 10:38:00,30.66,52.91,75.96,69800.3,0,2
2026-05-03 10:39:00,30.53,54.31,75.65,69936.2,0,2
2026-05-03 10:40:00,30.82,54.62,75.56,70227.9,0,2
2026-05-03 10:41:00,30.55,54.63,75.18,70244.7,0,2
2026-05-03 10:42:00,30.33,54.81,75.0,70366.6,0,2
2026-05-03 10:43:00,30.5,54.14,75.06,70801.6,0,2
2026-05-03 10:44:00,31.31,52.39,74.93,70820.9,0,2
2026-05-03 10:45:00,30.85,54.83,74.86,71256.4,0,2
2026-05-03 10:46:00,31.36,55.41,74.38,71069.3,0,2
2026-05-03 10:47:00,30.77,51.71,74.53,71455.0,1,2
2026-05-03 10:48:00,31.09,51.09,74.65,71624.4,0,2
2026-05-03 10:49:00,30.64,52.84,74.25,71867.1,0,2
2026-05-03 10:50:00,31.02,53.24,73.63,72108.7,0,2
2026-05-03 10:51:00,31.62,52.62,74.1,72323.2,0,2
2026-05-03 10:52:00,30.92,54.07,74.79,72541.2,0,2
2026-05-03 10:53:00,30.99,53.9,74.82,72742.0,0,2
2026-05-03 10:54:00,31.42,53.05,74.59,72821.3,0,2
2026-05-03 10:55:00,31.29,54.92,74.96,73295.2,0,2
2026-05-03 10:56:00,31.79,51.59,75.09,73404.5,0,2
2026-05-03 10:57:00,31.3,54.47,74.91,73381.1,0,2
2026-05-03 10:58:00,31.43,55.58,75.25,73583.0,0,2
2026-05-03 10:59:00,31.54,51.28,74.82,73742.8,0,2
2026-05-03 11:00:00,31.24,51.12,74.44,74017.0,0,2
2026-05-03 11:01:00,31.23,53.69,74.52,74034.7,0,2
2026-05-03 11:02:00,31.26,54.21,74.49,74232.8,0,2
2026-05-03 11:03:00,30.83,54.08,74.69,74261.7,0,2
2026-05-03 11:04:00,31.69,50.29,75.13,74665.9,0,2
2026-05-03 11:05:00,31.43,51.17,74.37,75009.0,0,2
2026-05-03 11:06:00,31.68,52.24,74.31,75027.8,0,2
2026-05-03 11:07:00,32.12,52.74,75.05,75212.8,0,2
2026-05-03 11:08:00,31.67,52.43,74.71,75435.1,0,2
2026-05-03 11:09:00,32.13,52.47,74.32,75443.8,0,2
2026-05-03 11:10:00,31.62,53.16,73.27,75737.6,0,2
2026-05-03 11:11:00,31.89,53.67,73.25,76019.9,0,2
2026-05-03 11:12:00,32.55,50.24,73.44,76126.3,0,2
2026-05-03 11:13:00,32.05,52.43,73.63,76368.1,0,2
2026-05-03 11:14:00,32.53,53.38,73.11,76561.8,0,2
2026-05-03 11:15:00,32.85,50.26,73.04,76664.0,0,2
2026-05-03 11:16:00,32.21,51.36,73.08,76678.2,0,2
2026-05-03 11:17:00,32.2,52.23,73.04,76904.5,0,2
2026-05-03 11:18:00,31.87,51.31,72.5,77350.9,0,2
2026-05-03 11:19:00,32.53,50.25,72.48,77339.4,0,2
2026-05-03 11:20:00,32.61,51.13,72.72,77490.8,0,2
2026-05-03 11:21:00,32.75,51.05,72.48,77519.6,1,2
2026-05-03 11:22:00,32.96,51.96,73.14,77783.3,1,2
2026-05-03 11:23:00,32.41,50.76,73.77,78025.5,1,2
2026-05-03 11:24:00,33.18,50.79,74.36,78105.2,1,2
2026-05-03 11:25:00,32.69,52.91,74.63,78177.9,1,2
2026-05-03 11:26:00,32.9,52.55,75.43,78330.8,1,2
2026-05-03 11:27:00,32.84,51.09,76.32,78658.7,1,2
2026-05-03 11:28:00,32.72,51.62,77.53,78725.0,1,2
2026-05-03 11:29:00,32.66,50.39,78.41,78852.3,0,2
2026-05-03 11:30:00,33.06,51.26,79.14,79003.0,0,2
2026-05-03 11:31:00,32.82,53.09,78.9,78939.7,1,2
2026-05-03 11:32:00,33.05,52.49,79.2,79242.9,0,2
2026-05-03 11:33:00,33.05,50.9,79.08,79496.5,0,2
2026-05-03 11:34:00,33.11,51.26,79.11,79485.0,0,2
2026-05-03 11:35:00,32.8,50.39,80.33,79769.9,0,2
2026-05-03 11:36:00,32.51,50.57,80.25,79858.6,0,2
2026-05-03 11:37:00,33.56,49.78,79.62,80019.3,0,2
2026-05-03 11:38:00,33.68,50.37,80.44,80086.6,0,2
2026-05-03 11:39:00,32.81,52.14,80.76,80305.0,0,2
2026-05-03 11:40:00,33.6,50.06,81.66,80134.1,0,3
2026-05-03 11:41:00,33.6,50.69,81.64,80457.3,0,3
2026-05-03 11:42:00,33.26,47.57,81.81,80659.6,0,3
2026-05-03 11:43:00,33.87,49.99,82.86,80718.7,0,3
2026-05-03 11:44:00,33.97,48.89,82.74,80931.7,0,3
2026-05-03 11:45:00,34.0,48.1,83.23,80897.0,0,3
2026-05-03 11:46:00,34.22,49.83,83.84,80968.5,0,3
2026-05-03 11:47:00,34.08,51.22,84.06,80956.9,0,3
2026-05-03 11:48:00,33.67,50.04,84.55,81229.9,0,3
2026-05-03 11:49:00,33.93,50.75,85.14,81446.9,0,3
2026-05-03 11:50:00,34.07,49.0,85.94,81590.8,0,3
2026-05-03 11:51:00,34.4,51.5,87.17,81431.9,0,3
2026-05-03 11:52:00,34.0,47.7,88.93,81866.2,0,3
2026-05-03 11:53:00,33.96,49.54,89.47,81739.7,0,3
2026-05-03 11:54:00,33.75,50.86,89.72,81956.4,1,3
2026-05-03 11:55:00,34.42,48.97,90.43,82028.5,1,3
2026-05-03 11:56:00,34.3,50.83,90.81,82273.4,0,3
2026-05-03 11:57:00,34.08,47.0,90.45,82344.6,0,3
2026-05-03 11:58:00,34.54,48.72,90.78,82500.8,0,3
2026-05-03 11:59:00,34.3,48.88,91.59,82754.5,0,3
2026-05-03 12:00:00,34.1,49.32,91.3,82695.0,0,3
2026-05-03 12:01:00,34.81,46.57,91.32,82667.7,0,3
2026-05-03 12:02:00,34.01,49.24,91.4,82869.2,0,3
2026-05-03 12:03:00,34.6,48.35,92.03,83135.4,0,3
2026-05-03 12:04:00,34.58,49.07,93.55,83062.6,0,3
2026-05-03 12:05:00,34.25,50.57,93.72,83190.8,0,3
2026-05-03 12:06:00,34.78,48.64,94.34,82964.3,0,3
2026-05-03 12:07:00,34.57,49.3,94.67,83266.9,0,3
2026-05-03 12:08:00,35.21,49.42,94.86,83277.8,0,3
2026-05-03 12:09:00,35.08,49.51,95.18,83310.7,0,3
2026-05-03 12:10:00,34.93,45.43,95.39,83447.0,0,3
2026-05-03 12:11:00,34.3,50.14,97.04,83556.5,0,3
2026-05-03 12:12:00,34.83,49.39,97.65,83556.5,0,3
2026-05-03 12:13:00,34.85,48.1,97.95,83727.6,0,3
2026-05-03 12:14:00,35.35,47.15,99.03,83763.5,0,3
2026-05-03 12:15:00,35.14,46.65,99.5,83928.6,0,3
2026-05-03 12:16:00,35.22,45.57,99.8,83948.7,0,3
2026-05-03 12:17:00,35.44,48.61,100.23,84056.7,0,3
2026-05-03 12:18:00,35.63,48.23,100.63,84194.4,0,3
2026-05-03 12:19:00,35.63,47.2,100.4,84196.7,1,3
2026-05-03 12:20:00,35.45,48.43,100.16,84217.4,0,3
2026-05-03 12:21:00,35.28,49.03,100.69,84032.5,0,3
2026-05-03 12:22:00,35.5,45.34,101.1,84415.8,0,3
2026-05-03 12:23:00,35.43,47.9,101.99,84316.4,0,3
2026-05-03 12:24:00,35.68,46.96,101.97,84463.1,0,3
2026-05-03 12:25:00,35.38,48.19,101.88,84572.8,0,3
2026-05-03 12:26:00,35.79,47.32,102.7,84745.4,0,3
2026-05-03 12:27:00,35.62,48.26,103.05,84862.0,0,3
2026-05-03 12:28:00,35.75,45.26,103.99,84606.1,0,3
2026-05-03 12:29:00,35.39,49.23,104.46,84605.1,0,3
2026-05-03 12:30:00,35.67,46.64,105.81,84845.8,0,3
2026-05-03 12:31:00,35.89,46.8,106.64,84882.8,0,3
2026-05-03 12:32:00,35.77,45.01,107.3,84747.1,0,3
2026-05-03 12:33:00,35.27,47.69,107.98,84927.1,0,3
2026-05-03 12:34:00,35.59,47.35,108.22,85060.7,1,3
2026-05-03 12:35:00,36.03,46.67,107.96,84886.6,1,3
2026-05-03 12:36:00,36.36,45.41,108.42,84947.0,1,3
2026-05-03 12:37:00,35.97,45.38,109.56,85013.8,1,3
2026-05-03 12:38:00,35.94,47.65,108.86,85105.6,0,3
2026-05-03 12:39:00,36.37,44.2,109.62,85251.7,1,3
2026-05-03 12:40:00,36.15,47.55,109.45,85151.5,1,3
2026-05-03 12:41:00,36.38,48.31,109.99,85210.9,1,3
2026-05-03 12:42:00,36.16,49.24,110.61,85499.2,1,3
2026-05-03 12:43:00,36.17,45.26,111.44,85134.2,1,3
2026-05-03 12:44:00,36.52,46.79,111.97,85197.1,0,3
2026-05-03 12:45:00,36.52,45.4,113.0,85376.7,0,3
2026-05-03 12:46:00,36.31,47.83,114.01,85435.4,0,3
2026-05-03 12:47:00,36.15,47.06,114.46,85384.3,0,3
2026-05-03 12:48:00,36.05,46.38,115.45,85557.4,0,3
2026-05-03 12:49:00,36.12,45.53,115.73,85391.9,0,3
2026-05-03 12:50:00,36.39,45.81,116.03,85148.7,0,3
2026-05-03 12:51:00,36.67,45.06,115.93,85432.9,0,3
2026-05-03 12:52:00,36.21,46.48,116.89,85387.5,0,3
2026-05-03 12:53:00,36.26,46.46,116.32,85635.5,0,3
2026-05-03 12:54:00,36.8,45.02,114.83,85603.8,0,3
2026-05-03 12:55:00,37.13,44.44,114.65,85326.7,0,3
2026-05-03 12:56:00,37.05,46.08,114.04,85680.0,0,3
2026-05-03 12:57:00,36.35,47.14,113.5,85648.0,0,3
2026-05-03 12:58:00,36.95,44.5,113.0,85511.5,0,3
2026-05-03 12:59:00,37.13,45.16,112.45,85551.3,0,2
2026-05-03 13:00:00,36.8,44.64,113.23,85721.9,0,2
2026-05-03 13:01:00,36.9,48.67,113.54,85315.6,0,2
2026-05-03 13:02:00,37.08,44.16,113.42,85582.9,0,2
2026-05-03 13:03:00,37.15,45.49,113.11,85678.8,0,2
2026-05-03 13:04:00,37.16,45.71,113.18,85510.3,0,2
2026-05-03 13:05:00,37.28,44.2,112.86,85571.3,0,2
2026-05-03 13:06:00,37.19,44.1,112.79,85495.2,0,2
2026-05-03 13:07:00,37.02,45.04,112.62,85376.7,0,2
2026-05-03 13:08:00,37.1,44.23,112.25,85364.7,0,2
2026-05-03 13:09:00,37.05,45.56,112.24,85548.3,0,2
2026-05-03 13:10:00,37.16,44.16,111.64,85386.7,0,2
2026-05-03 13:11:00,37.45,44.95,111.26,85259.7,0,2
2026-05-03 13:12:00,37.15,42.71,110.42,85450.0,0,2
2026-05-03 13:13:00,37.64,43.53,109.65,85335.6,0,2
2026-05-03 13:14:00,37.16,44.67,108.17,85226.9,0,2
2026-05-03 13:15:00,37.49,45.91,108.0,85381.8,0,2
2026-05-03 13:16:00,37.68,42.23,107.95,85454.2,0,2
2026-05-03 13:17:00,37.62,45.75,108.05,85338.8,0,2
2026-05-03 13:18:00,37.08,46.08,107.2,85168.3,0,2
2026-05-03 13:19:00,37.61,42.41,107.02,85322.6,0,2
2026-05-03 13:20:00,37.42,45.46,106.66,85335.9,0,2
2026-05-03 13:21:00,37.31,43.86,106.62,85448.5,0,2
2026-05-03 13:22:00,37.72,45.07,105.97,85328.1,0,2
2026-05-03 13:23:00,37.39,45.62,105.47,85011.0,0,2
2026-05-03 13:24:00,37.79,45.25,104.45,85194.5,0,2
2026-05-03 13:25:00,38.12,43.14,103.81,85059.5,0,2
2026-05-03 13:26:00,37.87,45.01,103.48,84847.4,0,2
2026-05-03 13:27:00,37.76,46.18,103.23,84987.6,0,2
2026-05-03 13:28:00,37.81,43.91,102.18,85151.7,0,2
2026-05-03 13:29:00,38.11,43.65,101.65,85011.7,0,2
2026-05-03 13:30:00,37.84,45.08,101.42,84697.4,0,2
2026-05-03 13:31:00,37.83,40.83,101.72,84754.3,0,2
2026-05-03 13:32:00,37.74,43.19,101.05,84757.4,0,2
2026-05-03 13:33:00,37.78,45.52,100.96,84417.8,1,2
2026-05-03 13:34:00,38.25,43.83,100.41,84382.8,0,2
2026-05-03 13:35:00,37.94,43.83,99.92,84567.7,0,2
2026-05-03 13:36:00,38.23,42.55,99.25,84508.1,0,2
2026-05-03 13:37:00,38.28,43.65,98.52,84192.8,0,2
2026-05-03 13:38:00,37.91,43.5,98.04,84370.2,0,2
2026-05-03 13:39:00,37.97,41.94,98.23,84380.3,0,2
2026-05-03 13:40:00,38.34,45.08,97.63,84173.0,0,2
2026-05-03 13:41:00,38.26,42.8,96.97,84144.8,0,2
2026-05-03 13:42:00,38.21,43.38,97.47,84123.3,0,2
2026-05-03 13:43:00,38.39,41.31,97.81,84034.2,1,2
2026-05-03 13:44:00,38.56,42.58,98.16,83695.8,0,2
2026-05-03 13:45:00,38.32,44.76,98.8,83708.9,0,2
2026-05-03 13:46:00,38.21,44.82,98.74,83701.7,1,2
2026-05-03 13:47:00,38.41,43.46,98.94,83573.6,1,2
2026-05-03 13:48:00,38.21,42.96,99.72,83788.7,1,2
2026-05-03 13:49:00,38.47,43.38,99.99,83606.0,0,2
2026-05-03 13:50:00,38.46,43.97,100.72,83309.4,1,2
2026-05-03 13:51:00,38.28,41.82,101.63,83324.9,1,2
2026-05-03 13:52:00,38.4,43.74,102.33,83424.7,1,2
2026-05-03 13:53:00,38.45,44.29,102.06,83123.9,1,2
2026-05-03 13:54:00,38.74,42.9,102.48,83225.8,1,2
2026-05-03 13:55:00,38.36,43.48,103.32,83180.5,1,2
2026-05-03 13:56:00,38.4,42.57,104.02,83074.7,1,2
2026-05-03 13:57:00,38.53,43.62,104.45,82847.3,0,2
2026-05-03 13:58:00,38.79,44.83,104.05,82894.5,0,2
2026-05-03 13:59:00,38.85,44.5,104.11,82582.7,0,2
2026-05-03 14:00:00,38.75,42.25,104.49,82856.1,1,2
2026-05-03 14:01:00,38.89,42.3,104.42,82505.7,0,2
2026-05-03 14:02:00,39.02,44.21,105.23,82493.8,0,2
2026-05-03 14:03:00,38.79,43.6,105.68,82215.1,0,2
2026-05-03 14:04:00,38.57,43.89,105.41,82213.0,0,2
2026-05-03 14:05:00,38.77,40.75,105.56,82138.0,0,2
2026-05-03 14:06:00,38.47,44.44,106.03,81857.0,0,2
2026-05-03 14:07:00,38.93,42.36,106.54,81745.5,0,3
2026-05-03 14:08:00,38.73,43.26,107.7,81709.1,0,3
2026-05-03 14:09:00,38.9,41.89,108.54,81760.8,0,3
2026-05-03 14:10:00,38.87,44.76,108.31,81274.6,0,3
2026-05-03 14:11:00,38.81,41.69,108.16,81336.1,0,3
2026-05-03 14:12:00,38.98,44.97,108.54,81423.8,1,3
2026-05-03 14:13:00,38.91,42.76,109.13,81002.1,0,3
2026-05-03 14:14:00,38.8,42.67,109.97,81196.7,0,3
2026-05-03 14:15:00,38.71,41.95,111.09,80788.0,1,3
2026-05-03 14:16:00,39.09,41.85,112.47,80688.6,1,3
2026-05-03 14:17:00,38.71,42.76,112.73,80653.3,1,3
2026-05-03 14:18:00,39.48,42.09,113.51,80787.6,1,3
2026-05-03 14:19:00,39.37,42.73,114.04,80369.6,1,3
2026-05-03 14:20:00,38.67,42.82,114.05,80121.8,0,3
2026-05-03 14:21:00,39.24,42.92,113.59,80012.8,1,3
2026-05-03 14:22:00,39.38,43.49,114.03,80178.4,0,3
2026-05-03 14:23:00,38.96,43.92,113.99,79781.0,0,3
2026-05-03 14:24:00,39.21,43.05,113.97,79950.8,0,3
2026-05-03 14:25:00,39.11,43.05,113.28,79678.3,0,3
2026-05-03 14:26:00,39.32,40.87,112.99,79529.7,0,3
2026-05-03 14:27:00,39.06,42.77,113.16,79450.4,0,3
2026-05-03 14:28:00,39.43,40.69,112.77,79178.8,0,3
2026-05-03 14:29:00,39.16,43.6,112.16,79139.6,0,3
2026-05-03 14:30:00,39.13,42.77,110.88,78827.9,0,2
2026-05-03 14:31:00,39.38,43.42,110.72,79009.6,0,2
2026-05-03 14:32:00,39.46,43.37,110.37,78566.8,0,2
2026-05-03 14:33:00,38.66,43.6,109.77,78597.1,0,2
2026-05-03 14:34:00,38.53,42.44,109.92,78268.0,0,2
2026-05-03 14:35:00,39.36,39.41,109.05,78174.8,0,2
2026-05-03 14:36:00,39.12,43.09,108.4,78042.1,0,2
2026-05-03 14:37:00,38.96,42.45,107.95,78280.4,0,2
2026-05-03 14:38:00,39.21,43.26,107.37,77764.6,0,2
2026-05-03 14:39:00,40.05,41.97,107.28,77508.4,0,2
2026-05-03 14:40:00,39.0,43.32,107.15,77409.3,0,2
2026-05-03 14:41:00,39.56,42.11,108.0,77128.7,0,2
2026-05-03 14:42:00,39.16,40.39,108.75,77122.1,0,2
2026-05-03 14:43:00,39.0,44.12,109.1,77194.1,0,2
2026-05-03 14:44:00,39.22,40.79,109.33,76837.3,0,2
2026-05-03 14:45:00,39.02,41.79,110.03,76741.5,0,2
2026-05-03 14:46:00,39.0,42.21,110.49,76347.0,0,2
2026-05-03 14:47:00,39.22,42.32,110.96,76258.4,0,2
2026-05-03 14:48:00,39.14,42.03,111.75,76139.8,0,2
2026-05-03 14:49:00,39.38,41.4,112.38,75861.3,1,2
2026-05-03 14:50:00,39.47,42.91,113.02,75822.2,1,2
2026-05-03 14:51:00,39.24,40.67,113.17,75666.6,1,2
2026-05-03 14:52:00,39.6,41.26,114.33,75477.6,1,2
2026-05-03 14:53:00,39.29,39.68,114.17,75212.1,1,2
2026-05-03 14:54:00,39.42,40.77,114.84,75204.6,0,2
2026-05-03 14:55:00,38.92,40.83,114.99,74867.8,0,2
2026-05-03 14:56:00,39.49,42.79,115.84,74666.2,0,2
2026-05-03 14:57:00,40.04,41.37,116.83,74721.0,0,2
2026-05-03 14:58:00,39.68,40.67,117.14,74221.8,0,2
2026-05-03 14:59:00,39.45,38.13,118.21,73963.1,0,2
2026-05-03 15:00:00,39.21,40.48,118.48,73883.2,0,2
2026-05-03 15:01:00,39.91,40.01,119.33,73845.1,1,3
2026-05-03 15:02:00,39.47,41.51,119.56,73770.4,1,3
2026-05-03 15:03:00,39.35,43.03,120.15,73372.1,1,3
2026-05-03 15:04:00,39.36,40.37,120.3,73459.0,1,3
2026-05-03 15:05:00,40.04,39.52,120.75,73042.0,1,3
2026-05-03 15:06:00,39.5,39.89,121.3,72839.8,1,3
2026-05-03 15:07:00,39.64,41.7,122.24,72557.3,0,3
2026-05-03 15:08:00,39.48,39.32,122.3,72704.5,0,3
2026-05-03 15:09:00,39.52,39.75,124.19,72281.1,0,3
2026-05-03 15:10:00,39.44,42.56,123.94,71928.4,0,3
2026-05-03 15:11:00,39.9,43.17,124.48,72193.2,0,3
2026-05-03 15:12:00,39.56,41.89,124.95,71756.7,0,3
2026-05-03 15:13:00,39.2,41.95,125.58,71587.2,0,3
2026-05-03 15:14:00,39.65,44.3,125.94,71483.2,0,3
2026-05-03 15:15:00,39.53,41.24,126.57,71167.7,0,3
2026-05-03 15:16:00,39.65,41.06,126.78,71005.2,0,3
2026-05-03 15:17:00,39.48,41.29,128.16,70684.8,0,3
2026-05-03 15:18:00,39.42,43.81,128.27,70554.5,0,3
2026-05-03 15:19:00,39.78,42.15,128.54,70227.1,0,3
2026-05-03 15:20:00,40.03,41.8,128.79,70042.2,0,3
2026-05-03 15:21:00,39.1,42.86,128.74,69849.1,1,3
2026-05-03 15:22:00,39.58,41.24,128.67,69572.7,1,3
2026-05-03 15:23:00,39.43,41.62,129.27,69479.0,1,3
2026-05-03 15:24:00,39.33,40.98,129.36,69277.7,1,3
2026-05-03 15:25:00,39.02,42.1,129.43,69098.2,1,3
2026-05-03 15:26:00,39.65,42.03,129.42,68857.0,0,3
2026-05-03 15:27:00,39.44,41.75,129.94,68797.1,1,3
2026-05-03 15:28:00,39.42,42.98,130.29,68458.3,1,3
2026-05-03 15:29:00,39.85,41.72,130.62,68100.9,1,3
2026-05-03 15:30:00,39.44,42.21,130.83,67942.8,0,3
2026-05-03 15:31:00,39.43,40.96,131.47,67815.8,0,3
2026-05-03 15:32:00,39.21,40.83,131.55,67323.7,0,3
2026-05-03 15:33:00,39.31,40.81,131.92,67435.2,1,3
2026-05-03 15:34:00,39.9,42.64,132.26,66861.2,0,3
2026-05-03 15:35:00,39.69,39.57,131.96,66824.6,0,3
2026-05-03 15:36:00,39.85,41.64,133.3,66504.4,0,3
2026-05-03 15:37:00,39.31,42.39,133.89,66260.9,0,3
2026-05-03 15:38:00,39.61,40.92,134.58,65886.9,0,3
2026-05-03 15:39:00,39.78,41.47,135.11,65929.3,0,3
2026-05-03 15:40:00,39.65,41.89,136.44,65423.3,0,3
2026-05-03 15:41:00,39.9,39.96,137.44,65197.3,0,3
2026-05-03 15:42:00,39.6,40.82,137.97,65256.5,0,3
2026-05-03 15:43:00,39.49,41.75,137.97,65116.1,0,3
2026-05-03 15:44:00,38.9,42.62,138.13,64588.4,0,3
2026-05-03 15:45:00,39.58,40.08,137.82,64562.1,0,3
2026-05-03 15:46:00,39.62,41.74,138.21,64306.0,0,3
2026-05-03 15:47:00,39.75,41.6,138.92,63958.3,0,3
2026-05-03 15:48:00,39.26,43.34,139.76,63877.6,0,3
2026-05-03 15:49:00,39.44,41.86,140.49,63443.5,1,3
2026-05-03 15:50:00,39.04,41.96,140.78,63281.0,0,3
2026-05-03 15:51:00,39.02,43.39,141.32,62825.8,0,3
2026-05-03 15:52:00,39.55,43.07,141.04,62595.0,0,3
2026-05-03 15:53:00,39.72,39.82,139.44,62635.0,0,3
2026-05-03 15:54:00,39.72,40.86,138.95,62340.7,0,3
2026-05-03 15:55:00,39.5,39.26,139.23,62014.6,0,3
2026-05-03 15:56:00,39.89,40.1,138.48,62012.4,0,3
2026-05-03 15:57:00,39.27,43.9,136.78,61769.8,0,2
2026-05-03 15:58:00,39.58,40.39,135.83,61351.9,0,2
2026-05-03 15:59:00,39.02,43.03,134.47,60874.7,0,2
2026-05-03 16:00:00,38.55,43.62,133.62,60795.0,0,2
2026-05-03 16:01:00,39.2,41.51,132.54,60438.1,0,2
2026-05-03 16:02:00,39.28,41.56,132.39,60282.2,0,2
2026-05-03 16:03:00,39.35,43.67,132.18,59897.9,0,2
2026-05-03 16:04:00,39.24,43.29,131.78,59596.8,0,2
2026-05-03 16:05:00,39.36,44.67,131.76,59197.8,0,2
2026-05-03 16:06:00,39.69,38.46,130.96,59213.8,0,2
2026-05-03 16:07:00,39.43,42.54,130.45,58661.8,0,2
2026-05-03 16:08:00,39.04,39.58,130.86,58645.8,0,2
2026-05-03 16:09:00,38.58,43.02,130.56,58521.8,0,2
2026-05-03 16:10:00,38.93,42.32,130.27,58103.3,0,2
2026-05-03 16:11:00,39.52,40.38,129.39,57794.5,0,2
2026-05-03 16:12:00,39.04,41.7,128.67,57652.4,0,2
2026-05-03 16:13:00,39.32,41.67,127.71,57297.8,0,2
2026-05-03 16:14:00,39.3,42.59,129.01,57148.2,0,2
2026-05-03 16:15:00,39.11,40.96,128.7,56741.3,0,2
2026-05-03 16:16:00,39.08,41.48,129.5,56613.0,0,2
2026-05-03 16:17:00,38.92,43.22,130.2,56313.4,0,2
2026-05-03 16:18:00,39.63,42.47,130.1,56083.1,0,2
2026-05-03 16:19:00,38.81,45.9,131.0,56014.6,0,2
2026-05-03 16:20:00,39.32,42.24,131.25,55569.3,0,2
2026-05-03 16:21:00,39.23,42.92,131.27,55333.4,0,2
2026-05-03 16:22:00,39.16,41.99,131.98,54933.2,0,2
2026-05-03 16:23:00,38.95,44.23,132.13,54784.8,0,2
2026-05-03 16:24:00,38.6,41.93,132.48,54453.7,0,2
2026-05-03 16:25:00,38.66,42.87,132.7,54226.9,0,2
2026-05-03 16:26:00,38.74,43.15,132.93,54024.5,0,2
2026-05-03 16:27:00,39.0,43.06,132.76,53617.4,0,2
2026-05-03 16:28:00,39.11,43.45,133.66,53369.4,0,2
2026-05-03 16:29:00,38.95,42.31,134.3,53069.2,0,2
2026-05-03 16:30:00,38.92,43.67,135.02,52786.4,0,2
2026-05-03 16:31:00,39.09,40.66,135.35,52552.3,0,2
2026-05-03 16:32:00,38.29,43.78,135.78,52168.1,1,2
2026-05-03 16:33:00,38.24,41.28,136.02,52048.0,0,2
2026-05-03 16:34:00,38.38,43.08,136.32,51870.6,1,2
2026-05-03 16:35:00,38.98,45.51,137.65,51145.3,0,2
2026-05-03 16:36:00,38.22,43.89,138.44,50907.7,0,2
2026-05-03 16:37:00,38.7,42.33,138.62,50671.3,1,3
2026-05-03 16:38:00,38.45,43.86,138.51,50174.8,1,2
2026-05-03 16:39:00,38.7,42.85,138.28,49763.4,1,2
2026-05-03 16:40:00,38.6,41.69,138.35,49763.4,1,3
2026-05-03 16:41:00,38.68,40.72,138.78,49357.3,0,3
2026-05-03 16:42:00,38.49,43.18,139.19,49032.7,0,3
2026-05-03 16:43:00,38.74,42.61,139.65,48887.7,0,3
2026-05-03 16:44:00,38.91,42.3,140.22,48524.6,0,3
2026-05-03 16:45:00,38.84,43.72,140.39,48144.6,0,3
2026-05-03 16:46:00,38.41,44.98,141.58,47750.8,0,3
2026-05-03 16:47:00,38.26,44.42,140.87,47526.0,0,3
2026-05-03 16:48:00,38.5,42.81,140.38,47446.5,0,3
2026-05-03 16:49:00,38.92,42.78,139.48,47100.0,0,3
2026-05-03 16:50:00,38.38,44.7,139.01,46711.7,0,2
2026-05-03 16:51:00,38.58,44.16,139.3,46661.5,0,3
2026-05-03 16:52:00,38.54,43.85,138.26,46145.7,0,2
2026-05-03 16:53:00,38.51,42.62,137.18,45997.7,0,2
2026-05-03 16:54:00,38.61,44.39,136.22,45619.8,0,2
2026-05-03 16:55:00,37.94,45.7,135.49,45539.2,0,2
2026-05-03 16:56:00,38.0,44.99,134.7,45111.1,0,2
2026-05-03 16:57:00,38.22,47.22,133.68,44739.4,0,2
2026-05-03 16:58:00,38.49,44.21,133.11,44425.2,0,2
2026-05-03 16:59:00,38.46,44.73,133.23,44157.3,0,2
2026-05-03 17:00:00,38.11,44.61,132.62,43784.2,0,2
2026-05-03 17:01:00,38.34,43.36,132.03,43419.0,0,2
2026-05-03 17:02:00,37.96,42.64,131.63,43331.6,0,2
2026-05-03 17:03:00,37.83,43.31,131.37,42941.7,0,2
2026-05-03 17:04:00,37.67,43.54,131.42,42652.3,0,2
2026-05-03 17:05:00,37.94,42.63,130.98,42416.6,0,2
2026-05-03 17:06:00,37.86,43.85,130.43,42143.9,0,2
2026-05-03 17:07:00,38.17,43.77,129.46,41848.6,0,2
2026-05-03 17:08:00,38.02,45.4,129.25,41766.2,0,2
2026-05-03 17:09:00,37.86,42.74,128.36,41346.7,0,2
2026-05-03 17:10:00,37.83,45.3,127.47,41229.5,0,2
2026-05-03 17:11:00,37.68,44.77,127.04,40633.1,0,2
2026-05-03 17:12:00,37.31,45.42,127.2,40488.8,0,2
2026-05-03 17:13:00,37.43,44.69,127.0,40057.5,0,2
2026-05-03 17:14:00,37.89,46.67,126.47,39744.8,0,2
2026-05-03 17:15:00,37.62,43.59,125.54,39778.1,0,2
2026-05-03 17:16:00,37.29,44.32,125.7,39136.7,0,2
2026-05-03 17:17:00,37.93,44.24,125.17,38669.2,0,2
2026-05-03 17:18:00,37.98,44.51,124.55,38560.1,0,2
2026-05-03 17:19:00,37.82,44.52,124.29,38111.9,0,2
2026-05-03 17:20:00,37.59,44.52,123.61,37946.5,0,2
2026-05-03 17:21:00,37.52,45.31,122.8,37665.3,0,2
2026-05-03 17:22:00,37.41,45.55,122.04,37480.1,0,2
2026-05-03 17:23:00,37.42,44.77,121.28,36937.4,0,2
2026-05-03 17:24:00,37.5,46.91,120.34,37034.3,0,2
2026-05-03 17:25:00,37.48,45.26,119.35,36373.0,0,2
2026-05-03 17:26:00,37.38,44.54,119.33,36290.1,0,2
2026-05-03 17:27:00,36.41,47.72,119.18,35973.8,0,2
2026-05-03 17:28:00,37.48,42.29,118.39,35818.9,0,2
2026-05-03 17:29:00,37.2,43.76,118.34,35469.3,0,2
2026-05-03 17:30:00,36.78,45.47,118.04,35276.8,0,2
2026-05-03 17:31:00,37.13,43.81,117.46,34798.2,0,2
2026-05-03 17:32:00,37.11,46.2,116.51,34493.1,0,2
2026-05-03 17:33:00,36.61,46.87,116.24,34305.6,0,2
2026-05-03 17:34:00,36.8,47.64,116.63,34086.9,0,2
2026-05-03 17:35:00,36.65,45.2,116.21,33769.8,0,2
2026-05-03 17:36:00,36.64,46.58,116.22,33416.9,0,2
2026-05-03 17:37:00,36.99,46.95,115.7,33113.7,0,2
2026-05-03 17:38:00,36.65,46.09,115.68,32789.1,0,2
2026-05-03 17:39:00,36.79,46.88,115.19,32550.3,0,2
2026-05-03 17:40:00,36.91,45.41,113.74,32453.2,0,2
2026-05-03 17:41:00,36.58,47.57,113.03,31887.8,0,2
2026-05-03 17:42:00,36.84,44.71,112.7,31581.3,1,2
2026-05-03 17:43:00,36.94,43.62,112.78,31280.4,0,2
2026-05-03 17:44:00,36.77,45.26,112.32,31088.4,0,2
2026-05-03 17:45:00,36.67,45.76,111.94,30495.7,0,2
2026-05-03 17:46:00,36.69,46.36,111.3,30442.9,0,2
2026-05-03 17:47:00,36.53,46.59,111.6,30273.7,0,2
2026-05-03 17:48:00,36.61,45.1,111.86,29814.1,0,2
2026-05-03 17:49:00,36.06,45.52,111.18,29609.0,0,2
2026-05-03 17:50:00,36.29,48.35,110.14,29549.4,0,2
2026-05-03 17:51:00,36.36,46.13,108.99,29045.9,0,2
2026-05-03 17:52:00,36.2,45.95,108.89,28447.6,0,2
2026-05-03 17:53:00,36.8,46.06,108.6,28257.5,0,2
2026-05-03 17:54:00,36.09,45.52,107.9,28107.3,0,2
2026-05-03 17:55:00,35.64,46.44,107.67,27752.0,0,2
2026-05-03 17:56:00,36.06,47.67,106.8,27572.2,0,2
2026-05-03 17:57:00,36.21,45.29,106.8,27236.0,0,2
2026-05-03 17:58:00,35.74,45.57,106.3,27123.3,0,2
2026-05-03 17:59:00,35.9,46.51,105.5,26564.7,0,2
2026-05-03 18:00:00,35.85,47.32,105.02,26383.5,0,2
2026-05-03 18:01:00,35.81,48.72,104.53,26147.5,0,2
2026-05-03 18:02:00,35.63,47.73,104.37,25875.8,0,2
2026-05-03 18:03:00,36.01,47.41,104.56,25566.3,0,2
2026-05-03 18:04:00,36.23,45.25,104.72,24973.6,0,2
2026-05-03 18:05:00,35.43,47.82,104.47,24987.7,0,2
2026-05-03 18:06:00,35.27,46.48,104.06,24674.7,0,2
2026-05-03 18:07:00,35.44,48.68,103.5,24512.1,0,2
2026-05-03 18:08:00,35.86,47.14,102.43,24211.2,0,2
2026-05-03 18:09:00,35.39,47.59,102.12,23869.9,0,2
2026-05-03 18:10:00,35.5,48.1,101.46,23595.6,0,2
2026-05-03 18:11:00,35.14,47.42,101.7,23437.8,0,2
2026-05-03 18:12:00,35.76,46.55,101.32,23131.6,0,2
2026-05-03 18:13:00,35.2,46.78,101.35,22745.2,0,2
2026-05-03 18:14:00,35.28,49.94,100.85,22688.8,0,2
2026-05-03 18:15:00,34.98,47.96,100.27,22075.7,0,2
2026-05-03 18:16:00,34.9,47.96,100.25,21729.1,0,2
2026-05-03 18:17:00,35.08,48.92,100.09,21590.9,0,2
2026-05-03 18:18:00,35.06,48.13,99.94,21268.8,0,2
2026-05-03 18:19:00,35.2,45.14,99.62,20740.0,0,2
2026-05-03 18:20:00,34.51,51.31,99.68,20680.3,0,2
2026-05-03 18:21:00,34.65,48.12,99.68,20523.2,0,2
2026-05-03 18:22:00,34.67,47.66,98.46,20199.0,0,2
2026-05-03 18:23:00,34.82,48.26,98.08,19837.5,0,2
2026-05-03 18:24:00,34.46,48.34,98.25,19661.2,0,2
2026-05-03 18:25:00,34.67,48.06,97.54,19397.0,0,2
2026-05-03 18:26:00,34.49,49.06,96.55,19194.9,0,1
2026-05-03 18:27:00,34.56,46.58,96.25,18759.7,0,1
2026-05-03 18:28:00,34.36,49.98,96.23,18669.9,0,1
2026-05-03 18:29:00,34.25,50.4,95.78,18163.3,0,1
2026-05-03 18:30:00,34.52,46.84,96.1,17963.6,0,1
2026-05-03 18:31:00,34.68,49.19,96.65,17958.6,0,1
2026-05-03 18:32:00,34.56,47.79,95.56,17363.4,0,1
2026-05-03 18:33:00,34.59,48.25,95.15,17139.6,0,1
2026-05-03 18:34:00,34.57,49.23,93.93,16801.4,0,1
2026-05-03 18:35:00,34.17,50.4,93.99,16586.6,0,1
2026-05-03 18:36:00,34.63,49.12,93.47,16437.4,0,1
2026-05-03 18:37:00,34.3,47.51,93.05,16241.4,0,1
2026-05-03 18:38:00,33.83,49.92,93.33,15891.1,0,1
2026-05-03 18:39:00,33.85,50.4,92.54,15592.1,0,1
2026-05-03 18:40:00,34.01,48.66,91.65,15220.6,0,1
2026-05-03 18:41:00,34.14,48.39,90.47,15022.0,0,1
2026-05-03 18:42:00,33.81,49.78,90.83,14664.3,0,1
2026-05-03 18:43:00,33.58,50.88,91.09,14679.8,0,1
2026-05-03 18:44:00,33.97,48.96,90.77,14430.7,0,1
2026-05-03 18:45:00,33.44,50.67,90.03,14072.8,0,1
2026-05-03 18:46:00,33.75,48.44,90.2,13875.3,0,1
2026-05-03 18:47:00,33.64,50.43,91.21,13673.2,0,1
2026-05-03 18:48:00,33.24,48.48,90.9,13327.0,1,1
2026-05-03 18:49:00,33.97,50.01,90.18,13230.1,0,1
2026-05-03 18:50:00,33.48,51.38,90.53,12689.0,0,1
2026-05-03 18:51:00,33.13,50.62,89.84,12520.3,0,1
2026-05-03 18:52:00,33.39,51.12,89.49,12257.4,0,1
2026-05-03 18:53:00,32.9,51.44,88.17,12143.7,0,1
2026-05-03 18:54:00,33.37,48.83,87.87,11647.8,0,1
2026-05-03 18:55:00,33.44,48.96,87.16,11748.6,0,1
2026-05-03 18:56:00,33.85,49.37,87.55,11398.5,0,1
2026-05-03 18:57:00,33.15,50.61,86.96,11298.7,0,1
2026-05-03 18:58:00,32.91,50.18,87.15,10842.6,0,1
2026-05-03 18:59:00,33.08,49.43,86.94,10541.5,0,1
2026-05-03 19:00:00,33.34,47.1,86.84,10447.9,0,1
2026-05-03 19:01:00,33.05,52.94,86.91,10255.5,0,1
2026-05-03 19:02:00,33.08,52.93,86.72,9810.3,0,1
2026-05-03 19:03:00,33.01,49.97,86.29,9421.9,0,1
2026-05-03 19:04:00,32.9,49.41,85.78,9209.5,0,1
2026-05-03 19:05:00,32.37,53.62,85.86,9228.5,0,1
2026-05-03 19:06:00,32.31,49.42,84.89,9151.9,0,1
2026-05-03 19:07:00,32.23,53.31,85.47,8582.4,0,1
2026-05-03 19:08:00,32.27,52.78,85.38,8478.8,0,1
2026-05-03 19:09:00,32.25,51.63,85.09,8244.2,0,1
2026-05-03 19:10:00,32.94,52.76,85.06,8292.6,0,1
2026-05-03 19:11:00,32.25,51.26,84.66,8110.8,0,1
2026-05-03 19:12:00,32.4,52.85,84.45,7670.1,0,1
2026-05-03 19:13:00,32.26,51.73,83.82,7507.9,0,1
2026-05-03 19:14:00,32.32,50.49,83.85,7287.3,0,1
2026-05-03 19:15:00,32.24,54.51,83.69,6813.6,0,1
2026-05-03 19:16:00,31.86,51.75,83.64,6837.3,0,1
2026-05-03 19:17:00,32.27,51.5,84.15,6419.0,0,1
2026-05-03 19:18:00,31.9,53.51,83.66,6310.6,0,1
2026-05-03 19:19:00,31.85,54.1,83.47,6259.6,0,1
2026-05-03 19:20:00,31.9,50.96,82.63,5926.0,0,1
2026-05-03 19:21:00,32.13,53.95,82.75,5844.1,0,1
2026-05-03 19:22:00,31.72,52.79,82.62,5665.1,0,1
2026-05-03 19:23:00,31.85,52.51,82.5,5097.7,0,1
2026-05-03 19:24:00,31.87,52.38,82.31,4848.7,0,1
2026-05-03 19:25:00,31.79,52.68,81.94,5053.0,0,1
2026-05-03 19:26:00,31.72,50.92,82.9,4863.5,0,1
2026-05-03 19:27:00,31.27,53.91,82.79,4557.8,0,1
2026-05-03 19:28:00,31.6,53.2,82.78,4384.1,0,1
2026-05-03 19:29:00,31.29,52.95,82.16,4256.5,0,1
2026-05-03 19:30:00,31.03,54.01,82.42,4068.9,0,1
2026-05-03 19:31:00,31.3,53.13,82.24,3744.5,0,1
2026-05-03 19:32:00,31.23,53.38,82.3,3715.1,0,1
2026-05-03 19:33:00,32.05,52.83,82.56,3380.7,0,1
2026-05-03 19:34:00,31.51,52.82,82.38,3275.9,0,1
2026-05-03 19:35:00,31.41,52.3,81.96,3097.7,0,1
2026-05-03 19:36:00,31.06,54.63,80.83,2800.3,0,1
2026-05-03 19:37:00,31.06,52.42,80.55,2646.8,0,1
2026-05-03 19:38:00,31.7,54.08,80.15,2839.3,0,1
2026-05-03 19:39:00,30.85,53.6,79.55,2302.4,0,1
2026-05-03 19:40:00,31.02,54.83,80.08,2295.1,0,1
2026-05-03 19:41:00,31.36,55.02,80.4,2164.6,0,1
2026-05-03 19:42:00,30.67,54.19,79.5,1936.0,0,1
2026-05-03 19:43:00,30.83,55.08,79.47,1873.9,0,1
2026-05-03 19:44:00,30.74,54.92,79.02,1687.0,0,1
2026-05-03 19:45:00,30.47,54.76,79.09,1401.0,0,1
2026-05-03 19:46:00,30.84,54.75,78.65,1431.3,0,1
2026-05-03 19:47:00,30.31,54.43,78.33,1166.9,0,1
2026-05-03 19:48:00,30.73,56.14,78.66,1310.6,0,1
2026-05-03 19:49:00,30.6,54.47,78.92,1027.0,0,1
2026-05-03 19:50:00,30.66,53.4,79.47,769.7,0,1
2026-05-03 19:51:00,30.34,54.2,79.28,777.7,0,1
2026-05-03 19:52:00,30.43,55.66,78.55,513.7,0,1
2026-05-03 19:53:00,30.54,53.34,78.85,549.1,0,1
2026-05-03 19:54:00,29.88,57.63,79.15,390.6,0,1
2026-05-03 19:55:00,29.88,56.93,79.32,224.3,0,1
2026-05-03 19:56:00,30.28,53.33,78.89,136.0,0,1
2026-05-03 19:57:00,30.29,55.72,78.33,450.5,0,1
2026-05-03 19:58:00,30.07,53.95,78.46,100.7,0,1
2026-05-03 19:59:00,30.21,53.91,77.98,0.0,0,1
2026-05-03 20:00:00,29.84,54.86,77.76,0.0,0,1
2026-05-03 20:01:00,30.2,54.04,78.93,56.5,0,1
2026-05-03 20:02:00,29.81,56.34,79.74,0.0,0,1
2026-05-03 20:03:00,29.58,56.09,79.96,0.0,0,1
2026-05-03 20:04:00,30.08,55.59,79.55,0.0,0,1
2026-05-03 20:05:00,29.88,55.37,79.12,0.0,0,1
2026-05-03 20:06:00,29.51,55.25,79.32,0.0,0,1
2026-05-03 20:07:00,29.46,55.33,79.85,0.0,0,1
2026-05-03 20:08:00,29.67,56.99,79.5,0.0,0,1
2026-05-03 20:09:00,29.22,55.88,79.18,0.0,0,1
2026-05-03 20:10:00,29.5,57.58,79.1,0.0,0,1
2026-05-03 20:11:00,29.32,55.38,78.39,33.2,0,1
2026-05-03 20:12:00,29.37,56.14,77.69,267.1,0,1
2026-05-03 20:13:00,28.76,57.31,77.09,159.8,0,1
2026-05-03 20:14:00,28.99,58.04,77.24,233.0,0,1
2026-05-03 20:15:00,29.22,57.45,77.26,0.0,0,1
2026-05-03 20:16:00,29.37,56.45,77.66,201.0,0,1
2026-05-03 20:17:00,29.03,56.65,76.81,27.3,0,1
2026-05-03 20:18:00,29.19,55.24,76.07,118.4,0,1
2026-05-03 20:19:00,28.59,56.94,76.19,54.9,0,1
2026-05-03 20:20:00,28.8,59.6,75.73,0.0,0,1
2026-05-03 20:21:00,28.93,55.55,75.31,86.3,0,1
2026-05-03 20:22:00,28.79,56.21,75.68,58.2,0,1
2026-05-03 20:23:00,28.95,55.01,75.37,0.0,0,1
2026-05-03 20:24:00,28.64,56.2,75.11,0.0,0,1
2026-05-03 20:25:00,28.6,55.74,74.94,104.7,0,1
2026-05-03 20:26:00,28.77,55.45,74.79,33.3,0,1
2026-05-03 20:27:00,28.43,57.79,75.02,56.3,0,1
2026-05-03 20:28:00,28.28,58.48,74.43,0.0,0,1
2026-05-03 20:29:00,28.58,57.61,74.29,30.7,0,1
2026-05-03 20:30:00,28.17,56.53,74.73,0.0,0,1
2026-05-03 20:31:00,28.72,54.97,75.59,0.0,0,1
2026-05-03 20:32:00,27.86,55.75,74.92,0.0,0,1
2026-05-03 20:33:00,28.19,56.27,75.0,109.8,0,1
2026-05-03 20:34:00,28.63,55.89,74.84,41.5,0,1
2026-05-03 20:35:00,28.67,56.52,74.73,29.3,0,1
2026-05-03 20:36:00,28.1,58.17,74.32,246.1,0,1
2026-05-03 20:37:00,28.35,57.04,74.58,56.9,0,1
2026-05-03 20:38:00,28.23,59.59,74.82,144.1,0,1
2026-05-03 20:39:00,27.86,60.96,75.83,32.8,0,1
2026-05-03 20:40:00,28.05,57.8,75.18,0.0,0,1
2026-05-03 20:41:00,27.68,56.16,74.34,0.0,0,1
2026-05-03 20:42:00,27.46,58.12,75.16,29.0,0,1
2026-05-03 20:43:00,27.93,57.78,75.06,0.0,0,1
2026-05-03 20:44:00,27.9,58.97,74.78,32.7,0,1
2026-05-03 20:45:00,27.41,57.22,74.79,37.8,0,1
2026-05-03 20:46:00,27.63,56.57,74.11,0.0,0,1
2026-05-03 20:47:00,27.32,59.26,74.21,0.0,0,1
2026-05-03 20:48:00,27.46,58.1,74.11,0.0,0,1
2026-05-03 20:49:00,27.42,58.14,74.5,166.3,0,1
2026-05-03 20:50:00,27.67,57.41,74.8,0.0,0,1
2026-05-03 20:51:00,27.31,58.48,75.12,0.0,0,1
2026-05-03 20:52:00,27.08,59.53,75.12,65.4,0,1
2026-05-03 20:53:00,27.78,55.42,75.73,13.3,0,1
2026-05-03 20:54:00,27.43,58.82,75.88,0.0,0,1
2026-05-03 20:55:00,27.49,59.54,75.55,0.0,0,1
2026-05-03 20:56:00,27.37,59.42,75.11,0.0,0,1
2026-05-03 20:57:00,27.41,61.35,74.72,161.5,0,1
2026-05-03 20:58:00,27.24,58.54,74.9,56.3,0,1
2026-05-03 20:59:00,27.21,59.0,74.24,0.0,0,1
2026-05-03 21:00:00,27.08,60.82,74.23,102.3,0,1
2026-05-03 21:01:00,26.89,59.61,73.79,3.3,0,1
2026-05-03 21:02:00,27.18,60.95,73.18,48.2,0,1
2026-05-03 21:03:00,26.85,60.59,72.65,18.1,0,1
2026-05-03 21:04:00,26.91,59.7,72.59,70.8,0,1
2026-05-03 21:05:00,26.93,59.49,72.86,0.0,0,1
2026-05-03 21:06:00,26.91,59.25,72.51,0.0,0,1
2026-05-03 21:07:00,26.5,60.06,71.56,108.8,0,1
2026-05-03 21:08:00,26.76,58.72,72.89,180.6,0,1
2026-05-03 21:09:00,26.42,61.03,73.31,0.0,0,1
2026-05-03 21:10:00,26.68,62.15,73.64,21.5,0,1
2026-05-03 21:11:00,26.79,57.52,74.27,0.0,0,1
2026-05-03 21:12:00,27.0,60.81,74.23,122.7,0,1
2026-05-03 21:13:00,26.66,60.17,74.09,46.3,0,1
2026-05-03 21:14:00,26.69,61.09,74.6,416.0,0,1
2026-05-03 21:15:00,26.17,59.86,75.09,0.0,0,1
2026-05-03 21:16:00,26.53,59.84,75.26,201.1,0,1
2026-05-03 21:17:00,26.08,62.2,75.54,212.8,0,1
2026-05-03 21:18:00,26.62,59.87,74.9,80.7,0,1
2026-05-03 21:19:00,26.02,61.76,74.7,41.8,0,1
2026-05-03 21:20:00,26.01,60.09,75.34,48.7,0,1
2026-05-03 21:21:00,26.4,60.0,75.58,21.9,0,1
2026-05-03 21:22:00,26.6,60.57,74.85,156.6,0,1
2026-05-03 21:23:00,26.41,60.72,74.52,0.0,0,1
2026-05-03 21:24:00,26.02,61.77,75.09,1.3,0,1
2026-05-03 21:25:00,25.83,60.64,75.19,0.0,0,1
2026-05-03 21:26:00,25.93,60.9,75.17,0.0,0,1
2026-05-03 21:27:00,26.04,61.91,75.16,123.7,0,1
2026-05-03 21:28:00,25.95,62.6,75.02,148.2,0,1
2026-05-03 21:29:00,25.68,60.24,74.69,0.0,0,1
2026-05-03 21:30:00,26.23,61.9,74.23,123.6,0,1
2026-05-03 21:31:00,26.21,59.59,74.58,0.0,0,1
2026-05-03 21:32:00,26.32,60.6,74.59,2.9,0,1
2026-05-03 21:33:00,25.4,61.97,74.8,0.0,0,1
2026-05-03 21:34:00,25.59,60.79,74.93,10.5,0,1
2026-05-03 21:35:00,25.82,60.83,75.44,9.9,0,1
2026-05-03 21:36:00,25.73,59.05,75.52,0.0,1,1
2026-05-03 21:37:00,25.59,62.24,75.77,0.0,0,1
2026-05-03 21:38:00,25.46,61.22,75.72,0.0,0,1
2026-05-03 21:39:00,25.4,61.59,75.2,163.6,0,1
2026-05-03 21:40:00,26.13,59.93,74.99,0.0,0,1
2026-05-03 21:41:00,25.25,62.73,75.14,270.6,0,1
2026-05-03 21:42:00,25.19,62.16,75.33,0.0,0,1
2026-05-03 21:43:00,25.26,60.46,75.84,53.0,0,1
2026-05-03 21:44:00,25.58,61.25,75.53,92.7,0,1
2026-05-03 21:45:00,25.44,60.34,75.51,0.0,0,1
2026-05-03 21:46:00,25.59,61.4,75.34,190.1,0,1
2026-05-03 21:47:00,25.29,62.61,75.93,89.6,0,1
2026-05-03 21:48:00,25.47,61.78,75.97,0.0,0,1
2026-05-03 21:49:00,25.44,62.1,76.02,188.8,0,1
2026-05-03 21:50:00,25.8,62.35,75.88,0.0,0,1
2026-05-03 21:51:00,25.83,60.06,75.66,0.0,0,1
2026-05-03 21:52:00,25.33,61.22,74.91,67.5,0,1
2026-05-03 21:53:00,25.56,59.26,74.26,96.2,0,1
2026-05-03 21:54:00,25.37,61.23,74.24,38.7,0,1
2026-05-03 21:55:00,25.5,60.76,74.16,0.0,0,1
2026-05-03 21:56:00,25.39,62.44,74.14,0.0,0,1
2026-05-03 21:57:00,25.46,62.11,74.45,135.8,1,1
2026-05-03 21:58:00,25.47,63.34,74.39,28.8,0,1
2026-05-03 21:59:00,25.35,61.11,74.14,0.0,0,1
2026-05-03 22:00:00,25.26,62.31,73.95,0.0,0,1
2026-05-03 22:01:00,25.47,62.43,73.96,181.6,0,1
2026-05-03 22:02:00,25.16,64.73,73.7,0.0,1,1
2026-05-03 22:03:00,25.03,62.67,74.06,32.7,0,1
2026-05-03 22:04:00,24.78,62.46,73.96,162.1,0,1
2026-05-03 22:05:00,25.26,61.99,73.97,65.1,0,4
2026-05-03 22:06:00,25.31,62.33,73.52,0.0,0,4
2026-05-03 22:07:00,24.69,64.28,73.89,0.0,0,4
2026-05-03 22:08:00,24.96,61.75,74.41,224.4,0,1
2026-05-03 22:09:00,25.28,60.95,73.71,0.0,0,4
2026-05-03 22:10:00,25.05,65.0,73.79,0.0,0,1
2026-05-03 22:11:00,25.08,60.73,73.65,44.7,0,1
2026-05-03 22:12:00,25.29,62.82,73.68,0.0,0,1
2026-05-03 22:13:00,25.02,62.67,73.77,68.9,1,1
2026-05-03 22:14:00,25.13,62.4,72.71,0.0,0,1
2026-05-03 22:15:00,24.76,61.07,72.96,0.0,0,1
2026-05-03 22:16:00,25.1,65.0,73.35,81.3,0,1
2026-05-03 22:17:00,24.67,62.88,73.79,81.7,0,1
2026-05-03 22:18:00,24.67,62.05,73.28,0.0,0,4
2026-05-03 22:19:00,24.86,60.8,73.18,0.0,0,1
2026-05-03 22:20:00,25.11,59.63,72.85,25.6,0,1
2026-05-03 22:21:00,24.98,63.08,71.94,0.0,1,1
2026-05-03 22:22:00,24.76,61.54,71.6,154.1,0,1
2026-05-03 22:23:00,25.16,61.65,71.07,18.9,0,1
2026-05-03 22:24:00,25.01,61.46,71.15,0.0,0,1
2026-05-03 22:25:00,25.19,62.58,70.39,0.0,0,1
2026-05-03 22:26:00,24.69,63.09,69.91,0.0,0,1
2026-05-03 22:27:00,25.27,62.73,69.65,0.0,0,1
2026-05-03 22:28:00,25.3,62.73,69.94,59.4,0,1
2026-05-03 22:29:00,25.12,61.17,71.09,0.0,0,1
2026-05-03 22:30:00,25.01,60.58,71.16,48.0,0,1
2026-05-03 22:31:00,25.0,62.02,70.65,64.5,0,1
2026-05-03 22:32:00,24.95,62.89,70.3,115.9,0,1
2026-05-03 22:33:00,24.52,63.0,70.54,30.2,0,1
2026-05-03 22:34:00,24.71,60.37,69.9,135.0,0,1
2026-05-03 22:35:00,24.82,62.52,70.33,166.3,0,1
2026-05-03 22:36:00,24.58,61.58,70.4,31.0,0,1
2026-05-03 22:37:00,25.19,61.96,70.29,38.2,0,1
2026-05-03 22:38:00,24.95,63.42,69.51,0.0,0,1
2026-05-03 22:39:00,25.27,58.83,69.87,0.0,0,1
2026-05-03 22:40:00,25.01,63.99,69.49,153.8,0,1
2026-05-03 22:41:00,24.46,61.7,69.52,72.7,0,1
2026-05-03 22:42:00,25.13,63.21,69.41,82.4,0,4
2026-05-03 22:43:00,24.68,63.65,68.69,0.0,0,1
2026-05-03 22:44:00,25.13,61.65,68.56,194.9,0,1
2026-05-03 22:45:00,25.16,62.52,68.01,0.0,0,1
2026-05-03 22:46:00,25.12,61.19,67.71,0.0,0,1
2026-05-03 22:47:00,25.04,60.07,67.88,0.0,0,1
2026-05-03 22:48:00,24.88,63.73,68.17,188.5,0,1
2026-05-03 22:49:00,24.76,61.71,68.14,0.0,0,1
2026-05-03 22:50:00,25.23,64.03,67.73,0.0,0,1
2026-05-03 22:51:00,24.83,63.5,67.44,347.8,0,1
2026-05-03 22:52:00,24.66,61.67,67.14,112.9,0,1
2026-05-03 22:53:00,24.86,63.1,66.21,0.0,0,1
2026-05-03 22:54:00,25.03,62.79,66.25,0.0,0,4
2026-05-03 22:55:00,25.02,64.24,65.53,0.0,0,4
2026-05-03 22:56:00,24.47,62.36,65.58,11.7,0,1
2026-05-03 22:57:00,25.0,61.92,64.97,87.4,0,1
2026-05-03 22:58:00,24.9,62.86,64.47,182.3,0,1
2026-05-03 22:59:00,24.64,62.72,64.79,0.0,0,4
2026-05-03 23:00:00,24.52,61.21,64.83,0.0,0,1
2026-05-03 23:01:00,25.08,63.31,64.04,0.0,0,1
2026-05-03 23:02:00,25.1,63.98,63.84,334.5,0,1
2026-05-03 23:03:00,25.1,62.24,63.99,106.3,0,1
2026-05-03 23:04:00,24.38,61.54,63.76,44.7,0,1
2026-05-03 23:05:00,24.65,62.55,63.65,0.0,0,1
2026-05-03 23:06:00,24.72,61.51,63.8,0.0,0,4
2026-05-03 23:07:00,25.07,61.79,63.86,4.7,0,4
2026-05-03 23:08:00,24.9,62.57,63.47,0.0,0,1
2026-05-03 23:09:00,24.64,63.5,63.52,0.0,0,1
2026-05-03 23:10:00,24.73,64.26,63.44,0.0,0,1
2026-05-03 23:11:00,24.87,63.14,64.23,0.0,0,1
2026-05-03 23:12:00,24.87,61.11,64.22,0.0,0,1
2026-05-03 23:13:00,25.1,62.87,64.31,166.7,0,1
2026-05-03 23:14:00,25.04,61.79,64.45,0.0,0,1
2026-05-03 23:15:00,24.99,62.01,64.34,0.0,0,1
2026-05-03 23:16:00,24.49,62.9,64.06,0.0,0,1
2026-05-03 23:17:00,24.5,63.06,64.29,84.8,0,1
2026-05-03 23:18:00,24.42,64.22,64.53,0.0,0,1
2026-05-03 23:19:00,24.77,63.11,65.45,117.4,0,1
2026-05-03 23:20:00,24.55,61.41,65.78,0.0,0,4
2026-05-03 23:21:00,24.81,60.66,66.12,0.0,0,4
2026-05-03 23:22:00,24.85,63.2,66.43,197.2,0,4
2026-05-03 23:23:00,24.72,63.24,66.13,0.0,0,1
2026-05-03 23:24:00,24.88,63.88,65.59,110.6,0,1
2026-05-03 23:25:00,24.5,62.78,65.17,144.7,0,1
2026-05-03 23:26:00,24.29,63.53,65.48,61.3,0,4
2026-05-03 23:27:00,24.48,63.5,66.11,10.0,0,1
2026-05-03 23:28:00,24.87,60.52,66.42,279.2,0,1
2026-05-03 23:29:00,25.12,60.1,66.35,22.5,0,1
2026-05-03 23:30:00,25.02,63.05,67.07,48.6,0,1
2026-05-03 23:31:00,24.6,63.2,66.86,0.4,1,1
2026-05-03 23:32:00,24.89,63.97,66.36,58.9,0,4
2026-05-03 23:33:00,24.3,65.0,66.47,156.5,0,1
2026-05-03 23:34:00,25.03,61.79,67.02,0.0,0,1
2026-05-03 23:35:00,24.78,62.09,66.64,0.0,0,1
2026-05-03 23:36:00,24.84,60.79,65.9,78.3,0,1
2026-05-03 23:37:00,24.16,63.99,65.92,0.0,0,1
2026-05-03 23:38:00,24.76,60.07,66.25,105.7,0,4
2026-05-03 23:39:00,25.1,60.9,64.97,16.5,0,1
2026-05-03 23:40:00,24.71,62.98,65.41,129.9,0,1
2026-05-03 23:41:00,24.61,61.95,64.83,0.0,0,1
2026-05-03 23:42:00,24.57,62.75,65.16,0.0,0,1
2026-05-03 23:43:00,24.45,62.72,64.32,0.0,0,1
2026-05-03 23:44:00,24.65,61.35,63.71,0.0,0,1
2026-05-03 23:45:00,24.32,60.67,64.01,150.8,0,1
2026-05-03 23:46:00,24.74,63.41,64.56,0.0,0,4
2026-05-03 23:47:00,24.9,62.12,64.58,149.1,0,4
2026-05-03 23:48:00,24.52,63.29,65.64,68.3,0,1
2026-05-03 23:49:00,24.72,62.53,65.2,0.0,0,1
2026-05-03 23:50:00,24.6,62.66,64.77,58.8,0,1
2026-05-03 23:51:00,24.72,62.79,64.65,55.5,0,1
2026-05-03 23:52:00,24.84,62.19,64.52,0.0,0,1
2026-05-03 23:53:00,24.72,62.19,64.67,74.2,0,1
2026-05-03 23:54:00,24.83,61.24,64.37,108.8,0,4
2026-05-03 23:55:00,24.74,65.0,64.64,0.0,0,1
2026-05-03 23:56:00,24.82,63.66,64.89,62.6,1,4
2026-05-03 23:57:00,24.68,64.43,65.6,0.0,0,1
2026-05-03 23:58:00,24.68,64.16,65.4,0.0,0,4
2026-05-03 23:59:00,24.77,62.18,65.55,107.1,0,1
2026-05-04 00:00:00,24.58,62.57,65.82,0.0,0,1
2026-05-04 00:01:00,24.71,62.61,65.81,0.0,0,4
2026-05-04 00:02:00,24.37,62.65,65.72,55.3,0,4
2026-05-04 00:03:00,24.14,64.46,64.84,0.0,0,1
2026-05-04 00:04:00,24.61,61.77,64.89,0.0,0,1
2026-05-04 00:05:00,24.38,61.78,65.16,0.0,0,1
2026-05-04 00:06:00,25.06,60.55,65.15,0.0,0,1
2026-05-04 00:07:00,24.38,62.68,64.82,129.3,0,1
2026-05-04 00:08:00,24.77,61.96,64.11,0.0,0,4
2026-05-04 00:09:00,24.4,62.3,64.33,138.7,0,4
2026-05-04 00:10:00,24.57,62.91,64.37,0.0,0,1
2026-05-04 00:11:00,24.29,61.79,64.99,42.6,0,1
2026-05-04 00:12:00,24.27,64.12,64.38,0.0,0,4
2026-05-04 00:13:00,24.64,61.39,64.2,5.3,0,1
2026-05-04 00:14:00,24.46,61.54,63.65,11.2,0,4
2026-05-04 00:15:00,24.75,61.78,64.13,0.0,0,1
2026-05-04 00:16:00,24.87,62.21,64.69,0.0,0,1
2026-05-04 00:17:00,24.16,64.41,65.53,91.9,0,1
2026-05-04 00:18:00,24.82,62.36,65.76,191.2,0,1
2026-05-04 00:19:00,24.3,61.25,66.1,199.1,0,1
2026-05-04 00:20:00,24.46,63.54,66.29,0.0,0,1
2026-05-04 00:21:00,24.19,63.9,66.53,0.0,0,1
2026-05-04 00:22:00,24.19,62.63,66.54,0.0,0,1
2026-05-04 00:23:00,24.05,63.74,66.79,0.0,0,1
2026-05-04 00:24:00,24.43,64.72,67.7,0.0,0,4
2026-05-04 00:25:00,24.54,61.8,67.77,0.0,0,1
2026-05-04 00:26:00,24.43,64.15,67.75,0.0,0,4
2026-05-04 00:27:00,24.08,65.0,67.8,6.0,0,1
2026-05-04 00:28:00,24.03,63.77,67.71,0.0,0,1
2026-05-04 00:29:00,24.52,61.4,67.78,0.0,0,1
2026-05-04 00:30:00,24.71,64.17,67.67,0.0,0,1
2026-05-04 00:31:00,24.57,63.9,68.14,93.6,1,1
2026-05-04 00:32:00,24.98,62.89,68.55,125.7,0,1
2026-05-04 00:33:00,24.5,62.84,69.44,128.5,0,1
2026-05-04 00:34:00,24.58,64.17,69.38,0.0,0,1
2026-05-04 00:35:00,24.5,61.88,69.45,0.0,0,1
2026-05-04 00:36:00,24.3,64.2,69.5,0.0,0,1
2026-05-04 00:37:00,24.46,62.57,69.52,34.5,0,1
2026-05-04 00:38:00,24.71,60.6,69.95,0.0,0,1
2026-05-04 00:39:00,24.71,61.39,69.19,167.2,0,1
2026-05-04 00:40:00,24.58,63.27,69.33,0.0,0,4
2026-05-04 00:41:00,24.89,62.62,70.14,60.0,0,4
2026-05-04 00:42:00,24.6,63.29,70.66,0.0,0,1
2026-05-04 00:43:00,24.57,62.36,71.12,0.0,0,4
2026-05-04 00:44:00,24.86,62.65,71.41,0.0,0,1
2026-05-04 00:45:00,24.31,63.92,71.06,122.5,0,1
2026-05-04 00:46:00,24.84,65.0,70.66,0.0,0,1
2026-05-04 00:47:00,24.24,62.8,70.26,68.6,0,4
2026-05-04 00:48:00,24.41,64.25,69.7,7.6,0,1
2026-05-04 00:49:00,24.02,64.35,70.05,56.2,0,1
2026-05-04 00:50:00,24.54,62.99,70.62,0.0,0,4
2026-05-04 00:51:00,24.81,60.91,70.73,0.0,0,1
2026-05-04 00:52:00,24.24,64.93,71.0,0.0,0,4
2026-05-04 00:53:00,24.4,63.33,71.04,48.7,0,1
2026-05-04 00:54:00,24.42,62.31,71.21,51.9,0,1
2026-05-04 00:55:00,24.42,61.95,70.21,357.6,0,1
2026-05-04 00:56:00,24.21,63.62,70.28,222.0,0,4
2026-05-04 00:57:00,24.48,61.81,70.02,0.0,0,4
2026-05-04 00:58:00,24.86,61.71,69.94,3.1,0,1
2026-05-04 00:59:00,24.34,62.41,69.97,0.0,0,4
2026-05-04 01:00:00,24.52,62.93,69.59,173.8,0,1
2026-05-04 01:01:00,24.52,63.6,69.07,0.0,0,1
2026-05-04 01:02:00,24.36,62.71,68.7,75.9,0,1
2026-05-04 01:03:00,24.53,62.6,68.02,0.0,0,1
2026-05-04 01:04:00,24.36,63.22,67.49,0.0,0,1
2026-05-04 01:05:00,24.56,61.92,67.02,251.1,0,1
2026-05-04 01:06:00,24.44,62.28,66.38,6.0,0,1
2026-05-04 01:07:00,24.1,62.9,66.59,0.0,0,1
2026-05-04 01:08:00,24.0,63.94,66.19,29.1,0,1
2026-05-04 01:09:00,23.92,65.0,65.38,0.0,0,1
2026-05-04 01:10:00,24.35,61.62,65.2,0.0,0,1
2026-05-04 01:11:00,24.66,62.97,64.73,0.0,0,1
2026-05-04 01:12:00,24.26,62.95,65.37,0.0,0,1
2026-05-04 01:13:00,24.38,62.86,65.43,0.0,0,1
2026-05-04 01:14:00,24.28,62.62,64.8,134.5,0,4
2026-05-04 01:15:00,24.23,64.64,65.05,55.7,1,1
2026-05-04 01:16:00,24.99,59.3,65.1,76.6,0,4
2026-05-04 01:17:00,24.24,61.9,65.0,0.0,0,1
2026-05-04 01:18:00,24.1,64.77,65.68,116.4,0,1
2026-05-04 01:19:00,24.21,64.7,65.26,0.0,1,4
2026-05-04 01:20:00,24.46,65.0,65.71,0.0,0,1
2026-05-04 01:21:00,24.29,63.56,65.53,66.6,0,1
2026-05-04 01:22:00,24.51,63.47,65.52,0.0,0,1
2026-05-04 01:23:00,24.25,61.01,65.2,16.0,0,1
2026-05-04 01:24:00,24.28,63.2,64.91,0.0,0,1
2026-05-04 01:25:00,24.25,63.92,64.73,168.1,0,1
2026-05-04 01:26:00,24.41,62.45,63.92,174.3,0,1
2026-05-04 01:27:00,24.61,62.64,64.09,0.0,0,1
2026-05-04 01:28:00,24.63,64.19,64.16,0.0,0,4
2026-05-04 01:29:00,24.78,64.26,63.53,0.0,0,1
2026-05-04 01:30:00,24.1,63.77,63.85,0.0,0,1
2026-05-04 01:31:00,24.16,63.31,64.5,118.9,0,4
2026-05-04 01:32:00,24.19,64.21,64.23,129.6,0,1
2026-05-04 01:33:00,24.42,62.57,63.9,0.0,0,4
2026-05-04 01:34:00,24.15,64.65,64.41,0.0,0,4
2026-05-04 01:35:00,24.24,62.63,64.6,0.0,0,4
2026-05-04 01:36:00,24.58,63.68,64.55,57.1,1,1
2026-05-04 01:37:00,24.68,62.63,64.91,35.6,1,1
2026-05-04 01:38:00,24.58,62.04,65.04,135.7,0,1
2026-05-04 01:39:00,24.49,63.35,65.66,100.7,0,4
2026-05-04 01:40:00,24.24,62.79,65.65,114.2,0,1
2026-05-04 01:41:00,24.41,64.22,65.83,0.0,0,1
2026-05-04 01:42:00,24.69,61.44,66.3,0.0,0,1
2026-05-04 01:43:00,24.57,63.08,65.23,135.8,0,4
2026-05-04 01:44:00,24.62,61.85,65.72,0.0,0,1
2026-05-04 01:45:00,24.64,64.15,65.5,0.0,0,1
2026-05-04 01:46:00,24.31,64.02,65.71,97.0,0,4
2026-05-04 01:47:00,24.55,62.77,66.42,0.0,0,1
2026-05-04 01:48:00,24.3,63.16,66.28,127.5,1,4
2026-05-04 01:49:00,24.54,64.86,66.07,0.0,0,4
2026-05-04 01:50:00,24.7,63.53,66.03,0.0,0,1
2026-05-04 01:51:00,24.78,61.6,65.4,163.6,0,1
2026-05-04 01:52:00,24.54,63.97,66.34,0.0,0,1
2026-05-04 01:53:00,24.49,62.24,66.31,172.1,0,1
2026-05-04 01:54:00,24.73,62.76,67.01,0.0,0,1
2026-05-04 01:55:00,24.17,60.85,66.84,19.5,0,4
2026-05-04 01:56:00,24.74,63.54,66.83,20.6,0,1
2026-05-04 01:57:00,24.41,62.22,67.22,0.0,0,1
2026-05-04 01:58:00,24.41,62.77,66.71,0.0,0,1
2026-05-04 01:59:00,24.27,61.56,66.65,0.0,0,1
2026-05-04 02:00:00,24.08,63.7,67.02,0.0,0,1
2026-05-04 02:01:00,24.74,62.64,66.9,235.4,0,4
2026-05-04 02:02:00,24.48,61.41,66.67,0.0,0,4
2026-05-04 02:03:00,24.28,63.25,67.13,139.1,0,4
2026-05-04 02:04:00,24.46,62.64,67.71,123.3,0,1
2026-05-04 02:05:00,24.29,64.67,68.35,43.6,0,4
2026-05-04 02:06:00,23.95,62.83,68.01,0.0,0,4
2026-05-04 02:07:00,24.33,63.72,67.72,23.3,0,1
2026-05-04 02:08:00,24.02,61.81,67.48,68.7,0,4
2026-05-04 02:09:00,24.43,63.1,67.76,12.1,0,1
2026-05-04 02:10:00,24.76,62.96,67.2,0.0,0,1
2026-05-04 02:11:00,24.21,63.8,66.68,0.0,0,1
2026-05-04 02:12:00,24.56,62.67,66.36,181.1,0,1
2026-05-04 02:13:00,24.21,65.0,65.93,0.0,0,4
2026-05-04 02:14:00,24.36,62.66,66.31,23.5,0,1
2026-05-04 02:15:00,24.15,63.97,66.64,0.0,0,1
2026-05-04 02:16:00,24.52,62.49,66.42,19.3,0,4
2026-05-04 02:17:00,24.7,61.61,66.32,0.0,0,1
2026-05-04 02:18:00,24.41,61.6,65.2,42.1,0,4
2026-05-04 02:19:00,24.5,61.8,65.01,24.7,0,1
2026-05-04 02:20:00,24.5,63.63,65.55,331.3,0,4
2026-05-04 02:21:00,24.3,64.77,65.32,15.6,0,1
2026-05-04 02:22:00,24.69,63.36,64.85,161.8,0,4
2026-05-04 02:23:00,24.23,62.87,65.45,0.0,0,1
2026-05-04 02:24:00,23.97,62.89,64.97,122.4,0,1
2026-05-04 02:25:00,24.13,63.61,65.64,27.2,0,1
2026-05-04 02:26:00,24.52,61.63,66.88,32.4,0,1
2026-05-04 02:27:00,24.26,64.29,66.81,34.0,0,1
2026-05-04 02:28:00,24.38,63.51,67.32,204.8,0,1
2026-05-04 02:29:00,24.3,62.02,66.57,30.6,0,1
2026-05-04 02:30:00,24.4,64.82,65.81,0.0,0,1
2026-05-04 02:31:00,24.63,61.27,65.46,0.0,0,1
2026-05-04 02:32:00,24.74,62.63,65.81,98.1,0,1
2026-05-04 02:33:00,24.12,64.44,65.81,53.7,0,1
2026-05-04 02:34:00,24.59,63.65,65.72,0.0,0,1
2026-05-04 02:35:00,24.41,62.28,65.15,61.8,0,1
2026-05-04 02:36:00,24.05,63.03,65.1,0.0,0,1
2026-05-04 02:37:00,24.48,61.78,64.83,75.4,0,1
2026-05-04 02:38:00,24.82,62.72,64.43,0.0,0,1
2026-05-04 02:39:00,24.17,64.34,64.01,0.0,0,1
2026-05-04 02:40:00,24.3,60.89,64.11,0.0,0,1
2026-05-04 02:41:00,23.95,64.33,63.82,205.1,0,1
2026-05-04 02:42:00,24.33,62.55,63.84,71.1,0,1
2026-05-04 02:43:00,24.39,62.94,63.1,174.2,0,1
2026-05-04 02:44:00,24.85,61.14,63.34,370.3,0,1
2026-05-04 02:45:00,24.12,62.69,63.48,28.5,0,4
2026-05-04 02:46:00,24.59,65.0,63.4,180.2,0,1
2026-05-04 02:47:00,24.43,62.6,63.5,0.0,0,1
2026-05-04 02:48:00,24.91,62.32,63.93,150.6,0,1
2026-05-04 02:49:00,24.39,61.95,63.32,0.0,0,1
2026-05-04 02:50:00,24.33,65.0,63.38,0.0,0,4
2026-05-04 02:51:00,24.56,63.38,62.85,64.4,0,4
2026-05-04 02:52:00,24.47,62.92,62.92,83.3,0,4
2026-05-04 02:53:00,24.58,63.9,62.84,0.0,0,1
2026-05-04 02:54:00,24.48,63.35,62.87,0.0,0,1
2026-05-04 02:55:00,23.97,63.43,63.27,73.4,0,1
2026-05-04 02:56:00,24.47,62.79,63.65,0.0,0,1
2026-05-04 02:57:00,24.46,61.1,64.14,0.0,0,1
2026-05-04 02:58:00,24.15,62.95,63.99,0.0,0,1
2026-05-04 02:59:00,24.41,62.42,64.31,0.0,0,1
2026-05-04 03:00:00,23.88,64.16,64.54,21.2,0,1
2026-05-04 03:01:00,24.4,62.79,64.39,63.5,0,1
2026-05-04 03:02:00,24.51,63.71,64.45,55.9,0,1
2026-05-04 03:03:00,24.57,62.92,64.41,0.0,0,1
2026-05-04 03:04:00,24.51,61.88,65.02,0.0,0,1
2026-05-04 03:05:00,24.11,65.0,65.37,111.3,0,1
2026-05-04 03:06:00,23.97,63.18,65.23,0.0,0,1
2026-05-04 03:07:00,24.57,63.47,65.05,0.0,0,1
2026-05-04 03:08:00,24.43,61.42,65.47,0.0,0,1
2026-05-04 03:09:00,24.45,63.89,66.04,0.0,0,4
2026-05-04 03:10:00,24.75,60.59,66.16,41.4,0,1
2026-05-04 03:11:00,23.93,65.0,66.43,0.0,1,1
2026-05-04 03:12:00,24.78,63.33,66.98,0.0,0,4
2026-05-04 03:13:00,24.19,63.08,66.87,0.0,0,1
2026-05-04 03:14:00,24.53,63.54,66.88,94.6,0,1
2026-05-04 03:15:00,24.32,61.63,67.07,0.0,0,1
2026-05-04 03:16:00,24.24,63.02,66.86,0.0,0,1
2026-05-04 03:17:00,23.95,64.57,67.56,86.1,0,1
2026-05-04 03:18:00,24.16,64.07,67.34,22.5,0,1
2026-05-04 03:19:00,24.44,62.97,67.33,0.0,0,1
2026-05-04 03:20:00,24.41,63.4,68.13,41.6,0,1
2026-05-04 03:21:00,24.56,64.11,67.28,124.4,0,1
2026-05-04 03:22:00,24.15,64.26,67.34,0.0,0,4
2026-05-04 03:23:00,24.51,60.64,67.02,0.0,0,1
2026-05-04 03:24:00,24.34,63.12,67.0,137.7,0,1
2026-05-04 03:25:00,24.48,62.96,66.45,48.0,0,1
2026-05-04 03:26:00,24.45,61.48,66.27,0.0,0,1
2026-05-04 03:27:00,24.2,62.06,66.26,0.0,0,1
2026-05-04 03:28:00,24.38,64.87,66.35,0.0,0,4
2026-05-04 03:29:00,24.43,62.13,66.72,0.0,0,4
2026-05-04 03:30:00,24.51,62.38,65.69,0.0,0,4
2026-05-04 03:31:00,24.69,61.68,65.63,0.0,0,1
2026-05-04 03:32:00,24.15,63.88,65.55,0.0,0,1
2026-05-04 03:33:00,24.02,63.91,65.51,0.0,0,1
2026-05-04 03:34:00,24.63,65.0,65.52,88.8,0,1
2026-05-04 03:35:00,23.99,62.97,65.16,30.7,0,1
2026-05-04 03:36:00,24.57,63.43,64.49,0.0,0,4
2026-05-04 03:37:00,24.08,61.22,64.59,0.0,0,1
2026-05-04 03:38:00,24.15,61.69,64.17,0.0,0,1
2026-05-04 03:39:00,24.29,64.8,64.36,5.1,0,1
2026-05-04 03:40:00,23.94,65.0,63.97,104.8,0,4
2026-05-04 03:41:00,24.06,64.05,64.29,0.0,0,1
2026-05-04 03:42:00,23.88,65.0,64.28,209.8,0,1
2026-05-04 03:43:00,24.47,61.66,64.3,104.9,0,4
2026-05-04 03:44:00,24.29,65.0,64.2,0.0,0,1
2026-05-04 03:45:00,24.3,61.94,64.04,45.0,1,1
2026-05-04 03:46:00,24.28,63.6,63.96,140.9,0,1
2026-05-04 03:47:00,24.29,65.0,64.48,62.7,0,1
2026-05-04 03:48:00,24.17,62.3,63.83,0.0,0,1
2026-05-04 03:49:00,24.53,64.47,63.57,0.0,0,4
2026-05-04 03:50:00,23.85,64.97,64.05,21.4,0,1
2026-05-04 03:51:00,23.93,63.06,64.42,92.4,0,4
2026-05-04 03:52:00,24.63,65.0,65.01,0.0,0,1
2026-05-04 03:53:00,24.35,62.01,64.99,0.0,0,4
2026-05-04 03:54:00,23.78,63.86,64.42,196.6,0,1
2026-05-04 03:55:00,24.37,63.86,63.95,4.0,0,1
2026-05-04 03:56:00,23.89,63.64,63.84,183.3,0,4
2026-05-04 03:57:00,24.61,65.0,64.19,358.3,0,4
2026-05-04 03:58:00,24.51,61.37,64.09,0.0,0,1
2026-05-04 03:59:00,24.81,64.41,63.97,0.0,0,1
2026-05-04 04:00:00,24.21,60.6,64.16,0.0,0,4
2026-05-04 04:01:00,23.98,60.16,64.18,131.9,0,1
2026-05-04 04:02:00,24.15,63.46,64.01,148.7,0,1
2026-05-04 04:03:00,24.15,64.27,63.59,272.6,0,1
2026-05-04 04:04:00,24.38,64.86,64.02,0.0,0,1
2026-05-04 04:05:00,23.82,65.0,64.49,58.6,0,1
2026-05-04 04:06:00,24.28,63.45,64.04,0.0,0,1
2026-05-04 04:07:00,24.03,64.16,63.89,0.0,0,1
2026-05-04 04:08:00,24.15,63.68,64.19,0.0,0,1
2026-05-04 04:09:00,24.62,64.56,63.72,0.0,0,1
2026-05-04 04:10:00,24.53,61.38,63.89,77.2,0,1
2026-05-04 04:11:00,24.46,62.16,63.77,0.0,1,1
2026-05-04 04:12:00,24.44,64.02,63.27,0.0,0,1
2026-05-04 04:13:00,24.21,64.57,64.06,32.1,0,1
2026-05-04 04:14:00,24.27,64.84,63.93,44.7,0,1
2026-05-04 04:15:00,23.88,63.68,64.17,0.0,0,1
2026-05-04 04:16:00,23.97,63.05,63.7,224.1,0,1
2026-05-04 04:17:00,24.31,64.02,64.39,188.3,0,1
2026-05-04 04:18:00,23.99,62.29,65.25,0.0,0,4
2026-05-04 04:19:00,24.45,64.97,64.59,193.1,1,1
2026-05-04 04:20:00,24.26,62.63,64.53,211.5,0,4
2026-05-04 04:21:00,24.2,62.99,65.11,0.0,0,1
2026-05-04 04:22:00,24.12,64.33,64.91,5.4,0,1
2026-05-04 04:23:00,24.39,62.19,65.09,0.0,0,1
2026-05-04 04:24:00,24.44,61.6,64.37,0.0,0,4
2026-05-04 04:25:00,24.05,64.91,64.04,0.0,0,1
2026-05-04 04:26:00,24.14,62.15,64.18,158.3,0,1
2026-05-04 04:27:00,24.23,63.6,63.94,52.5,0,1
2026-05-04 04:28:00,24.35,63.13,63.81,0.0,0,1
2026-05-04 04:29:00,24.35,60.83,63.17,0.0,0,4
2026-05-04 04:30:00,24.25,62.0,63.48,0.0,0,1
2026-05-04 04:31:00,24.45,63.4,62.93,0.0,0,1
2026-05-04 04:32:00,24.24,64.75,63.63,109.6,0,1
2026-05-04 04:33:00,23.92,62.79,63.35,0.0,0,1
2026-05-04 04:34:00,24.61,61.69,63.72,108.2,0,1
2026-05-04 04:35:00,24.52,63.63,64.05,23.6,0,1
2026-05-04 04:36:00,23.93,64.66,63.64,17.1,0,1
2026-05-04 04:37:00,24.32,64.28,63.41,123.1,0,1
2026-05-04 04:38:00,24.6,63.03,63.24,101.2,0,1
2026-05-04 04:39:00,24.2,62.68,63.1,0.0,0,4
2026-05-04 04:40:00,24.47,63.88,62.57,0.0,0,1
2026-05-04 04:41:00,24.55,62.72,62.84,0.0,0,1
2026-05-04 04:42:00,24.34,63.92,62.57,42.7,0,4
2026-05-04 04:43:00,24.81,61.84,62.56,163.7,0,1
2026-05-04 04:44:00,24.44,62.73,63.03,7.8,0,1
2026-05-04 04:45:00,24.3,63.82,63.31,204.4,0,1
2026-05-04 04:46:00,24.24,60.8,63.07,0.0,0,4
2026-05-04 04:47:00,24.27,64.83,63.55,0.0,0,1
2026-05-04 04:48:00,24.14,63.34,63.86,0.0,0,1
2026-05-04 04:49:00,24.0,60.21,63.57,0.0,0,1
2026-05-04 04:50:00,24.06,63.72,63.37,139.1,0,1
2026-05-04 04:51:00,24.25,62.73,63.83,0.0,0,4
2026-05-04 04:52:00,24.49,61.67,64.19,0.0,0,1
2026-05-04 04:53:00,24.37,65.0,63.55,156.3,0,1
2026-05-04 04:54:00,24.33,64.15,63.14,2.4,0,1
2026-05-04 04:55:00,24.82,62.27,63.47,168.6,0,1
2026-05-04 04:56:00,24.71,62.68,62.99,303.6,0,1
2026-05-04 04:57:00,24.06,63.84,63.37,49.5,0,1
2026-05-04 04:58:00,24.46,61.0,64.23,180.1,0,1
2026-05-04 04:59:00,23.99,65.0,64.4,330.1,0,1
2026-05-04 05:00:00,24.35,63.16,64.01,88.1,0,4
2026-05-04 05:01:00,23.94,65.0,64.1,56.7,0,1
2026-05-04 05:02:00,24.13,62.4,64.57,152.2,0,1
2026-05-04 05:03:00,24.44,63.69,64.62,186.0,0,1
2026-05-04 05:04:00,24.17,61.94,64.83,17.9,0,4
2026-05-04 05:05:00,24.02,60.12,64.49,0.0,0,1
2026-05-04 05:06:00,24.11,64.53,64.19,228.7,0,4
2026-05-04 05:07:00,24.05,63.77,64.59,0.0,0,1
2026-05-04 05:08:00,24.39,62.42,64.29,165.8,0,4
2026-05-04 05:09:00,24.58,58.73,63.19,54.1,0,1
2026-05-04 05:10:00,24.23,62.71,63.08,241.8,0,1
2026-05-04 05:11:00,24.54,63.17,63.25,0.0,0,1
2026-05-04 05:12:00,24.14,62.11,63.73,0.0,0,1
2026-05-04 05:13:00,24.25,63.4,64.46,102.5,0,1
2026-05-04 05:14:00,24.72,61.82,64.51,0.0,1,1
2026-05-04 05:15:00,24.23,61.83,64.8,14.0,0,1
2026-05-04 05:16:00,24.54,62.67,64.86,185.8,0,1
2026-05-04 05:17:00,24.1,60.86,65.01,0.0,0,4
2026-05-04 05:18:00,24.27,63.82,64.93,48.3,0,4
2026-05-04 05:19:00,24.06,63.63,65.1,145.4,0,1
2026-05-04 05:20:00,24.29,63.92,64.79,0.0,0,1
2026-05-04 05:21:00,24.33,64.49,65.64,0.0,1,1
2026-05-04 05:22:00,24.46,62.65,64.6,0.0,0,1
2026-05-04 05:23:00,24.13,60.2,64.86,0.0,0,1
2026-05-04 05:24:00,24.23,62.97,65.0,8.3,0,1
2026-05-04 05:25:00,24.57,61.43,65.16,0.0,0,4
2026-05-04 05:26:00,23.97,65.0,64.65,0.0,0,1
2026-05-04 05:27:00,23.65,63.64,63.93,55.9,0,1
2026-05-04 05:28:00,24.11,64.46,64.21,189.5,0,4
2026-05-04 05:29:00,24.42,64.76,65.12,39.3,1,2
2026-05-04 05:30:00,24.29,62.3,65.7,161.2,1,2
2026-05-04 05:31:00,24.03,63.65,66.48,189.5,1,2
2026-05-04 05:32:00,24.28,63.25,66.81,0.0,1,2
2026-05-04 05:33:00,24.17,65.0,67.52,33.0,1,2
2026-05-04 05:34:00,23.87,65.0,68.36,0.0,1,2
2026-05-04 05:35:00,24.18,62.07,68.81,0.0,0,2
2026-05-04 05:36:00,24.45,62.24,69.64,42.7,0,2
2026-05-04 05:37:00,24.2,62.77,69.44,0.0,1,2
2026-05-04 05:38:00,23.89,62.79,69.74,58.1,0,2
2026-05-04 05:39:00,24.7,62.25,70.5,0.0,1,2
2026-05-04 05:40:00,24.01,62.94,71.66,20.5,1,3
2026-05-04 05:41:00,24.35,63.15,72.02,0.0,1,3
2026-05-04 05:42:00,24.47,62.8,71.87,80.9,0,3
2026-05-04 05:43:00,24.36,64.47,73.01,0.0,0,3
2026-05-04 05:44:00,24.2,62.41,73.25,0.0,0,3
2026-05-04 05:45:00,23.8,61.87,73.84,135.2,0,3
2026-05-04 05:46:00,24.55,62.24,74.14,0.0,0,3
2026-05-04 05:47:00,23.96,62.92,74.5,13.3,0,3
2026-05-04 05:48:00,24.5,64.67,74.67,0.0,0,3
2026-05-04 05:49:00,24.53,63.88,76.14,60.9,0,3
2026-05-04 05:50:00,23.94,65.0,76.92,125.2,0,3
2026-05-04 05:51:00,23.94,64.84,78.14,100.3,0,3
2026-05-04 05:52:00,24.15,61.03,77.67,0.0,0,4
2026-05-04 05:53:00,24.47,61.91,76.75,145.1,0,3
2026-05-04 05:54:00,24.09,61.67,76.52,0.0,0,3
2026-05-04 05:55:00,24.27,65.0,77.49,0.0,0,3
2026-05-04 05:56:00,24.12,64.45,77.23,8.5,0,4
2026-05-04 05:57:00,24.44,63.47,77.56,149.4,0,3
2026-05-04 05:58:00,24.08,62.81,77.0,0.0,0,3
2026-05-04 05:59:00,24.06,62.97,76.52,130.8,0,3
2026-05-04 06:00:00,23.98,62.6,76.37,17.2,0,3
2026-05-04 06:01:00,23.97,64.42,77.17,5.7,0,3
2026-05-04 06:02:00,24.5,63.03,77.53,245.3,0,3
2026-05-04 06:03:00,24.14,64.23,76.51,85.7,0,3
2026-05-04 06:04:00,23.99,64.11,76.69,534.8,0,3
2026-05-04 06:05:00,23.81,64.86,76.07,302.4,0,1
2026-05-04 06:06:00,24.16,64.0,75.67,435.6,0,1
2026-05-04 06:07:00,24.02,64.9,75.79,703.4,0,1
2026-05-04 06:08:00,23.97,64.53,76.29,645.8,0,1
2026-05-04 06:09:00,24.03,62.94,76.76,879.3,0,1
2026-05-04 06:10:00,24.25,63.84,76.78,619.3,0,1
2026-05-04 06:11:00,23.93,64.07,76.81,922.4,0,1
2026-05-04 06:12:00,24.14,63.18,77.27,1149.4,0,1
2026-05-04 06:13:00,24.44,62.97,76.46,1362.1,0,1
2026-05-04 06:14:00,24.07,64.7,77.13,1459.3,0,1
2026-05-04 06:15:00,23.94,64.33,76.69,1586.5,0,1
2026-05-04 06:16:00,24.47,64.06,76.68,1774.9,0,1
2026-05-04 06:17:00,24.18,63.39,76.34,1850.3,0,1
2026-05-04 06:18:00,24.16,64.75,75.72,1685.3,0,1
2026-05-04 06:19:00,24.33,64.06,75.81,2268.0,0,1
2026-05-04 06:20:00,24.18,62.38,75.81,2150.2,0,1
2026-05-04 06:21:00,24.22,62.87,75.65,2447.1,0,1
2026-05-04 06:22:00,23.81,62.85,75.48,2593.0,0,1
2026-05-04 06:23:00,23.99,62.32,76.03,2741.6,0,1
2026-05-04 06:24:00,24.66,65.0,76.86,2770.7,0,1
2026-05-04 06:25:00,23.93,65.0,77.27,2841.1,0,1
2026-05-04 06:26:00,24.21,64.69,77.25,3126.4,0,1
2026-05-04 06:27:00,24.63,63.26,76.41,3521.4,0,1
2026-05-04 06:28:00,24.36,62.44,76.56,3426.8,0,1
2026-05-04 06:29:00,24.26,61.9,76.73,3675.3,0,1
2026-05-04 06:30:00,23.99,63.37,76.93,4014.1,0,1
2026-05-04 06:31:00,24.03,62.69,76.31,4026.1,0,1
2026-05-04 06:32:00,24.11,64.3,76.55,4271.9,0,1
2026-05-04 06:33:00,24.27,63.4,77.1,4536.8,0,1
2026-05-04 06:34:00,24.5,63.92,76.54,4753.1,0,1
2026-05-04 06:35:00,24.21,63.59,76.71,4787.9,0,1
2026-05-04 06:36:00,24.04,61.51,76.23,5126.9,0,1
2026-05-04 06:37:00,24.16,63.17,76.06,5356.4,0,1
2026-05-04 06:38:00,24.31,63.62,75.53,5356.4,0,1
2026-05-04 06:39:00,24.27,63.55,75.26,5737.6,0,1
2026-05-04 06:40:00,24.12,62.76,75.0,5830.3,0,1
2026-05-04 06:41:00,23.9,63.15,75.07,6137.7,0,1
2026-05-04 06:42:00,24.45,62.17,75.35,6417.9,0,1
2026-05-04 06:43:00,24.12,61.43,75.76,6520.2,0,1
2026-05-04 06:44:00,24.24,63.22,75.36,6863.0,0,1
2026-05-04 06:45:00,24.01,64.52,75.4,7062.2,0,1
2026-05-04 06:46:00,24.01,63.02,74.82,7291.8,0,1
2026-05-04 06:47:00,24.31,61.68,74.66,7448.5,1,1
2026-05-04 06:48:00,23.87,64.98,74.58,7751.2,0,1
2026-05-04 06:49:00,23.89,65.0,74.08,7886.0,0,1
2026-05-04 06:50:00,24.56,62.29,74.22,7862.0,0,1
2026-05-04 06:51:00,24.39,61.93,74.06,8190.9,0,1
2026-05-04 06:52:00,24.28,63.03,74.03,8486.1,0,1
2026-05-04 06:53:00,23.91,64.06,74.46,8728.0,0,1
2026-05-04 06:54:00,24.23,62.73,74.17,9010.0,0,1
2026-05-04 06:55:00,24.16,61.49,74.44,9100.3,0,1
2026-05-04 06:56:00,24.07,64.66,74.96,9669.7,0,1
2026-05-04 06:57:00,24.16,63.67,75.44,9649.3,0,1
2026-05-04 06:58:00,23.82,65.0,75.24,9895.1,0,1
2026-05-04 06:59:00,23.66,64.12,74.71,10051.4,0,1
2026-05-04 07:00:00,24.25,65.0,74.29,10248.6,0,1
2026-05-04 07:01:00,24.22,63.02,73.5,10592.4,0,1
2026-05-04 07:02:00,24.24,62.54,73.71,10850.8,0,1
2026-05-04 07:03:00,24.37,62.48,73.94,11078.2,0,1
2026-05-04 07:04:00,24.31,65.0,73.89,11529.7,0,1
2026-05-04 07:05:00,24.55,62.6,73.2,11559.7,0,2
2026-05-04 07:06:00,24.48,64.83,72.95,11809.5,0,2
2026-05-04 07:07:00,24.2,62.77,73.46,12163.9,0,2
2026-05-04 07:08:00,24.22,61.63,73.64,12293.0,0,2
2026-05-04 07:09:00,24.24,64.1,73.88,12626.8,0,2
2026-05-04 07:10:00,23.8,63.11,75.21,12658.4,0,2
2026-05-04 07:11:00,24.41,63.39,75.23,12910.3,0,2
2026-05-04 07:12:00,24.33,63.38,74.18,13329.5,0,2
2026-05-04 07:13:00,23.77,64.15,73.6,13540.3,0,2
2026-05-04 07:14:00,24.57,64.78,73.63,13725.2,0,2
2026-05-04 07:15:00,24.08,63.8,73.54,14092.2,0,2
2026-05-04 07:16:00,24.15,63.53,73.37,14359.1,0,2
2026-05-04 07:17:00,24.15,62.97,73.21,14506.2,0,2
2026-05-04 07:18:00,24.14,64.05,72.79,14787.6,0,2
2026-05-04 07:19:00,24.78,63.04,72.86,15135.3,0,2
2026-05-04 07:20:00,24.12,62.95,73.38,15247.2,0,2
2026-05-04 07:21:00,24.1,64.59,74.03,15558.6,0,2
2026-05-04 07:22:00,24.19,63.09,74.66,15957.5,0,2
2026-05-04 07:23:00,23.97,64.34,74.13,16153.8,0,2
2026-05-04 07:24:00,24.26,61.65,74.02,16363.5,0,2
2026-05-04 07:25:00,23.98,64.73,73.78,16577.5,0,2
2026-05-04 07:26:00,24.31,62.31,73.93,16830.2,0,2
2026-05-04 07:27:00,23.92,64.52,73.79,17202.8,0,2
2026-05-04 07:28:00,24.04,65.0,73.59,17729.4,0,2
2026-05-04 07:29:00,23.93,64.19,74.12,17822.6,0,2
2026-05-04 07:30:00,24.05,64.91,74.05,17864.1,0,2
2026-05-04 07:31:00,23.73,62.68,74.0,18379.0,0,2
2026-05-04 07:32:00,23.57,64.1,74.07,18474.0,0,2
2026-05-04 07:33:00,24.1,62.68,74.25,18836.1,0,2
2026-05-04 07:34:00,23.8,63.09,74.44,19038.4,0,2
2026-05-04 07:35:00,24.62,60.84,74.99,19625.0,0,2
2026-05-04 07:36:00,24.09,63.57,74.32,19520.0,0,2
2026-05-04 07:37:00,24.36,64.22,74.34,19968.3,0,2
2026-05-04 07:38:00,24.26,64.75,74.19,20123.7,0,2
2026-05-04 07:39:00,23.92,62.44,73.95,20570.6,0,2
2026-05-04 07:40:00,24.09,62.9,74.16,20793.8,1,2
2026-05-04 07:41:00,24.38,62.18,74.61,21186.3,0,2
2026-05-04 07:42:00,24.37,62.12,74.24,21399.9,0,2
2026-05-04 07:43:00,24.42,62.66,74.85,21509.0,0,2
2026-05-04 07:44:00,24.04,63.57,74.11,22221.3,0,2
2026-05-04 07:45:00,24.35,62.76,74.26,22217.7,0,2
2026-05-04 07:46:00,24.06,61.84,73.76,22365.3,0,2
2026-05-04 07:47:00,24.47,64.1,73.38,22736.9,0,2
2026-05-04 07:48:00,24.47,63.16,73.3,23069.3,0,2
2026-05-04 07:49:00,23.89,64.23,73.03,23346.7,0,2
2026-05-04 07:50:00,24.31,63.71,71.7,23617.5,0,2
2026-05-04 07:51:00,23.97,64.38,71.89,23957.0,0,2
2026-05-04 07:52:00,24.46,63.14,72.14,24228.6,0,2
2026-05-04 07:53:00,23.98,62.63,71.99,24306.7,0,2
2026-05-04 07:54:00,24.35,64.93,71.81,24945.8,0,2
2026-05-04 07:55:00,24.46,63.72,71.57,25214.0,0,2
2026-05-04 07:56:00,24.3,62.1,70.75,25359.1,0,2
2026-05-04 07:57:00,24.51,61.82,69.91,25553.4,0,2
2026-05-04 07:58:00,24.38,65.0,70.2,25841.6,0,2
2026-05-04 07:59:00,24.71,62.41,70.61,26082.6,0,2
2026-05-04 08:00:00,24.05,62.71,70.8,26385.0,0,2
2026-05-04 08:01:00,24.25,62.62,70.9,26433.3,0,2
2026-05-04 08:02:00,23.88,64.32,71.17,27167.0,0,2
2026-05-04 08:03:00,24.29,62.62,71.41,27412.7,0,2
2026-05-04 08:04:00,24.09,63.64,71.0,27358.5,0,2
2026-05-04 08:05:00,24.05,65.0,71.02,27955.2,0,2
2026-05-04 08:06:00,24.02,61.68,70.83,28136.5,1,2
2026-05-04 08:07:00,24.31,62.68,70.64,28402.8,1,2
2026-05-04 08:08:00,24.51,62.97,71.07,28775.4,0,2
2026-05-04 08:09:00,24.58,60.67,71.68,28797.0,0,2
2026-05-04 08:10:00,24.73,63.21,70.58,29294.9,0,2
2026-05-04 08:11:00,24.73,63.66,70.41,29596.2,0,2
2026-05-04 08:12:00,24.23,61.62,70.22,29886.9,0,2
2026-05-04 08:13:00,24.34,63.03,70.66,30003.9,0,2
2026-05-04 08:14:00,24.59,62.99,69.97,30512.7,0,2
2026-05-04 08:15:00,24.61,63.43,68.63,30877.5,0,2
2026-05-04 08:16:00,24.93,65.0,68.94,31090.6,0,2
2026-05-04 08:17:00,24.53,61.97,69.32,31305.8,0,2
2026-05-04 08:18:00,24.81,63.11,68.51,31947.7,0,2
2026-05-04 08:19:00,24.6,62.6,68.42,31806.0,0,2
2026-05-04 08:20:00,24.75,62.19,69.05,32301.8,0,2
2026-05-04 08:21:00,24.78,62.53,68.54,32530.3,0,2
2026-05-04 08:22:00,24.69,63.12,68.55,33034.9,0,2
2026-05-04 08:23:00,24.48,62.94,68.73,33132.2,0,2
2026-05-04 08:24:00,24.81,62.79,68.08,33450.4,0,2
2026-05-04 08:25:00,24.93,62.21,67.81,33731.5,0,2
2026-05-04 08:26:00,24.81,61.34,67.05,33836.4,0,2
2026-05-04 08:27:00,24.12,64.42,66.97,34151.8,0,2
2026-05-04 08:28:00,24.79,63.73,66.62,34515.7,0,2
2026-05-04 08:29:00,25.03,63.34,66.7,34956.5,0,2
2026-05-04 08:30:00,24.64,63.52,66.97,35162.3,0,2
2026-05-04 08:31:00,25.17,61.03,67.55,35402.3,0,2
2026-05-04 08:32:00,24.78,61.37,68.54,35884.6,0,2
2026-05-04 08:33:00,24.88,63.47,68.59,35774.8,0,2
2026-05-04 08:34:00,25.03,60.71,68.42,36149.9,0,2
2026-05-04 08:35:00,24.78,61.69,68.22,36298.5,0,2
2026-05-04 08:36:00,25.26,64.41,67.77,37035.7,0,2
2026-05-04 08:37:00,25.38,62.28,67.94,37171.7,0,2
2026-05-04 08:38:00,24.81,62.65,67.7,37591.8,0,2
2026-05-04 08:39:00,25.07,59.88,67.9,37755.2,0,2
2026-05-04 08:40:00,25.62,60.53,67.47,38183.4,0,2
2026-05-04 08:41:00,25.45,62.57,67.25,38337.7,0,2
2026-05-04 08:42:00,24.8,60.7,67.42,38694.2,1,2
2026-05-04 08:43:00,25.52,61.95,67.34,38968.6,0,2
2026-05-04 08:44:00,24.41,61.37,66.49,39269.4,0,2
2026-05-04 08:45:00,25.45,60.83,66.48,39722.8,0,2
2026-05-04 08:46:00,25.11,60.16,66.13,39617.2,0,2
2026-05-04 08:47:00,25.47,61.66,66.64,40095.4,0,2
2026-05-04 08:48:00,25.45,59.53,67.05,40418.5,0,2
2026-05-04 08:49:00,25.45,61.47,66.04,40691.6,0,2
2026-05-04 08:50:00,25.6,62.13,66.39,40928.8,1,2
2026-05-04 08:51:00,25.36,61.94,66.55,41203.0,0,2
2026-05-04 08:52:00,25.36,62.25,65.9,41741.2,0,2
2026-05-04 08:53:00,25.78,61.38,66.28,41839.2,0,2
2026-05-04 08:54:00,25.58,61.28,65.72,42430.2,0,2
2026-05-04 08:55:00,25.47,61.46,66.22,42490.6,0,2
2026-05-04 08:56:00,25.6,61.7,65.94,42681.9,0,2
2026-05-04 08:57:00,25.62,60.03,65.28,43072.0,0,2
2026-05-04 08:58:00,25.63,60.84,66.21,43307.6,0,2
2026-05-04 08:59:00,25.86,63.43,65.54,43744.1,0,2
2026-05-04 09:00:00,25.57,61.98,65.19,43780.5,0,2
2026-05-04 09:01:00,26.2,62.01,64.94,44062.2,0,2
2026-05-04 09:02:00,25.92,61.33,64.76,44655.7,0,2
2026-05-04 09:03:00,25.44,60.71,65.08,45043.8,0,2
2026-05-04 09:04:00,26.0,60.43,65.12,45332.4,0,2
2026-05-04 09:05:00,25.74,59.08,65.56,45710.2,0,2
2026-05-04 09:06:00,26.0,62.45,65.72,46045.0,0,2
2026-05-04 09:07:00,26.01,61.86,65.0,46149.6,0,2
2026-05-04 09:08:00,26.25,59.44,65.25,46703.7,0,2
2026-05-04 09:09:00,26.29,61.32,65.36,47175.4,0,2
2026-05-04 09:10:00,26.21,61.31,65.1,47335.0,0,2
2026-05-04 09:11:00,26.67,59.95,66.01,47414.8,1,2
2026-05-04 09:12:00,26.05,61.3,66.27,47839.2,0,2
2026-05-04 09:13:00,26.62,60.62,66.67,48253.7,0,2
2026-05-04 09:14:00,26.66,60.34,67.07,48684.3,0,2
2026-05-04 09:15:00,26.44,60.37,66.87,48530.2,0,2
2026-05-04 09:16:00,26.51,60.19,67.13,49079.5,0,2
2026-05-04 09:17:00,26.67,59.18,67.25,49202.3,0,2
2026-05-04 09:18:00,26.39,61.34,66.99,49639.1,0,2
2026-05-04 09:19:00,26.39,62.64,66.44,49921.6,0,2
2026-05-04 09:20:00,26.44,58.84,66.44,50099.9,0,2
2026-05-04 09:21:00,26.67,59.91,66.68,50499.5,0,2
2026-05-04 09:22:00,26.52,59.29,66.68,50819.3,0,2
2026-05-04 09:23:00,26.5,60.77,66.58,50927.0,0,2
2026-05-04 09:24:00,26.46,60.67,66.58,51056.2,0,2
2026-05-04 09:25:00,26.51,60.24,66.45,51659.1,0,2
2026-05-04 09:26:00,26.64,59.19,67.1,51877.3,0,2
2026-05-04 09:27:00,26.69,59.27,67.2,52126.6,0,2
2026-05-04 09:28:00,26.91,58.61,66.97,52251.1,0,2
2026-05-04 09:29:00,26.74,57.7,66.17,52712.9,0,2
2026-05-04 09:30:00,27.1,60.74,66.08,53116.0,0,2
2026-05-04 09:31:00,27.51,59.49,65.82,53122.6,0,2
2026-05-04 09:32:00,27.37,60.43,65.56,53436.8,0,2
2026-05-04 09:33:00,26.84,59.21,65.96,53561.1,1,2
2026-05-04 09:34:00,27.07,59.89,65.99,53855.6,0,2
2026-05-04 09:35:00,26.87,58.56,65.26,54082.9,0,2
2026-05-04 09:36:00,27.29,58.32,65.54,54491.2,0,2
2026-05-04 09:37:00,27.35,61.38,64.86,54712.4,0,2
2026-05-04 09:38:00,27.37,58.43,65.17,55093.6,0,2
2026-05-04 09:39:00,27.11,60.38,64.97,55224.1,0,2
2026-05-04 09:40:00,27.26,59.34,65.02,55582.4,0,2
2026-05-04 09:41:00,27.7,56.74,65.02,55744.8,1,2
2026-05-04 09:42:00,27.61,58.38,64.96,56140.0,0,2
2026-05-04 09:43:00,27.34,59.38,65.06,56209.7,0,2
2026-05-04 09:44:00,27.28,59.85,65.11,56700.1,0,2
2026-05-04 09:45:00,27.63,56.37,65.92,56929.7,0,2
2026-05-04 09:46:00,27.67,57.31,66.01,57232.7,0,2
2026-05-04 09:47:00,27.42,59.18,66.11,57249.3,0,2
2026-05-04 09:48:00,27.71,57.27,65.8,57777.2,0,2
2026-05-04 09:49:00,27.72,59.86,65.96,57936.5,0,2
2026-05-04 09:50:00,27.74,58.29,65.51,58243.6,0,2
2026-05-04 09:51:00,27.83,58.83,66.01,58274.5,0,2
2026-05-04 09:52:00,28.05,59.49,65.36,58596.3,0,2
2026-05-04 09:53:00,28.05,56.47,65.0,58951.1,0,2
2026-05-04 09:54:00,28.39,58.01,64.31,59424.8,0,2
2026-05-04 09:55:00,28.17,57.92,64.51,59555.7,0,2
2026-05-04 09:56:00,28.37,57.68,64.34,59778.2,0,2
2026-05-04 09:57:00,27.89,57.89,64.66,59924.5,0,2
2026-05-04 09:58:00,28.3,57.77,64.25,60156.0,0,2
2026-05-04 09:59:00,28.22,54.18,64.5,60554.3,0,2
2026-05-04 10:00:00,28.54,58.73,64.76,60851.7,0,2
2026-05-04 10:01:00,28.47,55.73,64.87,61048.5,0,2
2026-05-04 10:02:00,28.85,58.93,64.89,61493.3,0,2
2026-05-04 10:03:00,28.28,56.47,64.96,61457.4,0,2
2026-05-04 10:04:00,28.38,56.27,64.57,61813.3,0,2
2026-05-04 10:05:00,28.69,57.51,64.13,61855.7,0,2
2026-05-04 10:06:00,28.63,57.45,64.38,62314.1,0,2
2026-05-04 10:07:00,28.47,57.88,64.24,62704.1,0,2
2026-05-04 10:08:00,28.85,57.24,64.45,62652.0,0,2
2026-05-04 10:09:00,28.68,56.87,65.14,63118.1,0,2
2026-05-04 10:10:00,28.97,56.2,64.95,63433.3,0,2
2026-05-04 10:11:00,28.48,58.02,64.7,63409.7,0,2
2026-05-04 10:12:00,28.88,55.93,64.57,63795.7,0,2
2026-05-04 10:13:00,29.05,56.68,64.6,64164.6,0,2
2026-05-04 10:14:00,29.1,54.43,64.88,64221.7,0,2
2026-05-04 10:15:00,29.28,56.51,64.87,64530.6,0,2
2026-05-04 10:16:00,29.1,56.58,65.78,64459.5,0,2
2026-05-04 10:17:00,29.32,56.1,65.96,64971.9,0,2
2026-05-04 10:18:00,29.24,58.31,66.29,65206.4,1,2
2026-05-04 10:19:00,29.49,57.7,66.26,65239.1,0,2
2026-05-04 10:20:00,28.98,57.73,66.68,65538.9,0,2
2026-05-04 10:21:00,28.76,58.0,66.58,65964.0,0,2
2026-05-04 10:22:00,29.78,55.64,66.28,66079.4,0,2
2026-05-04 10:23:00,29.37,56.44,66.66,66467.6,0,2
2026-05-04 10:24:00,29.14,56.92,66.62,66608.8,0,2
2026-05-04 10:25:00,29.58,56.51,66.7,66805.1,0,2
2026-05-04 10:26:00,29.54,55.93,67.11,67026.0,0,2
2026-05-04 10:27:00,29.82,56.11,67.14,67310.7,0,2
2026-05-04 10:28:00,29.9,55.42,67.05,67578.2,0,2
2026-05-04 10:29:00,29.72,56.1,66.8,67754.9,0,2
2026-05-04 10:30:00,30.11,56.15,67.77,67843.9,0,2
2026-05-04 10:31:00,29.62,54.94,68.07,68266.0,1,2
2026-05-04 10:32:00,29.39,56.21,68.47,68396.8,1,2
2026-05-04 10:33:00,30.07,55.2,69.1,68587.4,0,2
2026-05-04 10:34:00,30.02,53.96,69.66,68788.2,1,2
2026-05-04 10:35:00,29.66,57.35,70.53,69041.6,0,2
2026-05-04 10:36:00,30.33,53.74,71.01,68964.8,1,2
2026-05-04 10:37:00,29.81,57.19,72.13,69426.3,1,2
2026-05-04 10:38:00,30.26,53.23,72.4,69798.2,1,2
2026-05-04 10:39:00,30.53,52.67,72.96,69837.4,0,2
2026-05-04 10:40:00,30.45,54.17,73.39,70024.7,1,3
2026-05-04 10:41:00,30.49,55.0,74.72,70130.6,0,3
2026-05-04 10:42:00,30.37,55.16,75.03,70474.2,0,3
2026-05-04 10:43:00,30.58,55.94,75.2,70594.7,0,3
2026-05-04 10:44:00,30.72,53.27,75.54,70953.2,0,3
2026-05-04 10:45:00,30.48,55.64,75.84,70909.4,0,3
2026-05-04 10:46:00,30.41,52.64,76.49,71152.5,0,3
2026-05-04 10:47:00,30.94,52.72,77.37,71339.0,0,3
2026-05-04 10:48:00,31.26,53.13,77.98,71856.5,0,3
2026-05-04 10:49:00,31.22,52.17,78.54,71809.9,0,3
2026-05-04 10:50:00,30.24,55.52,78.93,71977.3,0,3
2026-05-04 10:51:00,31.26,52.65,79.22,72011.0,0,3
2026-05-04 10:52:00,30.84,55.23,79.6,72360.4,0,3
2026-05-04 10:53:00,31.5,54.14,79.96,72725.2,0,3
2026-05-04 10:54:00,30.84,53.21,80.76,72940.1,0,3
2026-05-04 10:55:00,30.87,53.56,80.71,72983.3,0,3
2026-05-04 10:56:00,31.19,53.42,81.61,73188.1,1,3
2026-05-04 10:57:00,31.15,55.21,82.02,73662.4,0,3
2026-05-04 10:58:00,31.22,52.36,82.58,73925.1,0,3
2026-05-04 10:59:00,31.59,50.12,82.44,73948.3,0,3
2026-05-04 11:00:00,31.72,52.29,83.09,74178.4,1,3
2026-05-04 11:01:00,31.22,52.39,83.13,74367.2,1,3
2026-05-04 11:02:00,31.92,50.68,83.78,74602.5,1,3
2026-05-04 11:03:00,31.25,53.4,84.45,74503.8,1,3
2026-05-04 11:04:00,31.46,51.75,84.63,74593.4,1,3
2026-05-04 11:05:00,32.29,52.39,83.56,75079.3,0,3
2026-05-04 11:06:00,31.8,51.23,84.33,74923.2,0,3
2026-05-04 11:07:00,31.6,56.51,83.7,75111.0,0,3
2026-05-04 11:08:00,31.88,53.84,83.65,75303.0,0,3
2026-05-04 11:09:00,32.04,51.47,83.16,75584.0,0,3
2026-05-04 11:10:00,32.0,51.48,83.45,75525.9,0,3
2026-05-04 11:11:00,32.28,51.78,83.12,75769.3,0,3
2026-05-04 11:12:00,31.8,53.57,82.63,76031.4,0,2
2026-05-04 11:13:00,31.9,52.0,82.73,76113.7,0,2
2026-05-04 11:14:00,31.89,51.16,82.02,76566.1,0,2
2026-05-04 11:15:00,31.96,50.72,81.7,76627.2,0,2
2026-05-04 11:16:00,32.22,52.06,81.85,76856.9,0,2
2026-05-04 11:17:00,32.0,51.53,82.35,77008.8,0,2
2026-05-04 11:18:00,32.39,52.2,81.78,77079.5,0,2
2026-05-04 11:19:00,32.52,49.12,81.36,77372.9,0,2
2026-05-04 11:20:00,32.11,52.82,81.37,77477.2,0,2
2026-05-04 11:21:00,32.31,51.59,80.36,77548.0,0,2
2026-05-04 11:22:00,32.39,49.75,80.82,77532.7,0,2
2026-05-04 11:23:00,32.51,52.12,80.25,77970.1,0,2
2026-05-04 11:24:00,32.57,52.2,79.93,77921.9,0,2
2026-05-04 11:25:00,32.89,50.19,79.91,78271.5,0,2
2026-05-04 11:26:00,32.96,51.84,79.81,78402.8,0,2
2026-05-04 11:27:00,32.56,49.98,79.27,78360.9,0,2
2026-05-04 11:28:00,32.98,48.27,80.38,78713.1,0,2
2026-05-04 11:29:00,33.2,50.51,79.81,78843.6,0,2
2026-05-04 11:30:00,33.21,49.64,79.66,79003.8,0,2
2026-05-04 11:31:00,33.01,49.49,79.94,79130.4,1,2
2026-05-04 11:32:00,33.0,51.69,79.88,79179.3,0,2
2026-05-04 11:33:00,32.71,51.67,80.87,79460.6,1,2
2026-05-04 11:34:00,33.01,52.96,80.65,79421.0,1,2
2026-05-04 11:35:00,32.78,51.8,81.87,79508.8,1,2
2026-05-04 11:36:00,33.49,50.97,82.1,79835.5,0,2
2026-05-04 11:37:00,33.19,49.69,82.07,80016.4,0,2
2026-05-04 11:38:00,33.28,48.03,81.75,80120.4,0,2
2026-05-04 11:39:00,33.2,53.09,82.23,80162.6,0,2
2026-05-04 11:40:00,33.05,51.52,82.55,80064.1,0,2
2026-05-04 11:41:00,33.63,52.04,83.25,80598.5,0,2
2026-05-04 11:42:00,33.63,48.7,83.63,80307.4,0,2
2026-05-04 11:43:00,33.78,51.11,84.55,80719.4,0,2
2026-05-04 11:44:00,33.16,51.12,85.07,81040.6,0,2
2026-05-04 11:45:00,33.98,50.91,85.52,80915.8,0,2
2026-05-04 11:46:00,33.66,50.77,86.46,81052.5,0,2
2026-05-04 11:47:00,33.94,49.41,86.97,81168.8,0,2
2026-05-04 11:48:00,33.13,51.15,87.7,81266.8,0,2
2026-05-04 11:49:00,33.94,49.26,88.76,81626.3,0,2
2026-05-04 11:50:00,33.87,50.79,89.25,81360.2,0,2
2026-05-04 11:51:00,33.88,48.81,89.64,81470.6,0,3
2026-05-04 11:52:00,33.96,48.82,90.62,81657.5,1,3
2026-05-04 11:53:00,33.88,49.57,89.95,82040.4,1,3
2026-05-04 11:54:00,33.72,50.73,90.36,81856.1,0,3
2026-05-04 11:55:00,33.81,49.93,90.86,82093.6,0,3
2026-05-04 11:56:00,34.18,48.96,91.64,82287.1,0,3
2026-05-04 11:57:00,34.55,50.1,91.79,82373.3,0,3
2026-05-04 11:58:00,34.54,49.55,92.88,82495.0,0,3
2026-05-04 11:59:00,34.37,48.53,93.13,82662.9,0,3
2026-05-04 12:00:00,34.24,48.02,93.52,82632.1,0,3
2026-05-04 12:01:00,34.92,48.1,93.82,82638.0,0,3
2026-05-04 12:02:00,34.62,47.98,94.8,82827.2,0,3
2026-05-04 12:03:00,34.65,47.77,94.24,82852.4,0,3
2026-05-04 12:04:00,34.21,50.2,95.4,83300.5,1,3
2026-05-04 12:05:00,34.65,50.04,96.38,83010.7,0,3
2026-05-04 12:06:00,34.33,49.07,96.53,83210.8,1,3
2026-05-04 12:07:00,35.2,47.91,97.3,83046.9,1,3
2026-05-04 12:08:00,34.52,47.99,97.76,83309.9,1,3
2026-05-04 12:09:00,34.62,47.45,98.96,83333.5,1,3
2026-05-04 12:10:00,34.66,49.63,99.71,83519.4,0,3
2026-05-04 12:11:00,34.77,46.99,101.05,83606.2,0,3
2026-05-04 12:12:00,35.08,47.34,100.72,83771.8,0,3
2026-05-04 12:13:00,34.96,47.48,101.12,83840.3,0,3
2026-05-04 12:14:00,35.01,48.69,100.87,83753.8,0,3
2026-05-04 12:15:00,35.23,47.64,101.21,83717.2,0,3
2026-05-04 12:16:00,34.71,47.92,102.7,83798.6,0,3
2026-05-04 12:17:00,35.33,49.37,103.4,84016.1,0,3
2026-05-04 12:18:00,35.22,49.85,104.41,84092.6,0,3
2026-05-04 12:19:00,35.05,48.59,105.13,84182.1,0,3
2026-05-04 12:20:00,35.31,47.94,105.62,84173.6,0,3
2026-05-04 12:21:00,35.35,47.11,105.73,84479.8,0,3
2026-05-04 12:22:00,34.71,48.59,105.89,84195.3,0,3
2026-05-04 12:23:00,35.75,45.71,106.13,84368.0,0,3
2026-05-04 12:24:00,35.75,48.33,105.49,84371.2,0,3
2026-05-04 12:25:00,35.17,47.81,105.81,84536.4,0,3
2026-05-04 12:26:00,35.35,46.89,106.51,84768.2,0,3
2026-05-04 12:27:00,35.92,46.52,106.71,84629.4,0,3
2026-05-04 12:28:00,35.79,47.95,107.23,84721.7,0,3
2026-05-04 12:29:00,35.76,46.83,107.93,84842.7,0,3
2026-05-04 12:30:00,35.81,46.11,108.67,84763.4,0,3
2026-05-04 12:31:00,35.84,44.52,108.56,84885.5,0,3
2026-05-04 12:32:00,35.52,47.37,108.59,84918.2,0,3
2026-05-04 12:33:00,35.69,47.68,109.31,84783.7,0,3
2026-05-04 12:34:00,36.12,46.04,110.13,84910.2,0,3
2026-05-04 12:35:00,36.08,45.74,111.13,85053.8,0,3
2026-05-04 12:36:00,36.03,45.41,112.04,85214.7,0,3
2026-05-04 12:37:00,35.83,46.58,113.48,85254.8,0,3
2026-05-04 12:38:00,36.29,45.06,113.81,85383.0,0,3
2026-05-04 12:39:00,35.84,45.68,114.82,85202.7,1,3
2026-05-04 12:40:00,36.49,45.54,114.7,85125.9,1,3
2026-05-04 12:41:00,35.98,49.09,116.27,85202.1,1,3
2026-05-04 12:42:00,35.98,49.62,116.79,85212.8,1,3
2026-05-04 12:43:00,36.25,47.86,117.56,85222.7,1,3
2026-05-04 12:44:00,36.34,47.1,118.25,85321.8,1,3
2026-05-04 12:45:00,36.35,43.99,118.1,85359.6,1,3
2026-05-04 12:46:00,36.03,49.96,118.09,85181.6,1,3
2026-05-04 12:47:00,36.51,46.56,118.45,85491.4,1,3
2026-05-04 12:48:00,36.69,44.51,119.06,85175.9,0,3
2026-05-04 12:49:00,36.46,49.37,120.34,85418.1,0,3
2026-05-04 12:50:00,36.14,46.49,120.29,85620.4,0,3
2026-05-04 12:51:00,36.51,47.09,121.47,85570.5,0,3
2026-05-04 12:52:00,36.32,45.97,121.88,85480.3,0,3
2026-05-04 12:53:00,36.16,47.26,122.06,85757.5,0,3
2026-05-04 12:54:00,36.55,46.86,122.44,85504.5,0,3
2026-05-04 12:55:00,37.13,46.25,122.61,85326.9,0,3
2026-05-04 12:56:00,36.74,47.31,123.09,85639.1,0,3
2026-05-04 12:57:00,36.73,45.97,123.21,85376.7,0,3
2026-05-04 12:58:00,37.01,45.63,123.05,85495.9,0,3
2026-05-04 12:59:00,37.03,45.31,123.41,85672.4,0,3
2026-05-04 13:00:00,36.54,44.79,124.03,85517.9,0,3
2026-05-04 13:01:00,37.41,43.73,123.98,85639.8,0,3
2026-05-04 13:02:00,37.03,44.98,124.73,85417.0,0,3
2026-05-04 13:03:00,37.25,46.57,125.56,85658.3,1,3
2026-05-04 13:04:00,36.91,46.09,126.52,85334.1,0,3
2026-05-04 13:05:00,36.61,45.84,127.1,85684.2,0,3
2026-05-04 13:06:00,37.1,44.94,126.68,85472.2,0,3
2026-05-04 13:07:00,36.89,44.15,127.22,85681.5,0,3
2026-05-04 13:08:00,37.49,43.63,127.91,85380.2,0,3
2026-05-04 13:09:00,36.88,45.75,127.98,85694.4,0,3
2026-05-04 13:10:00,37.28,45.02,128.37,85348.8,0,3
2026-05-04 13:11:00,37.46,45.69,129.04,85234.3,0,3
2026-05-04 13:12:00,37.45,44.51,130.3,85432.3,0,3
2026-05-04 13:13:00,37.25,45.73,130.73,85545.7,0,3
2026-05-04 13:14:00,36.97,43.61,131.61,85478.2,0,3
2026-05-04 13:15:00,37.07,44.16,132.1,85504.1,0,3
2026-05-04 13:16:00,37.29,45.31,132.59,85413.7,0,3
2026-05-04 13:17:00,37.16,45.19,133.48,85213.4,0,3
2026-05-04 13:18:00,37.53,45.55,133.65,85373.9,1,3
2026-05-04 13:19:00,37.39,46.26,134.15,85262.1,0,3
2026-05-04 13:20:00,37.29,46.46,134.48,85128.5,0,3
2026-05-04 13:21:00,37.29,46.9,134.29,85219.2,0,3
2026-05-04 13:22:00,37.28,47.19,135.22,85155.5,0,3
2026-05-04 13:23:00,37.7,44.0,136.12,85296.4,0,3
2026-05-04 13:24:00,37.56,47.37,136.4,85030.0,0,3
2026-05-04 13:25:00,37.78,47.77,136.63,84996.5,0,3
2026-05-04 13:26:00,37.79,42.73,137.16,84951.3,0,3
2026-05-04 13:27:00,37.79,43.59,137.85,85193.1,0,3
2026-05-04 13:28:00,38.03,44.39,138.21,84831.7,0,3
2026-05-04 13:29:00,37.53,44.93,138.34,85014.5,0,3
2026-05-04 13:30:00,38.09,41.84,138.57,84698.5,0,3
2026-05-04 13:31:00,38.06,42.78,138.84,84814.3,0,3
2026-05-04 13:32:00,37.94,44.34,138.77,84728.7,1,3
2026-05-04 13:33:00,37.82,43.99,139.26,84805.8,1,3
2026-05-04 13:34:00,38.06,44.66,139.25,84728.4,1,3
2026-05-04 13:35:00,38.19,46.08,139.22,84536.6,1,3
2026-05-04 13:36:00,37.76,42.84,140.97,84406.1,1,3
2026-05-04 13:37:00,38.29,46.37,142.28,84631.0,1,3
2026-05-04 13:38:00,38.6,45.42,142.76,84295.8,1,3
2026-05-04 13:39:00,38.18,41.68,143.49,84031.1,1,3
2026-05-04 13:40:00,38.55,41.8,144.22,84007.9,1,3
2026-05-04 13:41:00,38.37,43.0,144.55,83976.4,0,3
2026-05-04 13:42:00,38.34,42.37,144.95,84197.4,1,3
2026-05-04 13:43:00,38.13,44.52,145.35,84319.8,0,3
2026-05-04 13:44:00,38.25,44.42,146.18,83730.6,0,3
2026-05-04 13:45:00,38.11,44.01,147.21,83799.1,0,3
2026-05-04 13:46:00,38.62,43.58,148.28,83832.4,0,3
2026-05-04 13:47:00,38.22,43.52,148.85,83905.0,0,3
2026-05-04 13:48:00,38.88,43.25,149.05,83540.2,0,3
2026-05-04 13:49:00,38.57,45.5,148.27,83623.4,0,3
2026-05-04 13:50:00,38.59,40.32,148.41,83440.0,0,3
2026-05-04 13:51:00,38.18,43.77,147.46,83713.4,0,3
2026-05-04 13:52:00,38.7,43.58,146.17,83328.6,0,3
2026-05-04 13:53:00,38.5,43.18,146.32,83275.1,0,3
2026-05-04 13:54:00,38.44,43.76,145.88,83149.9,0,3
2026-05-04 13:55:00,38.44,44.82,145.38,83012.3,0,3
2026-05-04 13:56:00,38.32,42.94,144.5,83093.2,0,2
2026-05-04 13:57:00,38.65,45.74,143.43,82756.2,0,2
2026-05-04 13:58:00,38.63,41.34,142.4,82584.4,0,2
2026-05-04 13:59:00,38.36,44.24,141.78,82712.1,1,2
2026-05-04 14:00:00,38.84,42.81,141.03,82720.3,1,2
2026-05-04 14:01:00,39.27,42.54,139.52,82441.3,0,2
2026-05-04 14:02:00,38.4,44.36,139.59,82418.2,0,2
2026-05-04 14:03:00,38.74,42.22,138.75,82122.0,0,2
2026-05-04 14:04:00,39.21,43.63,138.63,82289.1,0,2
2026-05-04 14:05:00,38.62,45.51,137.67,82125.3,0,2
2026-05-04 14:06:00,38.94,42.34,137.09,81924.7,0,2
2026-05-04 14:07:00,38.95,42.05,136.87,81848.5,0,2
2026-05-04 14:08:00,39.03,44.08,136.59,81538.7,0,2
2026-05-04 14:09:00,39.34,43.3,135.84,81442.4,0,2
2026-05-04 14:10:00,38.45,41.49,135.42,81486.7,0,2
2026-05-04 14:11:00,38.96,43.31,135.09,81431.5,0,2
2026-05-04 14:12:00,38.81,43.8,134.4,81320.7,0,2
2026-05-04 14:13:00,38.94,42.62,133.3,81119.9,0,2
2026-05-04 14:14:00,38.98,44.43,132.42,81144.9,0,2
2026-05-04 14:15:00,38.91,40.8,131.66,81127.6,0,2
2026-05-04 14:16:00,38.72,40.4,131.08,80822.6,0,2
2026-05-04 14:17:00,38.76,44.22,131.18,80741.7,0,2
2026-05-04 14:18:00,39.56,40.84,130.98,80566.1,0,2
2026-05-04 14:19:00,38.7,42.99,130.04,80453.2,0,2
2026-05-04 14:20:00,39.36,40.73,131.32,80344.5,0,2
2026-05-04 14:21:00,38.81,43.89,131.73,80427.3,1,2
2026-05-04 14:22:00,39.11,42.86,132.4,80207.8,1,2
2026-05-04 14:23:00,39.59,41.62,132.28,80061.6,1,2
2026-05-04 14:24:00,39.31,40.69,132.5,79772.3,1,2
2026-05-04 14:25:00,38.76,42.74,133.16,79572.5,0,2
2026-05-04 14:26:00,39.05,42.93,133.11,79591.5,1,2
2026-05-04 14:27:00,39.14,41.77,133.61,79558.8,0,2
2026-05-04 14:28:00,39.42,41.42,134.2,79461.2,1,2
2026-05-04 14:29:00,39.18,42.36,134.06,78804.1,0,2
2026-05-04 14:30:00,39.14,43.21,133.78,79265.4,0,2
2026-05-04 14:31:00,39.62,42.24,134.42,78871.2,0,2
2026-05-04 14:32:00,39.6,43.17,136.15,78786.8,0,2
2026-05-04 14:33:00,39.39,41.95,136.79,78316.9,0,2
2026-05-04 14:34:00,39.07,43.72,137.33,78346.8,0,2
2026-05-04 14:35:00,38.57,41.8,137.18,78326.6,0,2
2026-05-04 14:36:00,38.93,43.18,138.32,77944.8,0,2
2026-05-04 14:37:00,38.87,43.19,138.38,77582.5,0,2
2026-05-04 14:38:00,39.25,45.08,139.39,77831.7,0,2
2026-05-04 14:39:00,39.51,41.08,139.98,77631.0,0,2
2026-05-04 14:40:00,39.78,40.07,140.57,77641.7,0,2
2026-05-04 14:41:00,39.61,40.82,141.22,77288.9,0,2
2026-05-04 14:42:00,39.13,41.67,141.81,77125.8,0,2
2026-05-04 14:43:00,39.37,42.57,142.25,77044.5,0,3
2026-05-04 14:44:00,39.42,40.5,143.05,76931.1,0,3
2026-05-04 14:45:00,38.94,43.1,143.04,76551.0,0,3
2026-05-04 14:46:00,39.12,42.48,143.14,76578.4,0,3
2026-05-04 14:47:00,39.24,43.37,144.23,76243.7,0,3
2026-05-04 14:48:00,39.88,42.11,144.65,76122.2,0,3
2026-05-04 14:49:00,39.46,42.96,144.91,76015.2,0,3
2026-05-04 14:50:00,39.04,43.14,145.73,75862.5,0,3
2026-05-04 14:51:00,39.27,43.63,146.46,75613.7,0,3
2026-05-04 14:52:00,39.49,40.12,146.16,75291.4,1,3
2026-05-04 14:53:00,39.32,40.4,146.95,75038.0,0,3
2026-05-04 14:54:00,39.3,42.15,147.34,75056.5,0,3
2026-05-04 14:55:00,39.58,41.89,148.12,75012.3,0,3
2026-05-04 14:56:00,39.76,40.31,148.56,74771.1,0,3
2026-05-04 14:57:00,39.71,42.27,149.17,74536.4,0,3
2026-05-04 14:58:00,39.34,40.56,148.71,74338.0,0,3
2026-05-04 14:59:00,39.38,41.75,148.54,74210.5,1,3
2026-05-04 15:00:00,39.35,42.09,149.17,73866.9,1,3
2026-05-04 15:01:00,39.69,42.32,150.71,73911.1,1,3
2026-05-04 15:02:00,39.34,41.52,151.16,73733.0,1,3
2026-05-04 15:03:00,38.96,44.12,151.09,73386.3,0,3
2026-05-04 15:04:00,39.56,43.83,151.5,73293.7,0,3
2026-05-04 15:05:00,39.58,43.64,151.36,72854.7,0,3
2026-05-04 15:06:00,39.34,44.29,152.2,72878.6,0,3
2026-05-04 15:07:00,39.91,42.6,152.57,72652.8,0,3
2026-05-04 15:08:00,39.31,42.9,153.27,72625.1,0,3
2026-05-04 15:09:00,39.81,40.57,153.43,72263.6,0,3
2026-05-04 15:10:00,39.12,41.76,154.19,72211.0,0,3
2026-05-04 15:11:00,39.52,43.0,153.86,71853.8,0,3
2026-05-04 15:12:00,39.25,40.11,154.35,71423.1,0,3
2026-05-04 15:13:00,39.44,43.57,154.86,71473.2,0,3
2026-05-04 15:14:00,39.65,40.96,155.17,71304.2,0,3
2026-05-04 15:15:00,39.32,41.51,155.59,71089.0,0,3
2026-05-04 15:16:00,39.29,43.13,156.14,70908.8,0,3
2026-05-04 15:17:00,39.4,42.37,156.84,70640.6,0,3
2026-05-04 15:18:00,40.4,40.14,157.56,70462.7,0,3
2026-05-04 15:19:00,39.51,40.79,158.15,70134.7,0,3
2026-05-04 15:20:00,39.5,40.1,158.93,69818.6,0,3
2026-05-04 15:21:00,39.57,39.21,158.54,69835.3,0,3
2026-05-04 15:22:00,39.03,44.32,158.67,69533.7,0,3
2026-05-04 15:23:00,39.69,41.38,158.33,69532.5,0,3
2026-05-04 15:24:00,39.63,40.65,158.95,68948.7,0,3
2026-05-04 15:25:00,39.01,43.49,159.58,69038.4,0,3
2026-05-04 15:26:00,40.05,40.2,160.58,69034.0,0,3
2026-05-04 15:27:00,39.45,41.06,161.19,68523.8,0,3
2026-05-04 15:28:00,39.16,43.8,161.34,68314.0,0,3
2026-05-04 15:29:00,39.52,42.77,161.84,68141.7,0,3
2026-05-04 15:30:00,39.21,42.53,161.33,67918.9,0,3
2026-05-04 15:31:00,39.03,41.9,161.49,67585.2,0,3
2026-05-04 15:32:00,39.36,42.38,160.86,67293.0,0,3
2026-05-04 15:33:00,39.36,42.79,161.43,67291.0,0,3
2026-05-04 15:34:00,39.02,42.88,161.76,66749.0,0,3
2026-05-04 15:35:00,39.22,43.76,162.12,66833.7,0,3
2026-05-04 15:36:00,39.15,41.19,162.18,66440.4,0,3
2026-05-04 15:37:00,39.31,41.86,162.19,66273.0,0,3
2026-05-04 15:38:00,39.55,42.49,162.87,65969.8,0,3
2026-05-04 15:39:00,39.42,41.32,162.79,65978.8,0,3
2026-05-04 15:40:00,39.37,43.22,163.34,65614.0,0,3
2026-05-04 15:41:00,38.92,44.33,163.29,65305.1,1,3
2026-05-04 15:42:00,39.36,42.17,163.06,65077.1,0,3
2026-05-04 15:43:00,39.08,42.94,163.93,64852.1,0,3
2026-05-04 15:44:00,38.92,42.46,164.92,64910.8,1,3
2026-05-04 15:45:00,39.56,41.47,165.17,64249.3,1,3
2026-05-04 15:46:00,39.0,44.14,165.34,64311.7,1,3
2026-05-04 15:47:00,39.35,41.11,165.78,64007.6,1,3
2026-05-04 15:48:00,39.19,43.32,165.97,63879.3,1,3
2026-05-04 15:49:00,39.07,41.92,166.13,63542.4,1,2
2026-05-04 15:50:00,39.6,40.75,166.9,63221.3,1,2
2026-05-04 15:51:00,39.13,43.62,168.17,63107.4,1,3
2026-05-04 15:52:00,39.14,43.24,168.35,62759.3,1,3
2026-05-04 15:53:00,39.08,41.7,169.27,62593.0,1,3
2026-05-04 15:54:00,39.3,41.98,169.86,62431.8,1,3
2026-05-04 15:55:00,39.2,42.16,169.48,62028.8,0,3
2026-05-04 15:56:00,39.06,42.8,169.86,61734.1,0,3
2026-05-04 15:57:00,38.99,42.02,170.14,61453.8,0,3
2026-05-04 15:58:00,39.2,44.4,171.12,61344.8,0,3
2026-05-04 15:59:00,39.04,41.22,172.15,60927.9,0,3
2026-05-04 16:00:00,39.62,39.91,172.85,60761.5,0,3
2026-05-04 16:01:00,39.05,42.4,173.88,60439.1,0,3
2026-05-04 16:02:00,39.25,39.87,174.22,60370.9,0,3
2026-05-04 16:03:00,39.13,41.49,175.1,59937.2,0,3
2026-05-04 16:04:00,39.07,41.75,175.4,59637.0,0,3
2026-05-04 16:05:00,39.35,42.13,176.26,59377.9,0,3
2026-05-04 16:06:00,39.26,42.0,177.2,59160.4,0,3
2026-05-04 16:07:00,39.24,42.55,177.98,58909.9,0,3
2026-05-04 16:08:00,39.22,41.36,177.99,58745.0,0,3
2026-05-04 16:09:00,38.67,42.61,178.32,58452.2,0,3
2026-05-04 16:10:00,39.16,43.06,179.14,58250.6,0,3
2026-05-04 16:11:00,38.98,39.91,179.78,57987.4,0,3
2026-05-04 16:12:00,38.9,43.25,180.35,57756.0,0,3
2026-05-04 16:13:00,39.87,38.8,180.51,57198.7,0,3
2026-05-04 16:14:00,38.62,43.14,181.11,57020.2,0,3
2026-05-04 16:15:00,38.95,43.29,181.41,56961.4,0,3
2026-05-04 16:16:00,38.92,43.09,181.65,56666.6,0,3
2026-05-04 16:17:00,38.92,41.96,182.87,56504.1,0,3
2026-05-04 16:18:00,38.67,43.37,183.06,55951.0,0,3
2026-05-04 16:19:00,38.96,41.52,183.76,55806.0,0,3
2026-05-04 16:20:00,38.61,44.81,184.31,55537.2,0,3
2026-05-04 16:21:00,38.94,43.68,184.13,55340.3,1,3
2026-05-04 16:22:00,38.89,41.61,184.08,55052.5,1,3
2026-05-04 16:23:00,38.77,44.57,184.43,54837.9,1,3
2026-05-04 16:24:00,38.8,43.12,183.96,54493.8,1,3
2026-05-04 16:25:00,39.19,40.98,185.09,54402.5,1,3
2026-05-04 16:26:00,38.92,44.11,185.43,54171.8,0,3
2026-05-04 16:27:00,38.8,44.85,184.21,53551.9,0,3
2026-05-04 16:28:00,38.84,42.51,183.73,53396.9,0,3
2026-05-04 16:29:00,38.73,43.42,182.66,53211.6,0,3
2026-05-04 16:30:00,38.84,42.81,181.94,52934.9,0,3
2026-05-04 16:31:00,38.53,43.96,180.69,52480.3,0,2
2026-05-04 16:32:00,39.21,43.26,179.73,52237.4,0,2
2026-05-04 16:33:00,38.68,44.23,179.17,51675.5,0,2
2026-05-04 16:34:00,39.32,39.93,177.82,51535.6,0,2
2026-05-04 16:35:00,39.14,41.78,177.09,51040.1,0,2
2026-05-04 16:36:00,38.44,44.54,175.09,50945.0,0,2
2026-05-04 16:37:00,38.6,42.32,174.7,50424.7,0,2
2026-05-04 16:38:00,38.61,43.56,173.53,50252.8,0,2
2026-05-04 16:39:00,38.73,41.88,172.57,49935.5,0,2
2026-05-04 16:40:00,38.5,44.11,171.62,49563.9,0,2
2026-05-04 16:41:00,38.75,43.0,170.29,49199.1,0,2
2026-05-04 16:42:00,37.98,44.75,168.95,48969.3,0,2
2026-05-04 16:43:00,38.24,44.13,168.3,48855.3,0,2
2026-05-04 16:44:00,38.32,41.86,167.67,48381.2,0,2
2026-05-04 16:45:00,38.18,46.26,166.43,48152.9,0,2
2026-05-04 16:46:00,37.89,42.59,165.8,47801.2,0,2
2026-05-04 16:47:00,38.51,46.26,165.19,47707.6,0,2
2026-05-04 16:48:00,37.99,41.43,164.18,47311.2,0,2
2026-05-04 16:49:00,38.07,43.99,162.79,46926.5,0,2
2026-05-04 16:50:00,38.4,41.75,161.95,46734.9,0,2
2026-05-04 16:51:00,38.49,45.26,161.3,46420.6,0,2
2026-05-04 16:52:00,38.01,42.77,160.46,46331.7,0,2
2026-05-04 16:53:00,37.87,42.87,159.4,45873.8,0,2
2026-05-04 16:54:00,37.89,44.19,158.81,45427.5,0,2
2026-05-04 16:55:00,38.35,45.23,158.57,45367.1,0,2
2026-05-04 16:56:00,38.33,45.01,157.45,45235.1,0,2
2026-05-04 16:57:00,38.09,43.6,156.54,44877.5,0,2
2026-05-04 16:58:00,38.04,43.56,156.95,44314.3,0,2
2026-05-04 16:59:00,37.62,45.16,156.3,44126.9,0,2
2026-05-04 17:00:00,38.04,43.88,154.98,43867.6,0,2
2026-05-04 17:01:00,38.09,43.98,154.01,43580.8,0,2
2026-05-04 17:02:00,37.9,43.97,154.15,43340.3,0,2
2026-05-04 17:03:00,37.88,44.9,154.72,42964.4,0,2
2026-05-04 17:04:00,37.54,45.19,155.33,42606.8,0,2
2026-05-04 17:05:00,38.06,45.75,155.6,42541.5,0,2
2026-05-04 17:06:00,37.39,44.08,156.74,42002.8,1,2
2026-05-04 17:07:00,37.7,43.65,157.17,41751.5,0,2
2026-05-04 17:08:00,37.78,44.19,157.36,41422.0,1,2
2026-05-04 17:09:00,37.92,43.87,157.13,41340.7,1,2
2026-05-04 17:10:00,37.87,45.22,157.13,40989.4,1,2
2026-05-04 17:11:00,37.86,42.93,157.11,40791.8,1,2
2026-05-04 17:12:00,37.47,46.27,157.4,40300.5,0,2
2026-05-04 17:13:00,38.09,43.53,157.56,39953.2,1,2
2026-05-04 17:14:00,37.75,45.77,158.49,39758.9,0,2
2026-05-04 17:15:00,37.35,47.94,158.6,39498.7,0,2
2026-05-04 17:16:00,37.34,46.16,159.39,39254.0,0,2
2026-05-04 17:17:00,37.56,45.36,159.94,38735.1,0,2
2026-05-04 17:18:00,37.22,46.43,160.72,38702.5,0,2
2026-05-04 17:19:00,36.99,45.06,160.31,38245.6,0,2
2026-05-04 17:20:00,37.29,45.31,160.36,37983.0,0,2
2026-05-04 17:21:00,36.67,45.06,159.19,37909.1,0,2
2026-05-04 17:22:00,37.29,44.26,158.76,37213.9,0,2
2026-05-04 17:23:00,37.33,45.31,158.14,37222.0,0,2
2026-05-04 17:24:00,37.07,45.42,157.81,36929.0,0,2
2026-05-04 17:25:00,37.39,45.38,157.07,36499.8,0,2
2026-05-04 17:26:00,37.28,45.18,156.79,36251.8,0,2
2026-05-04 17:27:00,36.77,45.38,155.45,36159.2,0,2
2026-05-04 17:28:00,37.0,46.51,154.25,35955.5,0,2
2026-05-04 17:29:00,36.82,44.91,153.25,35554.9,1,2
2026-05-04 17:30:00,36.83,45.93,152.47,35360.7,0,2
2026-05-04 17:31:00,37.16,46.55,151.75,34758.6,0,2
2026-05-04 17:32:00,37.0,46.26,150.7,34359.2,0,2
2026-05-04 17:33:00,36.62,45.89,149.55,34249.8,0,2
2026-05-04 17:34:00,36.82,43.5,148.56,34060.0,0,2
2026-05-04 17:35:00,36.54,45.64,147.12,33448.3,0,2
2026-05-04 17:36:00,36.57,48.56,146.32,33267.1,0,2
2026-05-04 17:37:00,37.03,45.06,145.62,32988.0,0,2
2026-05-04 17:38:00,37.25,45.05,145.14,32836.2,0,2
2026-05-04 17:39:00,37.01,45.58,144.54,32528.5,0,2
2026-05-04 17:40:00,36.6,46.47,144.66,32116.0,0,2
2026-05-04 17:41:00,36.54,45.26,144.34,31938.5,0,2
2026-05-04 17:42:00,36.7,46.72,143.99,31487.7,0,2
2026-05-04 17:43:00,36.44,46.68,143.48,31282.1,0,2
2026-05-04 17:44:00,36.01,44.71,143.05,30889.9,0,2
2026-05-04 17:45:00,36.78,42.65,142.29,30732.3,0,2
2026-05-04 17:46:00,35.99,46.17,141.68,30363.0,0,2
2026-05-04 17:47:00,36.55,44.58,141.86,30250.9,0,2
2026-05-04 17:48:00,36.4,46.62,141.18,29874.1,0,2
2026-05-04 17:49:00,36.63,45.47,139.95,29559.4,0,2
2026-05-04 17:50:00,36.34,46.89,139.62,29508.4,0,2
2026-05-04 17:51:00,35.94,47.47,139.36,29052.1,0,2
2026-05-04 17:52:00,36.31,45.16,138.79,28672.1,0,2
2026-05-04 17:53:00,35.91,46.49,137.35,28356.7,0,2
2026-05-04 17:54:00,35.71,46.54,137.3,27995.7,0,2
2026-05-04 17:55:00,35.46,48.68,136.78,27840.5,1,2
2026-05-04 17:56:00,35.84,46.81,136.04,27596.7,0,2
2026-05-04 17:57:00,35.4,49.13,135.94,27041.7,0,2
2026-05-04 17:58:00,36.14,48.17,134.46,26819.7,0,2
2026-05-04 17:59:00,35.35,47.55,133.92,26633.8,0,2
2026-05-04 18:00:00,35.6,46.65,133.11,26276.6,0,2
2026-05-04 18:01:00,35.57,46.36,133.17,26126.6,0,2
2026-05-04 18:02:00,35.65,48.14,132.7,25856.7,0,2
2026-05-04 18:03:00,35.35,47.59,131.75,25534.1,0,2
2026-05-04 18:04:00,35.8,46.2,131.67,25329.0,0,2
2026-05-04 18:05:00,35.51,48.56,130.04,24907.5,0,2
2026-05-04 18:06:00,35.42,48.7,129.72,24687.3,0,2
2026-05-04 18:07:00,35.22,46.75,128.62,24288.0,1,2
2026-05-04 18:08:00,35.48,47.97,127.89,24158.6,0,2
2026-05-04 18:09:00,35.64,48.01,127.26,23850.1,0,2
2026-05-04 18:10:00,35.92,48.95,127.13,23414.2,0,2
2026-05-04 18:11:00,34.97,48.05,127.56,23256.9,0,2
2026-05-04 18:12:00,35.12,48.03,126.26,22989.1,0,2
2026-05-04 18:13:00,34.63,49.51,125.94,22745.9,0,2
2026-05-04 18:14:00,35.23,49.4,126.38,22469.5,0,2
2026-05-04 18:15:00,34.68,49.13,125.61,22064.5,0,2
2026-05-04 18:16:00,35.04,48.41,124.82,21963.0,0,2
2026-05-04 18:17:00,35.23,47.2,124.41,21655.0,0,2
2026-05-04 18:18:00,34.78,48.12,124.26,21226.7,0,2
2026-05-04 18:19:00,34.6,48.58,124.04,20898.7,0,2
2026-05-04 18:20:00,35.12,48.88,123.38,20680.8,0,2
2026-05-04 18:21:00,34.92,48.85,122.54,20305.3,0,2
2026-05-04 18:22:00,34.41,48.2,123.53,20230.9,0,2
2026-05-04 18:23:00,34.68,49.67,123.64,20072.7,0,2
2026-05-04 18:24:00,34.39,48.86,123.33,19826.7,0,2
2026-05-04 18:25:00,34.82,48.27,123.22,19251.5,0,2
2026-05-04 18:26:00,34.54,49.77,123.43,19203.5,0,2
2026-05-04 18:27:00,34.84,49.5,124.64,18846.8,1,2
2026-05-04 18:28:00,34.18,49.77,124.7,18277.5,1,2
2026-05-04 18:29:00,34.42,51.26,125.84,18254.3,1,2
2026-05-04 18:30:00,34.31,46.91,126.71,17970.8,1,2
2026-05-04 18:31:00,34.33,50.29,127.32,17900.0,0,2
2026-05-04 18:32:00,34.08,48.29,126.77,17381.7,1,2
2026-05-04 18:33:00,33.61,50.12,126.72,17286.2,1,2
2026-05-04 18:34:00,34.3,49.21,126.96,16939.0,1,2
2026-05-04 18:35:00,34.09,49.41,128.13,16512.4,1,2
2026-05-04 18:36:00,33.82,48.76,128.33,16354.5,1,2
2026-05-04 18:37:00,33.86,48.18,128.54,16340.4,0,2
2026-05-04 18:38:00,33.64,47.8,129.19,15872.6,0,2
2026-05-04 18:39:00,33.42,50.17,128.92,15739.8,0,2
2026-05-04 18:40:00,34.1,49.63,129.23,15471.8,0,2
2026-05-04 18:41:00,33.93,50.42,129.31,15055.5,0,2
2026-05-04 18:42:00,33.4,51.84,130.91,14695.8,0,2
2026-05-04 18:43:00,34.33,50.16,131.05,14453.2,0,2
2026-05-04 18:44:00,33.36,51.69,132.19,14508.2,0,2
2026-05-04 18:45:00,33.78,48.72,131.13,14095.8,0,1
2026-05-04 18:46:00,33.55,51.57,130.7,13614.2,0,1
2026-05-04 18:47:00,33.18,51.2,130.37,13668.1,0,1
2026-05-04 18:48:00,33.54,48.7,129.88,13100.5,0,1
2026-05-04 18:49:00,33.35,51.8,129.37,12963.7,0,1
2026-05-04 18:50:00,33.19,49.68,129.21,12821.7,0,1
2026-05-04 18:51:00,33.63,48.88,128.85,12864.6,0,1
2026-05-04 18:52:00,33.41,52.29,128.24,12411.4,0,1
2026-05-04 18:53:00,33.38,50.76,127.41,12008.2,0,1
2026-05-04 18:54:00,33.1,49.62,126.82,11823.3,0,1
2026-05-04 18:55:00,33.19,50.1,126.23,11685.2,0,1
2026-05-04 18:56:00,33.05,52.21,125.63,11501.7,0,1
2026-05-04 18:57:00,33.13,49.39,125.16,11058.9,0,1
2026-05-04 18:58:00,32.71,51.24,124.04,10821.2,0,1
2026-05-04 18:59:00,32.31,51.81,123.11,10508.0,0,1
2026-05-04 19:00:00,33.19,54.01,122.99,10448.8,0,1
2026-05-04 19:01:00,32.8,49.54,121.54,10255.0,0,1
2026-05-04 19:02:00,32.9,49.46,121.6,9663.4,0,1
2026-05-04 19:03:00,32.53,50.99,120.89,9614.0,0,1
2026-05-04 19:04:00,32.6,50.81,121.15,9283.0,0,1
2026-05-04 19:05:00,32.98,51.08,121.22,9215.2,0,1
2026-05-04 19:06:00,32.64,50.95,120.61,8818.5,0,1
2026-05-04 19:07:00,33.05,51.96,120.05,8580.1,0,1
2026-05-04 19:08:00,32.67,51.58,120.27,8646.3,0,1
2026-05-04 19:09:00,32.23,50.93,120.36,8266.1,0,1
2026-05-04 19:10:00,32.45,51.49,120.31,8054.9,0,1
2026-05-04 19:11:00,32.71,51.09,120.33,7891.6,0,1
2026-05-04 19:12:00,32.29,53.37,119.39,7735.6,0,1
2026-05-04 19:13:00,32.35,52.96,119.01,7349.9,0,1
2026-05-04 19:14:00,32.49,52.58,118.22,7135.3,0,1
2026-05-04 19:15:00,31.5,52.24,117.29,6920.2,0,1
2026-05-04 19:16:00,32.21,52.5,116.92,6883.2,0,1
2026-05-04 19:17:00,32.32,50.59,116.3,6533.2,0,1
2026-05-04 19:18:00,31.73,53.57,115.8,6296.2,0,1
2026-05-04 19:19:00,32.14,53.68,115.16,6169.7,0,1
2026-05-04 19:20:00,31.82,50.16,114.2,6136.1,0,1
2026-05-04 19:21:00,31.35,53.23,114.52,5720.7,0,1
2026-05-04 19:22:00,31.92,52.43,114.17,5476.8,1,1
2026-05-04 19:23:00,31.66,53.98,113.14,5541.7,0,1
2026-05-04 19:24:00,31.59,52.28,112.82,5269.6,0,1
2026-05-04 19:25:00,31.72,52.08,113.07,5055.7,0,1
2026-05-04 19:26:00,31.27,53.64,113.08,4659.1,0,1
2026-05-04 19:27:00,31.65,53.64,112.45,4455.0,0,1
2026-05-04 19:28:00,31.17,53.83,111.84,4117.0,0,1
2026-05-04 19:29:00,31.73,53.86,111.03,4265.2,0,1
2026-05-04 19:30:00,31.58,53.83,110.32,3973.2,0,1
2026-05-04 19:31:00,31.63,52.32,109.66,3564.9,0,1
2026-05-04 19:32:00,31.31,53.42,108.66,3744.6,0,1
2026-05-04 19:33:00,31.03,54.44,108.11,3381.8,0,1
2026-05-04 19:34:00,30.91,53.01,107.91,3221.0,0,1
2026-05-04 19:35:00,30.84,53.24,107.38,2892.2,0,1
2026-05-04 19:36:00,30.94,52.16,107.13,2962.5,0,1
2026-05-04 19:37:00,30.76,55.58,107.49,2796.2,0,1
2026-05-04 19:38:00,30.96,56.49,107.93,2565.5,0,1
2026-05-04 19:39:00,30.62,53.54,107.54,2359.3,0,1
2026-05-04 19:40:00,30.62,55.06,107.56,2565.9,0,1
2026-05-04 19:41:00,30.62,55.85,107.13,1950.6,0,1
2026-05-04 19:42:00,30.47,53.17,106.56,1855.9,0,1
2026-05-04 19:43:00,30.53,54.91,105.73,1878.3,0,1
2026-05-04 19:44:00,30.71,55.84,105.43,1525.8,0,1
2026-05-04 19:45:00,30.29,54.52,105.56,1374.8,0,1
2026-05-04 19:46:00,30.15,54.93,104.67,1502.7,0,1
2026-05-04 19:47:00,30.36,56.4,104.22,1304.9,0,1
2026-05-04 19:48:00,30.06,54.64,103.75,1159.9,0,1
2026-05-04 19:49:00,30.63,53.67,103.53,997.3,0,1
2026-05-04 19:50:00,30.07,54.93,103.33,770.6,0,1
2026-05-04 19:51:00,30.2,57.15,103.24,706.3,0,1
2026-05-04 19:52:00,30.25,55.85,103.74,615.2,0,1
2026-05-04 19:53:00,29.77,56.22,103.04,619.8,0,1
2026-05-04 19:54:00,29.82,56.14,102.32,468.7,0,1
2026-05-04 19:55:00,29.82,54.16,102.11,212.2,0,1
2026-05-04 19:56:00,30.12,55.76,102.43,331.5,0,1
2026-05-04 19:57:00,30.33,54.29,101.48,0.0,0,1
2026-05-04 19:58:00,30.28,54.63,101.32,51.3,0,1
2026-05-04 19:59:00,30.09,54.85,100.93,0.0,0,1
2026-05-04 20:00:00,29.41,57.23,100.99,0.0,0,1
2026-05-04 20:01:00,29.44,58.25,100.96,231.2,0,1
2026-05-04 20:02:00,29.96,54.24,100.68,0.0,0,1
2026-05-04 20:03:00,29.94,56.64,100.58,0.0,0,1
2026-05-04 20:04:00,29.71,55.51,100.0,61.2,0,1
2026-05-04 20:05:00,29.66,56.71,100.04,0.0,0,1
2026-05-04 20:06:00,29.3,56.67,100.34,18.7,0,1
2026-05-04 20:07:00,29.78,54.89,100.08,171.5,0,1
2026-05-04 20:08:00,29.12,55.8,99.6,78.6,0,1
2026-05-04 20:09:00,28.85,56.69,99.24,0.0,0,1
2026-05-04 20:10:00,29.4,56.6,99.29,0.0,0,1
2026-05-04 20:11:00,29.0,57.32,98.97,63.7,0,1
2026-05-04 20:12:00,28.77,60.62,98.16,76.2,0,1
2026-05-04 20:13:00,29.26,57.02,98.28,2.5,0,1
2026-05-04 20:14:00,28.54,55.83,97.57,43.3,0,1
2026-05-04 20:15:00,29.06,58.17,97.48,43.4,0,1
2026-05-04 20:16:00,28.78,57.76,96.39,0.0,0,1
2026-05-04 20:17:00,29.24,56.2,96.18,0.0,0,1
2026-05-04 20:18:00,28.91,55.54,95.88,89.1,0,1
2026-05-04 20:19:00,29.01,56.39,94.77,35.0,0,1
2026-05-04 20:20:00,28.42,58.96,94.67,0.0,0,1
2026-05-04 20:21:00,28.22,58.44,93.95,0.0,0,1
2026-05-04 20:22:00,28.5,59.07,93.75,0.0,0,1
2026-05-04 20:23:00,28.69,58.73,93.34,0.0,0,1
2026-05-04 20:24:00,28.51,57.68,92.47,144.5,0,1
2026-05-04 20:25:00,28.73,53.34,91.8,384.3,0,1
2026-05-04 20:26:00,28.53,56.32,91.17,0.0,0,1
2026-05-04 20:27:00,28.08,56.18,91.39,36.5,0,1
2026-05-04 20:28:00,28.41,59.27,91.55,8.4,0,1
2026-05-04 20:29:00,28.29,58.36,92.28,0.0,0,1
2026-05-04 20:30:00,28.51,57.16,91.84,65.2,0,1
2026-05-04 20:31:00,27.91,57.64,91.38,18.0,0,1
2026-05-04 20:32:00,27.93,59.54,91.23,0.0,0,1
2026-05-04 20:33:00,28.14,56.86,90.86,3.5,0,1
2026-05-04 20:34:00,28.35,56.1,90.4,66.8,0,1
2026-05-04 20:35:00,27.9,56.63,90.22,55.4,0,1
2026-05-04 20:36:00,28.05,58.2,90.32,22.6,0,1
2026-05-04 20:37:00,27.86,57.35,89.21,0.0,0,1
2026-05-04 20:38:00,27.79,59.62,88.77,338.3,0,1
2026-05-04 20:39:00,28.04,58.06,87.98,43.1,0,1
2026-05-04 20:40:00,27.73,56.82,87.74,91.5,0,1
2026-05-04 20:41:00,27.55,58.46,87.75,0.0,0,1
2026-05-04 20:42:00,27.48,57.66,88.06,22.7,0,1
2026-05-04 20:43:00,27.49,58.67,87.69,21.8,0,1
2026-05-04 20:44:00,27.34,60.33,87.56,0.0,0,1
2026-05-04 20:45:00,27.41,58.73,86.66,0.0,0,1
2026-05-04 20:46:00,27.44,58.08,86.13,0.0,0,1
2026-05-04 20:47:00,27.45,59.39,86.06,0.0,0,1
2026-05-04 20:48:00,27.08,58.86,85.32,0.0,0,1
2026-05-04 20:49:00,27.18,59.88,85.71,5.3,0,1
2026-05-04 20:50:00,27.14,59.67,85.78,167.7,0,1
2026-05-04 20:51:00,27.0,58.22,85.23,15.7,0,1
2026-05-04 20:52:00,27.0,57.9,84.44,0.0,0,1
2026-05-04 20:53:00,27.33,58.58,83.99,0.0,0,1
2026-05-04 20:54:00,27.4,59.42,83.47,0.0,0,1
2026-05-04 20:55:00,26.93,61.65,82.82,0.0,0,1
2026-05-04 20:56:00,26.79,58.41,82.09,36.5,0,1
2026-05-04 20:57:00,26.9,58.4,81.89,162.4,0,1
2026-05-04 20:58:00,26.9,60.78,82.1,0.0,0,1
2026-05-04 20:59:00,27.0,59.69,81.68,9.1,0,1
2026-05-04 21:00:00,26.69,59.68,81.76,0.0,0,1
2026-05-04 21:01:00,26.61,60.81,81.51,0.0,0,1
2026-05-04 21:02:00,27.31,60.51,81.67,22.7,0,1
2026-05-04 21:03:00,26.33,61.64,81.22,0.0,0,1
2026-05-04 21:04:00,26.84,58.84,81.24,0.0,0,1
2026-05-04 21:05:00,26.94,60.07,81.19,0.0,0,1
2026-05-04 21:06:00,26.46,61.57,81.67,7.8,0,1
2026-05-04 21:07:00,26.59,59.68,81.8,128.0,0,1
2026-05-04 21:08:00,26.02,61.28,81.79,84.9,0,1
2026-05-04 21:09:00,26.4,59.59,81.04,179.0,0,1
2026-05-04 21:10:00,26.64,58.81,80.7,0.0,0,1
2026-05-04 21:11:00,26.34,60.87,80.25,102.1,0,1
2026-05-04 21:12:00,26.28,61.57,79.8,0.0,0,1
2026-05-04 21:13:00,26.66,60.85,79.71,85.1,0,1
2026-05-04 21:14:00,26.39,58.7,79.72,197.3,0,1
2026-05-04 21:15:00,26.33,61.98,79.75,59.8,0,1
2026-05-04 21:16:00,25.91,61.69,80.2,199.4,0,1
2026-05-04 21:17:00,25.46,62.98,80.31,0.0,0,1
2026-05-04 21:18:00,26.12,59.58,79.67,0.0,0,1
2026-05-04 21:19:00,25.99,61.89,79.66,0.0,0,1
2026-05-04 21:20:00,26.14,61.44,79.81,4.2,0,1
2026-05-04 21:21:00,25.95,59.43,80.26,32.4,1,1
2026-05-04 21:22:00,25.89,61.56,80.08,27.7,1,1
2026-05-04 21:23:00,25.85,59.85,79.91,0.0,0,1
2026-05-04 21:24:00,25.52,61.56,80.27,0.0,0,1
2026-05-04 21:25:00,25.3,64.63,80.24,66.0,0,1
2026-05-04 21:26:00,25.51,61.91,79.43,5.5,0,1
2026-05-04 21:27:00,25.42,61.56,78.55,0.0,0,1
2026-05-04 21:28:00,25.65,59.59,79.26,0.0,0,1
2026-05-04 21:29:00,25.21,62.33,78.41,0.0,0,1
2026-05-04 21:30:00,25.47,61.44,78.25,0.0,0,1
2026-05-04 21:31:00,26.04,58.42,78.55,0.0,0,1
2026-05-04 21:32:00,25.5,60.27,77.69,0.0,0,1
2026-05-04 21:33:00,25.5,62.65,77.14,0.0,0,1
2026-05-04 21:34:00,25.46,63.19,76.53,0.0,0,1
2026-05-04 21:35:00,25.48,61.7,77.24,262.9,0,1
2026-05-04 21:36:00,25.26,63.13,78.04,0.0,0,1
2026-05-04 21:37:00,25.32,61.87,77.63,145.1,0,1
2026-05-04 21:38:00,25.2,61.09,77.8,0.0,0,1
2026-05-04 21:39:00,24.93,65.0,77.84,0.0,0,1
2026-05-04 21:40:00,25.57,59.79,77.63,70.5,0,1
2026-05-04 21:41:00,25.03,62.75,76.84,0.0,0,1
2026-05-04 21:42:00,25.63,60.62,77.76,0.0,0,1
2026-05-04 21:43:00,25.01,62.02,76.89,214.8,0,1
2026-05-04 21:44:00,24.83,64.42,76.9,0.0,0,1
2026-05-04 21:45:00,25.63,61.45,76.54,0.0,0,1
2026-05-04 21:46:00,24.75,62.24,76.9,22.8,0,1
2026-05-04 21:47:00,24.53,62.28,77.18,169.0,0,1
2026-05-04 21:48:00,24.71,63.36,76.68,0.0,0,1
2026-05-04 21:49:00,25.02,61.12,76.26,319.3,0,1
2026-05-04 21:50:00,24.7,62.82,75.51,91.1,0,1
2026-05-04 21:51:00,24.87,62.31,75.53,0.0,0,1
2026-05-04 21:52:00,24.48,62.07,75.77,0.0,0,1
2026-05-04 21:53:00,25.24,60.23,75.51,28.4,0,1
2026-05-04 21:54:00,25.05,62.25,75.34,0.0,0,1
2026-05-04 21:55:00,24.61,62.38,76.1,86.0,0,1
2026-05-04 21:56:00,24.33,63.49,76.43,0.0,0,1
2026-05-04 21:57:00,24.66,60.16,76.93,0.0,0,1
2026-05-04 21:58:00,25.03,61.69,75.87,0.0,0,1
2026-05-04 21:59:00,25.12,63.14,76.03,122.5,0,1
2026-05-04 22:00:00,24.77,60.62,76.06,0.0,0,1
2026-05-04 22:01:00,24.69,64.96,75.44,145.7,0,1
2026-05-04 22:02:00,24.65,63.2,74.92,149.2,0,1
2026-05-04 22:03:00,24.86,62.31,74.76,0.0,0,1
2026-05-04 22:04:00,24.99,62.43,74.12,0.0,0,1
2026-05-04 22:05:00,24.71,61.66,73.72,66.7,0,1
2026-05-04 22:06:00,24.64,64.49,73.48,0.0,0,4
2026-05-04 22:07:00,24.91,62.62,73.68,0.0,0,1
2026-05-04 22:08:00,25.07,62.25,73.33,229.1,0,1
2026-05-04 22:09:00,24.61,64.02,73.09,0.0,0,1
2026-05-04 22:10:00,24.69,63.17,73.49,0.0,0,1
2026-05-04 22:11:00,24.47,62.21,72.68,34.2,0,1
2026-05-04 22:12:00,24.66,62.71,72.74,0.0,0,1
2026-05-04 22:13:00,24.4,63.81,72.87,178.3,0,4
2026-05-04 22:14:00,24.97,62.39,73.01,0.0,0,1
2026-05-04 22:15:00,24.82,60.91,72.75,0.0,0,1
2026-05-04 22:16:00,25.02,63.93,72.25,64.0,0,1
2026-05-04 22:17:00,24.43,63.26,72.88,47.7,0,1
2026-05-04 22:18:00,25.08,61.69,72.46,51.4,0,1
2026-05-04 22:19:00,24.61,63.6,71.94,56.4,0,4
2026-05-04 22:20:00,24.5,62.38,71.92,61.2,0,1
2026-05-04 22:21:00,24.84,60.66,71.57,12.0,0,1
2026-05-04 22:22:00,24.26,63.31,72.0,161.9,0,1
2026-05-04 22:23:00,24.51,63.76,71.85,18.8,0,1
2026-05-04 22:24:00,24.45,62.71,72.33,158.5,0,4
2026-05-04 22:25:00,24.59,62.57,72.48,228.6,0,4
2026-05-04 22:26:00,24.36,62.94,72.27,0.0,0,1
2026-05-04 22:27:00,24.33,63.09,72.72,326.8,0,1
2026-05-04 22:28:00,24.36,63.35,72.39,0.0,0,1
2026-05-04 22:29:00,24.37,64.11,72.21,0.0,0,1
2026-05-04 22:30:00,24.45,63.92,72.4,105.8,0,1
2026-05-04 22:31:00,24.75,65.0,72.45,73.4,0,4
2026-05-04 22:32:00,23.88,65.0,72.11,29.0,0,1
2026-05-04 22:33:00,24.6,61.8,71.41,118.6,0,4
2026-05-04 22:34:00,24.28,63.0,71.37,50.7,0,1
2026-05-04 22:35:00,24.35,64.05,71.03,268.3,0,1
2026-05-04 22:36:00,24.11,61.36,71.01,14.0,1,4
2026-05-04 22:37:00,24.39,63.51,70.81,0.0,0,1
2026-05-04 22:38:00,24.27,62.27,70.47,0.0,0,1
2026-05-04 22:39:00,24.3,63.18,70.34,79.2,0,4
2026-05-04 22:40:00,24.5,62.99,70.29,81.0,0,1
2026-05-04 22:41:00,24.5,60.84,70.57,47.5,0,1
2026-05-04 22:42:00,24.69,65.0,70.73,0.0,0,4
2026-05-04 22:43:00,24.18,62.77,71.61,155.7,0,1
2026-05-04 22:44:00,24.49,64.7,71.63,255.1,0,1
2026-05-04 22:45:00,24.47,61.04,71.3,26.2,0,1
2026-05-04 22:46:00,24.33,62.42,71.2,240.0,0,1
2026-05-04 22:47:00,24.72,63.59,71.41,126.6,0,4
2026-05-04 22:48:00,24.14,63.17,71.8,266.2,0,1
2026-05-04 22:49:00,24.33,64.15,72.34,79.4,0,1
2026-05-04 22:50:00,24.36,63.91,71.84,39.1,0,1
2026-05-04 22:51:00,23.98,62.69,72.35,123.8,0,1
2026-05-04 22:52:00,24.58,64.3,72.28,0.0,0,4
2026-05-04 22:53:00,24.24,64.0,71.82,71.6,0,1
2026-05-04 22:54:00,24.37,61.4,71.69,182.4,0,1
2026-05-04 22:55:00,24.65,62.86,72.17,121.1,0,1
2026-05-04 22:56:00,24.3,64.01,72.31,19.0,0,1
2026-05-04 22:57:00,24.25,63.17,71.73,46.8,0,1
2026-05-04 22:58:00,24.25,63.35,71.17,113.7,0,1
2026-05-04 22:59:00,23.98,64.26,70.59,86.9,0,1
2026-05-04 23:00:00,24.13,61.5,70.25,90.0,0,1
2026-05-04 23:01:00,24.18,63.15,70.26,40.7,0,1
2026-05-04 23:02:00,24.24,62.86,69.74,0.0,1,1
2026-05-04 23:03:00,24.55,63.77,69.54,0.0,0,1
2026-05-04 23:04:00,24.43,62.35,70.13,55.3,0,4
2026-05-04 23:05:00,24.05,65.0,70.8,117.6,0,4
2026-05-04 23:06:00,24.19,62.67,71.43,102.1,0,1
2026-05-04 23:07:00,24.54,61.53,70.61,0.0,1,1
2026-05-04 23:08:00,23.75,65.0,71.3,23.6,0,1
2026-05-04 23:09:00,24.12,64.18,71.29,0.0,0,1
2026-05-04 23:10:00,23.85,64.31,71.28,0.0,0,1
2026-05-04 23:11:00,24.78,62.25,71.68,51.5,0,4
2026-05-04 23:12:00,24.36,62.71,71.93,204.7,0,1
2026-05-04 23:13:00,24.03,64.13,71.06,53.7,0,1
2026-05-04 23:14:00,24.14,62.75,70.76,270.7,0,1
2026-05-04 23:15:00,23.94,65.0,70.56,4.2,0,1
2026-05-04 23:16:00,24.64,63.02,69.95,27.6,0,1
2026-05-04 23:17:00,23.57,63.91,70.35,0.0,0,1
2026-05-04 23:18:00,24.22,62.83,70.93,0.0,0,1
2026-05-04 23:19:00,24.11,62.01,70.89,0.0,0,1
2026-05-04 23:20:00,23.87,64.66,70.97,0.0,0,1
2026-05-04 23:21:00,24.06,62.6,70.92,0.0,0,1
2026-05-04 23:22:00,23.71,63.85,70.92,34.1,0,1
2026-05-04 23:23:00,24.51,65.0,71.36,0.0,0,1
2026-05-04 23:24:00,24.12,61.27,70.54,0.0,0,1
2026-05-04 23:25:00,24.33,63.01,70.71,73.1,0,1
2026-05-04 23:26:00,23.98,61.98,70.67,0.0,0,1
2026-05-04 23:27:00,24.44,62.35,70.32,33.6,0,4
2026-05-04 23:28:00,24.1,63.28,70.07,125.7,0,1
2026-05-04 23:29:00,24.36,61.53,70.82,112.1,0,4
2026-05-04 23:30:00,24.23,63.77,70.2,62.0,0,1
2026-05-04 23:31:00,24.08,65.0,70.09,0.0,0,1
2026-05-04 23:32:00,24.33,63.53,70.76,0.0,0,1
2026-05-04 23:33:00,25.13,63.03,70.17,0.0,0,1
2026-05-04 23:34:00,23.79,65.0,69.93,198.4,0,1
2026-05-04 23:35:00,24.04,64.27,69.92,32.8,0,4
2026-05-04 23:36:00,23.75,61.13,70.06,0.0,0,4
2026-05-04 23:37:00,24.17,63.58,69.99,67.6,0,4
2026-05-04 23:38:00,24.12,60.43,69.56,6.0,0,4
2026-05-04 23:39:00,24.55,61.97,69.73,27.1,0,1
2026-05-04 23:40:00,24.0,61.81,69.65,0.0,0,4
2026-05-04 23:41:00,24.3,63.51,69.89,0.0,0,1
2026-05-04 23:42:00,23.54,63.17,70.25,144.0,0,1
2026-05-04 23:43:00,24.09,63.83,69.57,0.0,0,1
2026-05-04 23:44:00,23.84,64.77,69.98,81.9,0,1
2026-05-04 23:45:00,24.2,62.17,69.83,0.0,0,1
2026-05-04 23:46:00,24.34,63.43,70.15,0.0,0,1
2026-05-04 23:47:00,23.9,60.6,70.32,0.0,0,1
2026-05-04 23:48:00,24.18,61.56,71.08,39.7,0,1
2026-05-04 23:49:00,23.95,65.0,71.03,56.2,0,1
2026-05-04 23:50:00,24.05,62.47,70.8,132.9,0,1
2026-05-04 23:51:00,24.14,62.78,70.52,141.0,0,1
2026-05-04 23:52:00,23.78,62.92,70.03,0.0,0,1
2026-05-04 23:53:00,23.78,61.83,70.33,64.9,0,1
2026-05-04 23:54:00,24.24,62.02,69.81,107.0,0,1
2026-05-04 23:55:00,23.86,63.79,70.12,45.8,0,1
2026-05-04 23:56:00,24.34,62.66,69.98,79.9,0,4
2026-05-04 23:57:00,23.58,65.0,69.18,0.0,1,1
2026-05-04 23:58:00,24.25,62.5,69.79,0.0,1,1
2026-05-04 23:59:00,24.02,63.56,68.29,163.9,0,1
2026-05-05 00:00:00,23.99,62.96,68.24,0.0,0,1
2026-05-05 00:01:00,24.05,64.65,68.32,266.8,0,1
2026-05-05 00:02:00,23.65,62.37,67.31,0.0,0,1
2026-05-05 00:03:00,24.29,63.77,67.5,212.5,0,1
2026-05-05 00:04:00,23.9,64.23,67.2,0.0,0,1
2026-05-05 00:05:00,23.79,62.9,67.09,128.4,0,1
2026-05-05 00:06:00,24.54,62.72,67.67,0.0,0,1
2026-05-05 00:07:00,23.91,64.19,67.72,38.8,0,1
2026-05-05 00:08:00,23.78,63.08,67.56,96.3,0,1
2026-05-05 00:09:00,24.2,62.47,67.48,0.0,0,1
2026-05-05 00:10:00,24.06,62.04,68.23,121.0,0,1
2026-05-05 00:11:00,24.24,65.0,68.39,0.0,0,1
2026-05-05 00:12:00,24.01,63.02,67.99,21.4,0,1
2026-05-05 00:13:00,24.23,61.81,67.76,0.0,0,1
2026-05-05 00:14:00,24.5,60.78,67.23,0.0,0,1
2026-05-05 00:15:00,23.79,62.92,67.03,174.5,0,1
2026-05-05 00:16:00,23.87,64.1,67.72,106.2,0,1
2026-05-05 00:17:00,23.58,63.88,67.64,129.2,0,1
2026-05-05 00:18:00,24.07,63.92,67.05,29.2,0,1
2026-05-05 00:19:00,24.01,64.44,67.23,224.0,0,4
2026-05-05 00:20:00,24.29,63.01,67.06,57.5,0,4
2026-05-05 00:21:00,23.97,63.49,67.3,0.0,0,4
2026-05-05 00:22:00,23.95,65.0,67.18,125.5,0,1
2026-05-05 00:23:00,24.02,64.45,67.8,133.6,0,4
2026-05-05 00:24:00,23.91,64.18,67.39,75.6,0,1
2026-05-05 00:25:00,24.06,63.1,66.88,0.0,0,4
2026-05-05 00:26:00,24.02,64.38,67.28,55.3,0,1
2026-05-05 00:27:00,24.1,63.88,66.41,188.7,0,1
2026-05-05 00:28:00,23.91,64.11,66.34,78.8,0,1
2026-05-05 00:29:00,24.1,64.32,66.69,0.0,0,1
2026-05-05 00:30:00,24.12,63.83,65.74,0.0,1,1
2026-05-05 00:31:00,23.88,61.94,65.78,0.0,0,4
2026-05-05 00:32:00,23.94,63.75,65.15,0.0,0,1
2026-05-05 00:33:00,23.92,62.38,64.38,0.0,0,1
2026-05-05 00:34:00,23.65,64.85,63.95,248.4,0,1
2026-05-05 00:35:00,23.84,61.95,63.91,0.0,0,1
2026-05-05 00:36:00,24.15,63.36,63.65,0.0,0,1
2026-05-05 00:37:00,24.16,63.44,64.17,0.0,0,1
2026-05-05 00:38:00,24.04,62.17,64.24,104.0,0,1
2026-05-05 00:39:00,23.7,63.93,64.06,0.0,0,1
2026-05-05 00:40:00,24.19,64.25,63.53,0.0,0,1
2026-05-05 00:41:00,24.41,62.36,63.67,0.0,0,1
2026-05-05 00:42:00,24.09,63.82,64.61,70.5,0,1
2026-05-05 00:43:00,23.94,64.29,64.33,0.0,0,4
2026-05-05 00:44:00,23.72,62.71,64.11,0.0,0,4
2026-05-05 00:45:00,23.94,63.74,63.69,0.0,0,1
2026-05-05 00:46:00,23.81,63.61,64.24,0.0,0,1
2026-05-05 00:47:00,23.89,63.74,64.67,33.0,0,1
2026-05-05 00:48:00,24.26,61.31,64.51,111.6,0,1
2026-05-05 00:49:00,24.16,61.69,64.28,175.9,0,1
2026-05-05 00:50:00,23.85,65.0,63.9,0.0,0,1
2026-05-05 00:51:00,23.96,64.57,63.81,74.4,0,1
2026-05-05 00:52:00,23.93,63.96,64.29,0.0,0,4
2026-05-05 00:53:00,23.82,64.93,64.34,350.8,0,1
2026-05-05 00:54:00,23.6,62.58,64.93,166.0,0,1
2026-05-05 00:55:00,24.14,63.13,64.64,204.2,0,1
2026-05-05 00:56:00,24.23,62.9,63.67,96.3,0,1
2026-05-05 00:57:00,23.78,62.99,64.83,45.8,0,1
2026-05-05 00:58:00,23.77,62.57,64.94,0.0,0,1
2026-05-05 00:59:00,24.16,64.96,65.3,0.0,0,4
2026-05-05 01:00:00,23.76,63.18,64.97,0.0,0,1
2026-05-05 01:01:00,23.58,64.73,64.41,74.1,0,1
2026-05-05 01:02:00,23.82,64.26,64.5,187.2,0,1
2026-05-05 01:03:00,24.27,64.48,63.67,0.0,0,1
2026-05-05 01:04:00,23.8,64.77,63.59,0.0,0,1
2026-05-05 01:05:00,23.76,63.56,64.07,0.0,0,1
2026-05-05 01:06:00,23.81,62.35,64.3,29.4,0,4
2026-05-05 01:07:00,23.64,65.0,64.44,147.5,0,4
2026-05-05 01:08:00,23.6,65.0,65.22,153.5,0,1
2026-05-05 01:09:00,23.86,65.0,65.39,165.4,0,1
2026-05-05 01:10:00,23.58,65.0,64.58,49.8,0,1
2026-05-05 01:11:00,23.83,63.08,64.54,30.1,0,1
2026-05-05 01:12:00,23.99,63.0,65.4,173.2,0,1
2026-05-05 01:13:00,24.02,61.08,65.28,0.0,0,1
2026-05-05 01:14:00,23.89,62.78,66.09,0.0,0,1
2026-05-05 01:15:00,23.63,62.6,66.53,224.6,0,1
2026-05-05 01:16:00,23.82,64.55,66.35,0.0,0,1
2026-05-05 01:17:00,24.01,64.73,65.88,38.6,0,1
2026-05-05 01:18:00,24.08,65.0,66.03,118.5,0,1
2026-05-05 01:19:00,23.86,65.0,66.58,52.7,0,1
2026-05-05 01:20:00,23.75,64.24,65.89,180.7,0,4
2026-05-05 01:21:00,23.95,62.97,65.95,206.5,0,1
2026-05-05 01:22:00,23.84,63.35,65.07,81.0,0,1
2026-05-05 01:23:00,23.68,63.22,64.94,190.2,0,1
2026-05-05 01:24:00,24.01,65.0,64.24,0.0,0,1
2026-05-05 01:25:00,23.94,60.36,64.51,27.2,0,1
2026-05-05 01:26:00,23.66,65.0,64.24,311.3,0,1
2026-05-05 01:27:00,23.78,62.79,64.76,255.8,0,1
2026-05-05 01:28:00,23.89,63.28,64.55,0.0,0,4
2026-05-05 01:29:00,23.56,61.12,64.3,21.1,0,1
2026-05-05 01:30:00,23.76,65.0,63.63,59.8,0,1
2026-05-05 01:31:00,24.1,64.41,63.83,93.5,0,1
2026-05-05 01:32:00,23.82,62.54,64.08,196.4,0,1
2026-05-05 01:33:00,23.74,65.0,64.51,264.2,0,4
2026-05-05 01:34:00,24.22,64.4,64.81,48.0,0,1
2026-05-05 01:35:00,24.03,62.92,65.0,155.5,0,4
2026-05-05 01:36:00,24.12,60.97,65.28,98.6,0,1
2026-05-05 01:37:00,23.75,63.69,65.59,18.3,0,1
2026-05-05 01:38:00,23.88,65.0,65.98,0.0,0,4
2026-05-05 01:39:00,23.94,62.58,65.32,143.1,0,4
2026-05-05 01:40:00,24.0,64.89,65.13,72.6,0,4
2026-05-05 01:41:00,24.52,61.84,64.44,46.8,0,4
2026-05-05 01:42:00,23.97,63.54,64.61,0.0,0,1
2026-05-05 01:43:00,24.22,62.41,65.33,260.1,0,4
2026-05-05 01:44:00,24.52,63.06,65.73,43.3,0,1
2026-05-05 01:45:00,24.38,64.06,65.47,0.0,0,1
2026-05-05 01:46:00,23.99,65.0,65.69,0.0,0,1
2026-05-05 01:47:00,24.23,63.52,65.84,106.3,0,1
2026-05-05 01:48:00,23.98,61.76,65.95,109.8,0,1
2026-05-05 01:49:00,23.94,64.44,65.38,0.0,0,4
2026-05-05 01:50:00,24.16,63.02,65.96,80.5,0,1
2026-05-05 01:51:00,24.17,62.98,65.45,105.1,0,1
2026-05-05 01:52:00,24.07,63.62,65.29,59.3,0,1
2026-05-05 01:53:00,23.91,64.4,65.72,0.0,0,1
2026-05-05 01:54:00,23.83,63.35,65.56,132.9,0,1
2026-05-05 01:55:00,23.64,64.79,65.59,118.0,0,1
2026-05-05 01:56:00,23.99,64.1,65.65,85.6,0,1
2026-05-05 01:57:00,24.01,64.29,65.68,0.0,0,1
2026-05-05 01:58:00,24.15,64.44,65.73,0.0,0,1
2026-05-05 01:59:00,23.58,61.54,65.82,26.7,0,1
2026-05-05 02:00:00,23.97,63.17,65.86,129.0,0,1
2026-05-05 02:01:00,23.9,63.56,65.47,142.3,0,1
2026-05-05 02:02:00,23.93,63.4,64.8,70.1,0,1
2026-05-05 02:03:00,24.26,62.2,65.25,0.0,0,1
2026-05-05 02:04:00,24.27,62.44,65.71,0.0,0,1
2026-05-05 02:05:00,24.2,63.95,65.85,19.4,0,1
2026-05-05 02:06:00,23.97,64.2,65.99,20.5,0,1
2026-05-05 02:07:00,23.9,63.78,65.59,154.3,0,1
2026-05-05 02:08:00,24.25,62.05,64.54,0.0,0,1
2026-05-05 02:09:00,24.37,64.11,64.46,0.0,0,1
2026-05-05 02:10:00,24.35,64.06,63.66,268.0,0,1
2026-05-05 02:11:00,24.07,64.84,63.77,207.6,0,1
2026-05-05 02:12:00,23.96,62.72,64.36,0.0,0,4
2026-05-05 02:13:00,24.12,65.0,64.11,176.3,0,1
2026-05-05 02:14:00,24.14,63.67,63.89,0.0,0,1
2026-05-05 02:15:00,23.85,62.91,63.49,0.0,0,1
2026-05-05 02:16:00,23.9,65.0,63.54,0.0,0,1
2026-05-05 02:17:00,24.71,63.5,63.56,0.0,0,1
2026-05-05 02:18:00,23.85,64.06,63.15,74.4,0,4
2026-05-05 02:19:00,24.16,63.77,63.58,31.0,0,1
2026-05-05 02:20:00,23.82,65.0,64.78,92.0,0,1
2026-05-05 02:21:00,23.91,64.02,65.3,0.0,0,1
2026-05-05 02:22:00,23.71,61.93,65.26,63.1,0,4
2026-05-05 02:23:00,23.71,63.98,65.21,27.7,0,4
2026-05-05 02:24:00,24.1,64.54,65.0,0.0,0,1
2026-05-05 02:25:00,24.07,63.45,64.78,76.2,0,1
2026-05-05 02:26:00,24.4,61.85,65.2,29.7,0,1
2026-05-05 02:27:00,23.95,63.63,65.64,0.0,0,1
2026-05-05 02:28:00,23.98,64.67,65.14,0.0,0,1
2026-05-05 02:29:00,23.93,65.0,65.3,0.0,0,1
2026-05-05 02:30:00,23.7,62.69,65.79,0.0,0,1
2026-05-05 02:31:00,24.09,62.07,65.63,211.1,0,1
2026-05-05 02:32:00,23.9,63.68,65.54,250.8,0,1
2026-05-05 02:33:00,23.58,63.36,65.84,0.0,0,1
2026-05-05 02:34:00,24.21,62.61,66.15,58.6,0,1
2026-05-05 02:35:00,23.79,63.57,66.33,114.6,0,1
2026-05-05 02:36:00,24.02,64.49,66.43,0.0,0,1
2026-05-05 02:37:00,24.03,62.55,66.58,111.4,0,1
2026-05-05 02:38:00,23.99,62.22,66.45,198.5,0,1
2026-05-05 02:39:00,23.68,63.15,65.95,0.0,0,1
2026-05-05 02:40:00,24.28,61.39,65.27,16.1,0,4
2026-05-05 02:41:00,23.75,64.01,65.53,234.8,0,1
2026-05-05 02:42:00,23.32,64.68,65.58,0.0,0,1
2026-05-05 02:43:00,24.15,64.61,65.78,0.0,0,1
2026-05-05 02:44:00,24.14,62.14,65.42,0.0,1,1
2026-05-05 02:45:00,23.63,64.26,65.46,126.2,0,1
2026-05-05 02:46:00,23.93,64.1,65.5,142.9,0,1
2026-05-05 02:47:00,24.2,61.22,66.05,19.5,0,1
2026-05-05 02:48:00,24.28,61.93,66.41,3.9,0,4
2026-05-05 02:49:00,24.08,61.58,66.08,0.0,0,1
2026-05-05 02:50:00,24.14,62.01,66.29,170.8,0,1
2026-05-05 02:51:00,24.11,61.85,65.95,0.0,0,4
2026-05-05 02:52:00,23.9,61.31,64.82,0.0,0,1
2026-05-05 02:53:00,23.66,62.51,65.57,116.6,0,4
2026-05-05 02:54:00,23.86,61.01,65.41,23.7,0,1
2026-05-05 02:55:00,24.21,59.95,65.86,120.5,0,1
2026-05-05 02:56:00,24.21,60.15,65.57,72.4,0,1
2026-05-05 02:57:00,23.98,61.68,65.22,24.5,0,1
2026-05-05 02:58:00,23.85,60.33,64.99,37.3,0,1
2026-05-05 02:59:00,24.37,61.14,65.1,0.0,0,1
2026-05-05 03:00:00,23.96,62.02,65.18,0.0,0,1
2026-05-05 03:01:00,24.09,60.2,65.4,130.1,0,1
2026-05-05 03:02:00,23.63,61.34,65.19,0.0,0,1
2026-05-05 03:03:00,23.92,61.42,65.21,0.0,0,1
2026-05-05 03:04:00,24.21,60.69,64.85,0.0,0,1
2026-05-05 03:05:00,23.59,61.59,65.49,38.0,0,1
2026-05-05 03:06:00,23.92,61.36,64.93,187.9,0,1
2026-05-05 03:07:00,24.04,63.77,64.58,85.2,0,4
2026-05-05 03:08:00,24.29,62.84,64.41,0.0,1,1
2026-05-05 03:09:00,24.18,64.38,65.46,97.4,0,1
2026-05-05 03:10:00,24.36,64.59,65.79,0.0,0,4
2026-05-05 03:11:00,24.14,62.7,65.41,80.7,0,1
2026-05-05 03:12:00,24.16,64.46,65.77,1.6,0,1
2026-05-05 03:13:00,23.7,63.75,65.99,0.0,0,1
2026-05-05 03:14:00,23.69,62.85,66.1,11.0,0,1
2026-05-05 03:15:00,24.36,62.25,66.39,0.0,0,1
2026-05-05 03:16:00,23.83,62.44,66.4,36.9,0,1
2026-05-05 03:17:00,23.8,63.98,66.45,0.0,0,1
2026-05-05 03:18:00,23.36,64.6,65.77,0.0,0,1
2026-05-05 03:19:00,24.21,64.68,66.39,87.8,0,4
2026-05-05 03:20:00,23.66,65.0,66.18,133.1,0,1
2026-05-05 03:21:00,23.74,63.49,65.63,69.6,0,1
2026-05-05 03:22:00,24.21,63.07,65.41,0.0,0,1
2026-05-05 03:23:00,23.39,63.68,65.21,0.0,0,1
2026-05-05 03:24:00,24.28,63.34,64.87,0.0,0,4
2026-05-05 03:25:00,23.73,63.71,65.21,106.8,0,1
2026-05-05 03:26:00,23.9,63.8,65.63,0.0,1,1
2026-05-05 03:27:00,23.75,65.0,64.78,106.1,0,1
2026-05-05 03:28:00,23.61,65.0,64.57,76.4,0,1
2026-05-05 03:29:00,23.75,63.2,64.39,148.5,0,1
2026-05-05 03:30:00,23.73,64.91,64.33,146.0,0,1
2026-05-05 03:31:00,23.63,64.9,65.08,83.5,0,1
2026-05-05 03:32:00,24.32,62.49,64.74,0.0,0,1
2026-05-05 03:33:00,23.7,65.0,65.42,91.6,0,1
2026-05-05 03:34:00,23.47,62.57,65.36,32.2,0,4
2026-05-05 03:35:00,23.42,65.0,66.03,0.0,0,1
2026-05-05 03:36:00,24.05,63.39,65.89,181.9,0,1
2026-05-05 03:37:00,23.5,63.01,65.7,0.2,0,4
2026-05-05 03:38:00,23.89,63.53,65.68,0.0,0,1
2026-05-05 03:39:00,24.43,65.0,66.23,153.3,0,1
2026-05-05 03:40:00,23.98,65.0,66.29,0.0,0,1
2026-05-05 03:41:00,24.02,62.64,66.37,0.0,0,1
2026-05-05 03:42:00,23.81,63.82,66.62,0.0,0,1
2026-05-05 03:43:00,23.94,63.47,66.23,0.0,0,1
2026-05-05 03:44:00,23.89,63.74,66.36,0.0,0,1
2026-05-05 03:45:00,24.02,65.0,66.07,92.9,0,1
2026-05-05 03:46:00,24.35,62.63,66.69,0.0,0,1
2026-05-05 03:47:00,23.83,62.89,66.85,0.0,0,1
2026-05-05 03:48:00,23.74,63.42,67.13,54.7,0,1
2026-05-05 03:49:00,23.92,63.48,66.22,0.0,0,1
2026-05-05 03:50:00,24.18,64.27,66.51,16.4,0,1
2026-05-05 03:51:00,23.86,63.95,66.42,172.2,0,1
2026-05-05 03:52:00,24.01,64.38,65.78,26.9,0,1
2026-05-05 03:53:00,24.07,64.77,65.82,199.5,0,1
2026-05-05 03:54:00,24.48,62.59,65.15,10.2,0,1
2026-05-05 03:55:00,24.18,63.27,65.42,120.8,0,1
2026-05-05 03:56:00,23.73,64.57,66.04,0.0,0,1
2026-05-05 03:57:00,23.4,63.7,65.25,12.9,0,1
2026-05-05 03:58:00,23.98,63.68,65.24,0.0,0,4
2026-05-05 03:59:00,23.77,65.0,65.17,0.0,0,1
2026-05-05 04:00:00,23.83,63.99,64.31,0.0,0,1
2026-05-05 04:01:00,23.7,65.0,64.72,0.0,0,1
2026-05-05 04:02:00,23.82,62.76,65.0,37.9,0,1
2026-05-05 04:03:00,23.82,64.26,65.88,0.0,0,4
2026-05-05 04:04:00,23.92,64.41,66.09,46.9,0,1
2026-05-05 04:05:00,23.78,64.29,65.69,0.0,0,1
2026-05-05 04:06:00,23.77,63.58,65.91,103.0,0,1
2026-05-05 04:07:00,24.08,61.74,66.45,222.5,0,1
2026-05-05 04:08:00,23.95,65.0,66.24,197.2,0,4
2026-05-05 04:09:00,23.95,61.98,66.59,247.2,0,1
2026-05-05 04:10:00,23.93,62.09,65.55,5.1,0,1
2026-05-05 04:11:00,23.72,64.69,66.18,0.0,1,1
2026-05-05 04:12:00,24.31,62.73,66.52,74.1,0,1
2026-05-05 04:13:00,24.45,63.14,65.4,0.0,0,4
2026-05-05 04:14:00,24.25,61.7,65.56,0.0,0,1
2026-05-05 04:15:00,23.5,64.65,64.7,113.9,0,1
2026-05-05 04:16:00,23.78,64.91,64.45,0.0,0,4
2026-05-05 04:17:00,24.12,61.56,64.75,0.0,0,1
2026-05-05 04:18:00,23.75,64.25,64.7,0.0,0,1
2026-05-05 04:19:00,23.77,65.0,65.25,0.0,0,1
2026-05-05 04:20:00,23.6,62.56,65.28,17.0,0,1
2026-05-05 04:21:00,23.85,63.98,65.26,2.9,0,1
2026-05-05 04:22:00,23.74,64.03,65.73,164.3,0,4
2026-05-05 04:23:00,23.34,64.95,65.58,0.0,1,1
2026-05-05 04:24:00,24.23,62.95,65.56,0.0,0,1
2026-05-05 04:25:00,24.04,61.79,65.61,0.0,0,4
2026-05-05 04:26:00,23.61,63.68,65.57,150.7,0,4
2026-05-05 04:27:00,24.16,62.71,66.07,0.0,0,1
2026-05-05 04:28:00,23.97,63.56,65.77,0.0,0,1
2026-05-05 04:29:00,24.23,64.73,65.4,126.0,0,4
2026-05-05 04:30:00,24.12,61.64,64.94,159.0,0,4
2026-05-05 04:31:00,23.75,65.0,64.02,176.7,0,1
2026-05-05 04:32:00,24.11,65.0,64.68,0.0,0,1
2026-05-05 04:33:00,24.12,65.0,64.3,57.9,0,4
2026-05-05 04:34:00,24.2,65.0,64.21,32.4,0,4
2026-05-05 04:35:00,24.19,63.57,64.89,0.0,0,1
2026-05-05 04:36:00,24.46,63.05,64.84,8.0,0,1
2026-05-05 04:37:00,24.18,61.18,65.07,154.3,0,1
2026-05-05 04:38:00,23.74,63.7,64.46,124.6,0,1
2026-05-05 04:39:00,23.98,64.98,65.07,107.6,0,1
2026-05-05 04:40:00,23.68,62.35,65.02,24.8,0,1
2026-05-05 04:41:00,24.24,62.23,64.58,272.5,0,4
2026-05-05 04:42:00,23.73,64.11,64.15,0.0,0,4
2026-05-05 04:43:00,24.5,60.92,64.9,0.0,0,4
2026-05-05 04:44:00,23.87,65.0,64.65,0.0,0,4
2026-05-05 04:45:00,23.93,64.4,64.23,22.3,0,4
2026-05-05 04:46:00,23.83,64.26,64.05,171.8,0,1
2026-05-05 04:47:00,23.76,64.9,64.09,0.0,0,1
2026-05-05 04:48:00,23.81,63.46,64.17,74.3,0,1
2026-05-05 04:49:00,24.0,63.93,64.38,0.0,0,1
2026-05-05 04:50:00,23.95,62.5,64.49,145.2,0,1
2026-05-05 04:51:00,23.84,61.05,64.78,23.6,0,4
2026-05-05 04:52:00,24.02,63.53,64.67,0.0,0,1
2026-05-05 04:53:00,23.81,65.0,65.57,271.2,0,1
2026-05-05 04:54:00,23.95,65.0,65.36,143.8,0,1
2026-05-05 04:55:00,24.39,62.83,65.94,0.0,0,1
2026-05-05 04:56:00,23.81,63.54,65.67,0.0,0,1
2026-05-05 04:57:00,23.88,61.91,65.04,328.4,0,1
2026-05-05 04:58:00,23.66,65.0,64.33,237.5,0,1
2026-05-05 04:59:00,23.87,64.29,64.47,110.8,0,1
2026-05-05 05:00:00,24.05,63.3,64.98,0.0,0,1
2026-05-05 05:01:00,23.83,61.48,64.49,159.9,0,1
2026-05-05 05:02:00,23.68,61.89,64.12,0.0,0,1
2026-05-05 05:03:00,24.05,63.68,64.3,158.8,0,4
2026-05-05 05:04:00,24.08,61.64,64.31,0.0,0,1
2026-05-05 05:05:00,24.12,64.08,64.08,58.7,0,1
2026-05-05 05:06:00,23.65,64.79,63.54,0.0,0,4
2026-05-05 05:07:00,24.31,61.59,63.7,0.0,0,4
2026-05-05 05:08:00,23.85,63.87,64.0,74.7,0,1
2026-05-05 05:09:00,23.72,62.87,64.23,0.0,0,1
2026-05-05 05:10:00,24.23,64.41,64.26,284.7,1,1
2026-05-05 05:11:00,24.31,65.0,63.81,0.0,0,1
2026-05-05 05:12:00,23.9,63.6,63.97,0.0,0,4
2026-05-05 05:13:00,23.77,65.0,64.09,75.0,0,1
2026-05-05 05:14:00,24.09,64.71,63.54,155.0,0,1
2026-05-05 05:15:00,23.65,64.0,63.43,0.0,0,1
2026-05-05 05:16:00,24.62,63.37,63.62,0.0,0,4
2026-05-05 05:17:00,23.73,62.46,63.61,0.0,0,1
2026-05-05 05:18:00,24.08,63.66,62.78,0.0,0,1
2026-05-05 05:19:00,23.95,63.31,62.54,37.0,0,4
2026-05-05 05:20:00,23.76,65.0,62.28,0.0,0,1
2026-05-05 05:21:00,23.76,63.19,62.56,73.3,0,1
2026-05-05 05:22:00,24.28,61.95,63.72,66.0,0,1
2026-05-05 05:23:00,24.09,62.26,63.8,121.2,0,1
2026-05-05 05:24:00,23.82,64.87,63.3,0.0,0,4
2026-05-05 05:25:00,23.86,63.58,63.26,0.0,0,1
2026-05-05 05:26:00,23.8,61.86,63.3,41.0,0,1
2026-05-05 05:27:00,24.22,64.51,63.65,15.7,0,1
2026-05-05 05:28:00,24.23,61.46,64.21,52.6,0,1
2026-05-05 05:29:00,24.14,62.75,64.82,0.0,0,1
2026-05-05 05:30:00,24.07,63.25,65.06,99.3,0,1
2026-05-05 05:31:00,24.16,62.06,65.06,0.0,0,4
2026-05-05 05:32:00,23.6,62.13,65.7,0.0,0,4
2026-05-05 05:33:00,24.08,64.47,65.54,135.5,0,1
2026-05-05 05:34:00,24.28,63.99,65.56,0.0,0,1
2026-05-05 05:35:00,24.07,63.57,65.45,126.0,0,1
2026-05-05 05:36:00,24.03,64.0,64.52,0.0,0,1
2026-05-05 05:37:00,23.86,61.76,65.08,0.0,0,4
2026-05-05 05:38:00,23.87,64.4,65.37,0.0,0,1
2026-05-05 05:39:00,23.89,64.26,64.35,14.0,0,1
2026-05-05 05:40:00,24.07,64.03,64.79,87.6,0,1
2026-05-05 05:41:00,23.9,64.27,64.66,155.1,0,1
2026-05-05 05:42:00,23.56,65.0,65.1,145.5,0,4
2026-05-05 05:43:00,24.22,63.15,65.13,103.5,0,1
2026-05-05 05:44:00,24.15,63.46,64.55,0.0,0,1
2026-05-05 05:45:00,24.11,61.84,64.57,0.0,0,1
2026-05-05 05:46:00,23.79,64.72,64.19,94.5,0,4
2026-05-05 05:47:00,23.9,62.94,63.67,170.6,0,1
2026-05-05 05:48:00,24.15,62.67,64.07,0.0,0,1
2026-05-05 05:49:00,24.03,63.07,64.25,155.3,0,1
2026-05-05 05:50:00,23.85,62.52,64.91,0.0,0,1
2026-05-05 05:51:00,24.35,62.98,64.74,46.8,0,1
2026-05-05 05:52:00,23.81,64.85,64.33,0.0,0,1
2026-05-05 05:53:00,23.28,63.28,64.62,0.0,0,1
2026-05-05 05:54:00,24.05,63.52,64.27,3.8,0,1
2026-05-05 05:55:00,24.06,64.32,64.15,0.0,0,1
2026-05-05 05:56:00,24.04,60.57,64.39,53.5,0,1
2026-05-05 05:57:00,24.12,65.0,64.35,7.3,0,1
2026-05-05 05:58:00,23.88,63.21,64.15,112.2,0,1
2026-05-05 05:59:00,24.28,62.09,63.56,190.8,0,1
2026-05-05 06:00:00,23.68,64.14,63.98,15.2,0,1
2026-05-05 06:01:00,24.02,62.77,63.84,0.0,0,1
2026-05-05 06:02:00,23.87,63.7,64.13,0.0,0,1
2026-05-05 06:03:00,24.27,62.32,64.35,362.1,0,1
2026-05-05 06:04:00,23.82,65.0,64.83,425.2,0,1
2026-05-05 06:05:00,24.04,65.0,64.73,430.0,0,1
2026-05-05 06:06:00,24.04,64.41,64.59,424.8,0,1
2026-05-05 06:07:00,24.07,63.74,64.12,616.0,0,1
2026-05-05 06:08:00,23.84,63.16,63.9,781.2,0,1
2026-05-05 06:09:00,24.11,64.71,64.07,662.5,0,1
2026-05-05 06:10:00,24.03,62.64,63.73,857.3,0,1
2026-05-05 06:11:00,24.11,63.83,63.89,842.7,0,1
2026-05-05 06:12:00,24.42,62.39,64.54,1086.3,0,1
2026-05-05 06:13:00,24.05,62.02,64.35,1417.6,0,1
2026-05-05 06:14:00,23.77,63.66,63.8,1496.3,0,1
2026-05-05 06:15:00,24.51,61.7,63.64,1521.6,0,1
2026-05-05 06:16:00,24.27,64.99,63.05,1324.4,0,1
2026-05-05 06:17:00,24.19,62.43,63.65,1714.6,0,1
2026-05-05 06:18:00,23.98,63.47,63.71,1954.8,0,1
2026-05-05 06:19:00,24.21,62.53,63.42,2069.1,0,1
2026-05-05 06:20:00,23.51,62.81,63.2,2254.6,0,1
2026-05-05 06:21:00,24.41,63.85,62.72,2438.6,0,1
2026-05-05 06:22:00,24.25,63.14,63.19,2507.2,0,1
2026-05-05 06:23:00,23.98,65.0,64.01,2735.0,0,1
2026-05-05 06:24:00,24.24,64.52,63.38,2885.5,0,1
2026-05-05 06:25:00,24.18,63.44,63.86,2989.4,0,1
2026-05-05 06:26:00,23.77,64.36,63.77,3468.3,0,1
2026-05-05 06:27:00,24.07,63.4,64.34,3365.1,0,1
2026-05-05 06:28:00,24.11,62.21,63.56,3329.9,0,1
2026-05-05 06:29:00,23.99,61.89,63.68,3995.0,0,1
2026-05-05 06:30:00,23.96,62.38,63.52,3862.4,0,1
2026-05-05 06:31:00,24.24,64.86,63.83,4257.4,0,1
2026-05-05 06:32:00,24.06,63.82,63.88,4255.4,0,1
2026-05-05 06:33:00,24.49,63.56,63.9,4595.3,0,1
2026-05-05 06:34:00,23.85,64.75,63.88,4713.4,0,1
2026-05-05 06:35:00,24.12,63.2,64.57,5033.6,1,1
2026-05-05 06:36:00,23.78,63.18,64.5,5084.4,0,1
2026-05-05 06:37:00,24.18,65.0,64.88,5229.9,0,1
2026-05-05 06:38:00,23.73,64.61,65.15,5540.0,0,1
2026-05-05 06:39:00,24.08,61.49,65.54,5665.9,0,1
2026-05-05 06:40:00,24.3,61.07,65.09,5684.8,0,1
2026-05-05 06:41:00,24.02,64.47,65.4,6050.6,0,1
2026-05-05 06:42:00,23.76,62.88,65.54,6675.4,0,1
2026-05-05 06:43:00,24.24,63.11,65.02,6322.8,0,1
2026-05-05 06:44:00,24.09,60.85,64.93,6782.4,0,1
2026-05-05 06:45:00,23.98,63.07,65.92,6938.1,0,1
2026-05-05 06:46:00,23.76,65.0,65.74,7403.2,0,1
2026-05-05 06:47:00,23.6,63.52,65.57,7266.8,0,1
2026-05-05 06:48:00,24.56,61.41,65.76,7631.3,0,1
2026-05-05 06:49:00,23.85,63.51,65.51,7922.1,0,1
2026-05-05 06:50:00,23.75,63.99,65.57,8040.6,0,1
2026-05-05 06:51:00,24.07,63.07,65.36,8193.9,0,1
2026-05-05 06:52:00,23.74,62.07,65.53,8508.8,0,1
2026-05-05 06:53:00,24.12,63.91,65.5,8701.4,0,1
2026-05-05 06:54:00,24.33,62.45,66.34,8929.6,0,1
2026-05-05 06:55:00,23.73,64.19,66.34,9308.8,0,1
2026-05-05 06:56:00,23.92,62.54,66.22,9477.0,1,1
2026-05-05 06:57:00,24.1,64.95,66.65,9727.8,0,1
2026-05-05 06:58:00,23.69,64.89,66.02,9935.7,0,1
2026-05-05 06:59:00,23.77,63.5,66.74,10247.0,0,1
2026-05-05 07:00:00,23.96,64.01,66.29,10525.5,0,1
2026-05-05 07:01:00,24.48,64.88,66.78,10573.2,0,1
2026-05-05 07:02:00,23.78,65.0,67.39,10945.8,0,1
2026-05-05 07:03:00,23.92,65.0,67.12,10933.1,0,1
2026-05-05 07:04:00,24.61,63.47,66.91,11060.8,0,1
2026-05-05 07:05:00,24.19,62.68,66.83,11794.0,0,2
2026-05-05 07:06:00,23.57,64.91,67.08,11779.9,0,2
2026-05-05 07:07:00,23.94,65.0,66.61,12096.4,0,2
2026-05-05 07:08:00,24.14,64.13,66.54,12166.5,0,2
2026-05-05 07:09:00,24.36,62.11,66.39,12409.6,0,2
2026-05-05 07:10:00,24.34,63.2,65.87,12726.3,0,2
2026-05-05 07:11:00,24.14,64.32,65.41,13140.0,0,2
2026-05-05 07:12:00,24.17,63.56,65.46,13252.9,1,2
2026-05-05 07:13:00,23.67,64.98,65.5,13527.8,0,2
2026-05-05 07:14:00,23.82,63.11,65.16,13733.0,0,2
2026-05-05 07:15:00,23.67,63.8,65.2,14217.5,0,2
2026-05-05 07:16:00,24.25,63.66,64.91,14438.2,0,2
2026-05-05 07:17:00,24.09,63.94,65.48,14533.3,0,2
2026-05-05 07:18:00,24.02,62.81,65.43,14931.9,0,2
2026-05-05 07:19:00,24.38,60.13,65.9,15079.8,0,2
2026-05-05 07:20:00,24.13,59.97,65.15,15329.2,0,2
2026-05-05 07:21:00,24.28,63.16,65.29,15625.1,0,2
2026-05-05 07:22:00,24.18,63.57,65.55,15970.6,0,2
2026-05-05 07:23:00,24.2,63.07,65.48,16049.6,0,2
2026-05-05 07:24:00,23.73,64.02,65.24,16481.1,0,2
2026-05-05 07:25:00,24.23,65.0,65.17,16985.6,0,2
2026-05-05 07:26:00,24.11,62.85,65.49,16973.8,0,2
2026-05-05 07:27:00,23.89,64.2,64.96,17222.9,0,2
2026-05-05 07:28:00,24.16,65.0,65.26,17476.2,0,2
2026-05-05 07:29:00,24.31,61.92,65.4,17812.1,0,2
2026-05-05 07:30:00,23.96,65.0,65.28,17830.8,0,2
2026-05-05 07:31:00,23.8,65.0,65.18,18498.3,0,2
2026-05-05 07:32:00,23.81,63.49,65.21,18682.8,0,2
2026-05-05 07:33:00,23.64,61.07,65.92,18759.4,0,2
2026-05-05 07:34:00,23.94,65.0,66.06,19112.9,0,2
2026-05-05 07:35:00,24.14,65.0,65.64,19315.4,0,2
2026-05-05 07:36:00,24.42,62.18,65.44,19692.0,0,2
2026-05-05 07:37:00,23.79,65.0,64.94,19938.1,0,2
2026-05-05 07:38:00,24.08,61.46,64.13,20233.4,0,2
2026-05-05 07:39:00,24.0,63.95,63.64,20358.5,0,2
2026-05-05 07:40:00,24.0,63.39,63.71,20700.8,0,2
2026-05-05 07:41:00,23.62,62.53,64.28,21173.3,0,2
2026-05-05 07:42:00,23.75,63.65,64.72,21249.6,0,2
2026-05-05 07:43:00,24.46,62.92,64.23,21275.0,0,2
2026-05-05 07:44:00,24.27,61.8,63.9,21853.3,0,2
2026-05-05 07:45:00,24.09,64.29,63.51,22440.4,0,2
2026-05-05 07:46:00,24.14,62.59,62.42,22533.2,0,2
2026-05-05 07:47:00,24.22,62.87,62.38,22642.1,0,2
2026-05-05 07:48:00,23.92,65.0,62.77,22987.5,0,2
2026-05-05 07:49:00,23.94,62.9,62.7,23357.1,0,2
2026-05-05 07:50:00,23.9,61.03,62.18,23347.3,0,2
2026-05-05 07:51:00,24.1,63.16,61.86,23738.3,1,2
2026-05-05 07:52:00,23.78,64.04,61.77,24172.3,0,2
2026-05-05 07:53:00,23.91,63.44,62.15,24599.7,0,2
2026-05-05 07:54:00,24.21,64.33,62.11,24640.1,0,2
2026-05-05 07:55:00,24.01,64.07,62.43,25165.7,0,2
2026-05-05 07:56:00,23.67,63.34,62.44,25172.5,0,2
2026-05-05 07:57:00,24.02,64.4,62.58,25142.5,1,2
2026-05-05 07:58:00,24.27,63.78,62.21,25924.1,0,2
2026-05-05 07:59:00,24.17,63.88,61.96,26186.3,0,2
2026-05-05 08:00:00,23.73,63.78,61.46,26496.7,0,2
2026-05-05 08:01:00,24.42,63.35,61.77,26779.3,0,2
2026-05-05 08:02:00,24.12,63.57,61.7,27006.4,0,2
2026-05-05 08:03:00,24.28,62.85,60.19,27240.3,0,2
2026-05-05 08:04:00,24.47,63.52,60.47,27533.3,0,2
2026-05-05 08:05:00,24.19,64.0,60.96,27793.2,0,2
2026-05-05 08:06:00,23.76,64.61,60.67,28089.4,0,2
2026-05-05 08:07:00,24.69,63.38,60.95,28209.4,0,2
2026-05-05 08:08:00,23.71,61.3,60.92,28570.6,0,2
2026-05-05 08:09:00,24.2,64.41,60.07,28986.5,0,2
2026-05-05 08:10:00,24.62,61.57,60.98,29027.4,0,2
2026-05-05 08:11:00,24.14,64.75,60.96,29345.7,0,2
2026-05-05 08:12:00,24.17,61.73,61.1,29837.1,0,2
2026-05-05 08:13:00,24.29,65.0,60.89,30152.6,0,2
2026-05-05 08:14:00,24.32,60.53,60.83,30421.5,0,2
2026-05-05 08:15:00,24.17,63.75,60.96,30464.7,0,2
2026-05-05 08:16:00,24.24,62.82,60.57,31228.0,0,2
2026-05-05 08:17:00,24.69,63.19,61.37,31160.9,0,2
2026-05-05 08:18:00,24.31,65.0,61.79,31526.9,0,2
2026-05-05 08:19:00,24.59,63.06,62.06,31765.5,0,2
2026-05-05 08:20:00,24.26,64.37,62.04,32364.9,0,2
2026-05-05 08:21:00,24.85,64.25,61.76,32551.7,0,2
2026-05-05 08:22:00,24.76,61.79,62.25,32736.6,0,2
2026-05-05 08:23:00,24.53,63.29,62.56,33020.6,0,2
2026-05-05 08:24:00,24.73,64.21,62.42,33399.8,0,2
2026-05-05 08:25:00,24.98,62.65,61.99,33521.2,0,2
2026-05-05 08:26:00,24.37,62.38,61.36,34009.1,0,2
2026-05-05 08:27:00,24.38,63.69,61.43,34190.3,0,2
2026-05-05 08:28:00,24.76,62.67,61.37,34611.2,0,2
2026-05-05 08:29:00,24.37,63.69,61.94,34899.9,0,2
2026-05-05 08:30:00,24.33,62.5,62.41,35063.1,0,2
2026-05-05 08:31:00,24.34,63.41,62.47,35180.8,0,2
2026-05-05 08:32:00,24.8,62.31,62.47,35690.3,0,2
2026-05-05 08:33:00,24.28,62.61,62.01,35838.7,0,2
2026-05-05 08:34:00,24.72,64.17,62.52,36314.8,0,2
2026-05-05 08:35:00,23.99,63.0,62.53,36567.3,0,2
2026-05-05 08:36:00,24.98,61.32,62.83,36820.2,0,2
2026-05-05 08:37:00,25.02,60.74,63.37,37027.9,0,2
2026-05-05 08:38:00,24.87,62.3,63.15,37618.3,0,2
2026-05-05 08:39:00,25.25,61.67,62.82,37713.9,0,2
2026-05-05 08:40:00,25.18,62.82,63.92,38343.1,0,2
2026-05-05 08:41:00,24.81,60.99,64.19,38357.1,0,2
2026-05-05 08:42:00,24.81,60.44,64.08,38687.2,0,2
2026-05-05 08:43:00,25.28,59.58,64.63,38941.7,0,2
2026-05-05 08:44:00,25.26,62.38,64.51,39269.9,0,2
2026-05-05 08:45:00,25.05,63.37,64.66,39651.7,0,2
2026-05-05 08:46:00,24.71,63.75,64.42,39944.7,0,2
2026-05-05 08:47:00,25.41,61.02,64.42,39891.6,0,2
2026-05-05 08:48:00,25.22,62.04,64.31,40497.4,0,2
2026-05-05 08:49:00,25.22,59.19,63.99,40745.4,0,2
2026-05-05 08:50:00,24.56,64.76,64.11,40980.9,0,2
2026-05-05 08:51:00,25.43,62.98,63.85,41472.7,0,2
2026-05-05 08:52:00,25.32,62.84,64.12,41767.9,0,2
2026-05-05 08:53:00,25.23,60.81,64.0,41956.3,0,2
2026-05-05 08:54:00,25.19,61.5,63.27,42072.4,0,2
2026-05-05 08:55:00,25.45,61.34,63.57,42284.2,0,2
2026-05-05 08:56:00,25.58,63.43,63.87,42807.2,0,2
2026-05-05 08:57:00,25.4,62.84,64.86,43168.9,1,2
2026-05-05 08:58:00,25.67,61.04,64.87,43051.1,0,2
2026-05-05 08:59:00,25.27,62.52,64.95,43713.4,0,2
2026-05-05 09:00:00,25.43,60.5,65.15,43905.7,0,2
2026-05-05 09:01:00,25.8,59.42,65.59,44059.0,0,2
2026-05-05 09:02:00,25.56,61.33,66.0,44662.0,0,2
2026-05-05 09:03:00,26.13,59.26,66.12,45056.5,0,2
2026-05-05 09:04:00,25.8,59.04,66.09,45245.1,0,2
2026-05-05 09:05:00,25.48,61.57,66.44,45492.8,0,2
2026-05-05 09:06:00,25.41,61.3,66.38,46178.2,0,2
2026-05-05 09:07:00,26.04,59.54,65.81,46247.5,0,2
2026-05-05 09:08:00,25.73,60.7,65.15,46793.8,0,2
2026-05-05 09:09:00,26.14,61.05,65.02,46821.9,0,2
2026-05-05 09:10:00,25.82,60.79,65.07,47332.3,0,2
2026-05-05 09:11:00,26.05,60.9,66.14,47608.9,0,2
2026-05-05 09:12:00,25.94,60.68,66.07,47968.0,0,2
2026-05-05 09:13:00,26.13,62.7,66.07,48314.9,0,2
2026-05-05 09:14:00,26.29,62.0,65.88,48310.0,0,2
2026-05-05 09:15:00,26.15,60.73,66.14,48776.4,0,2
2026-05-05 09:16:00,26.35,59.33,66.24,48824.0,0,2
2026-05-05 09:17:00,25.8,60.41,65.95,49082.4,0,2
2026-05-05 09:18:00,26.36,58.74,65.5,49471.2,0,2
2026-05-05 09:19:00,26.3,59.42,65.32,49874.7,0,2
2026-05-05 09:20:00,26.27,61.22,64.95,50300.5,0,2
2026-05-05 09:21:00,25.78,60.39,64.85,50620.9,0,2
2026-05-05 09:22:00,26.0,60.59,64.91,50641.1,0,2
2026-05-05 09:23:00,26.52,61.49,64.7,51005.2,0,2
2026-05-05 09:24:00,26.59,60.64,65.33,51378.2,0,2
2026-05-05 09:25:00,26.65,59.98,65.83,51624.1,0,2
2026-05-05 09:26:00,26.58,59.85,65.71,51792.6,0,2
2026-05-05 09:27:00,26.33,60.1,65.29,52101.5,0,2
2026-05-05 09:28:00,26.41,61.34,65.27,52342.7,0,2
2026-05-05 09:29:00,26.18,60.9,65.21,52582.4,0,2
2026-05-05 09:30:00,26.78,59.39,65.18,52846.1,0,2
2026-05-05 09:31:00,27.27,57.49,65.01,53142.6,0,2
2026-05-05 09:32:00,26.82,60.24,64.55,53377.9,0,2
2026-05-05 09:33:00,26.69,60.24,64.57,53569.9,0,2
2026-05-05 09:34:00,26.93,57.6,64.43,54063.1,0,2
2026-05-05 09:35:00,26.93,59.31,64.33,54273.4,0,2
2026-05-05 09:36:00,26.58,60.39,64.38,54707.4,0,2
2026-05-05 09:37:00,27.12,58.92,64.36,54801.8,0,2
2026-05-05 09:38:00,27.07,61.47,64.4,54998.4,0,2
2026-05-05 09:39:00,27.1,61.09,64.24,55241.4,0,2
2026-05-05 09:40:00,27.69,56.92,64.4,55583.7,0,2
2026-05-05 09:41:00,27.21,58.81,64.1,55915.7,1,2
2026-05-05 09:42:00,27.74,59.53,63.65,56068.8,0,2
2026-05-05 09:43:00,27.12,59.13,63.28,56171.6,0,2
2026-05-05 09:44:00,27.0,60.29,63.02,56541.2,0,2
2026-05-05 09:45:00,27.22,58.31,62.49,56913.5,0,2
2026-05-05 09:46:00,27.76,56.45,61.8,57268.6,0,2
2026-05-05 09:47:00,27.33,59.77,62.06,57274.7,0,2
2026-05-05 09:48:00,27.21,58.71,62.66,57745.7,0,2
2026-05-05 09:49:00,27.7,61.52,62.93,57997.1,0,2
2026-05-05 09:50:00,27.56,59.74,62.76,58178.8,0,2
2026-05-05 09:51:00,27.85,56.94,62.05,58421.3,0,2
2026-05-05 09:52:00,27.59,59.39,62.71,58669.9,0,2
2026-05-05 09:53:00,27.57,58.52,62.52,59060.0,0,2
2026-05-05 09:54:00,28.26,58.26,63.04,59435.3,0,2
2026-05-05 09:55:00,27.69,57.57,63.2,59685.5,0,2
2026-05-05 09:56:00,27.73,58.75,62.81,59648.9,0,2
2026-05-05 09:57:00,28.11,59.12,63.95,60009.5,0,2
2026-05-05 09:58:00,27.34,59.91,63.88,60001.9,0,2
2026-05-05 09:59:00,28.27,58.93,64.28,60540.7,0,2
2026-05-05 10:00:00,28.58,60.92,64.73,60858.4,0,2
2026-05-05 10:01:00,28.4,56.88,64.98,61204.0,1,2
2026-05-05 10:02:00,27.97,60.21,65.83,61048.7,0,2
2026-05-05 10:03:00,28.1,58.21,66.09,61373.6,1,2
2026-05-05 10:04:00,28.35,57.05,66.69,61773.5,1,2
2026-05-05 10:05:00,28.47,57.33,67.41,61821.7,1,2
2026-05-05 10:06:00,28.83,57.92,67.26,62296.5,1,2
2026-05-05 10:07:00,28.87,56.34,67.86,62603.1,1,2
2026-05-05 10:08:00,28.47,54.99,67.84,62631.5,0,2
2026-05-05 10:09:00,28.44,58.39,67.74,63039.3,0,2
2026-05-05 10:10:00,28.43,57.67,68.37,63122.4,0,2
2026-05-05 10:11:00,28.84,56.21,68.74,63677.2,0,2
2026-05-05 10:12:00,28.99,55.1,69.37,63792.7,0,2
2026-05-05 10:13:00,28.79,57.38,69.93,63927.8,0,2
2026-05-05 10:14:00,28.82,58.4,69.76,64083.5,0,2
2026-05-05 10:15:00,29.4,54.96,70.54,64517.7,0,3
2026-05-05 10:16:00,29.09,56.81,71.21,64858.1,1,3
2026-05-05 10:17:00,28.46,60.02,71.41,64838.5,1,3
2026-05-05 10:18:00,29.01,57.72,71.89,65105.4,1,3
2026-05-05 10:19:00,29.12,56.44,72.74,65324.7,1,3
2026-05-05 10:20:00,29.05,56.41,73.05,65812.2,1,3
2026-05-05 10:21:00,29.48,55.36,74.55,65644.0,1,3
2026-05-05 10:22:00,29.14,56.51,75.75,66260.4,1,3
2026-05-05 10:23:00,29.02,56.08,76.35,66284.7,1,3
2026-05-05 10:24:00,29.14,56.09,76.72,66540.4,1,3
2026-05-05 10:25:00,29.54,55.72,77.08,66743.1,1,3
2026-05-05 10:26:00,29.08,54.58,77.34,67048.5,0,3
2026-05-05 10:27:00,29.34,55.96,78.03,67139.9,0,3
2026-05-05 10:28:00,29.73,58.86,78.8,67587.9,0,3
2026-05-05 10:29:00,29.23,54.66,78.76,67812.4,0,3
2026-05-05 10:30:00,29.36,57.99,79.52,67789.4,0,3
2026-05-05 10:31:00,29.25,57.57,80.54,68204.3,0,3
2026-05-05 10:32:00,29.5,56.74,81.21,68286.6,0,3
2026-05-05 10:33:00,29.64,55.14,81.62,68547.7,0,3
2026-05-05 10:34:00,29.76,56.71,82.33,68964.9,0,3
2026-05-05 10:35:00,29.64,57.99,83.44,68903.1,0,3
2026-05-05 10:36:00,29.83,56.84,83.95,69313.2,0,3
2026-05-05 10:37:00,30.22,55.3,84.5,69478.0,0,3
2026-05-05 10:38:00,30.11,55.18,85.96,69612.8,0,3
2026-05-05 10:39:00,30.61,53.69,86.54,69880.4,0,3
2026-05-05 10:40:00,29.96,55.5,86.46,70083.1,0,3
2026-05-05 10:41:00,30.06,55.88,87.41,70129.4,0,3
2026-05-05 10:42:00,30.26,55.0,87.98,70411.4,0,3
2026-05-05 10:43:00,30.15,55.02,88.03,70583.8,0,3
2026-05-05 10:44:00,30.32,54.8,87.9,70869.7,0,3
2026-05-05 10:45:00,29.9,57.67,88.46,71267.1,0,3
2026-05-05 10:46:00,30.33,55.07,88.88,71353.5,0,3
2026-05-05 10:47:00,30.7,54.6,88.85,71320.4,0,3
2026-05-05 10:48:00,31.0,51.04,89.32,71657.5,0,3
2026-05-05 10:49:00,30.94,55.17,89.6,71920.8,0,3
2026-05-05 10:50:00,30.66,55.1,89.98,72182.7,0,3
2026-05-05 10:51:00,30.8,54.85,90.79,72201.0,0,3
2026-05-05 10:52:00,30.81,54.91,90.57,72326.9,0,3
2026-05-05 10:53:00,30.64,53.29,90.68,72658.5,0,3
2026-05-05 10:54:00,30.59,54.15,90.81,72943.7,0,3
2026-05-05 10:55:00,30.94,56.12,92.0,73092.2,0,3
2026-05-05 10:56:00,30.91,52.37,93.6,73163.5,0,3
2026-05-05 10:57:00,31.19,52.04,94.05,73648.5,0,3
2026-05-05 10:58:00,30.44,52.94,94.59,73626.4,0,3
2026-05-05 10:59:00,31.04,53.64,93.93,73851.9,0,3
2026-05-05 11:00:00,31.44,55.22,94.84,73933.8,0,3
2026-05-05 11:01:00,31.33,53.79,95.6,74341.7,0,3
2026-05-05 11:02:00,30.99,55.24,96.18,74453.9,0,3
2026-05-05 11:03:00,30.96,51.58,95.97,74593.6,0,3
2026-05-05 11:04:00,31.33,52.46,97.27,74583.3,0,3
2026-05-05 11:05:00,31.59,52.28,98.46,75030.0,0,3
2026-05-05 11:06:00,31.57,55.05,99.1,75177.2,0,3
2026-05-05 11:07:00,31.52,53.37,99.97,75404.8,0,3
2026-05-05 11:08:00,31.7,52.88,100.58,75461.3,0,3
2026-05-05 11:09:00,31.66,53.24,101.26,75629.5,0,3
2026-05-05 11:10:00,31.79,52.53,101.03,75800.1,0,3
2026-05-05 11:11:00,31.93,55.01,100.42,76255.5,0,3
2026-05-05 11:12:00,31.63,55.38,100.43,76076.7,1,3
2026-05-05 11:13:00,31.57,54.47,99.79,76172.3,1,3
2026-05-05 11:14:00,32.03,53.69,99.23,76450.8,1,3
2026-05-05 11:15:00,31.77,52.24,99.15,76623.6,1,3
2026-05-05 11:16:00,31.46,53.84,98.77,76999.2,1,3
2026-05-05 11:17:00,32.35,49.63,98.49,76832.4,1,3
2026-05-05 11:18:00,32.11,51.85,97.71,77072.3,1,3
2026-05-05 11:19:00,32.15,50.45,96.9,77322.8,0,2
2026-05-05 11:20:00,32.1,52.98,96.67,77591.4,0,2
2026-05-05 11:21:00,32.41,51.84,96.19,77686.6,0,2
2026-05-05 11:22:00,31.93,53.55,95.95,77959.0,0,2
2026-05-05 11:23:00,32.3,52.9,95.94,77958.5,0,2
2026-05-05 11:24:00,32.42,53.29,96.41,78037.9,0,2
2026-05-05 11:25:00,32.53,50.86,96.15,78316.9,0,2
2026-05-05 11:26:00,32.02,50.35,96.69,78200.7,0,2
2026-05-05 11:27:00,32.64,53.96,96.6,78316.7,0,2
2026-05-05 11:28:00,32.44,51.26,96.64,78793.7,0,2
2026-05-05 11:29:00,32.43,51.87,96.84,78848.5,0,2
2026-05-05 11:30:00,32.25,53.46,96.88,79096.4,0,2
2026-05-05 11:31:00,33.24,50.43,96.27,79018.7,0,2
2026-05-05 11:32:00,32.7,50.17,96.47,79425.7,0,2
2026-05-05 11:33:00,32.85,53.88,96.05,79490.0,0,2
2026-05-05 11:34:00,32.57,51.07,95.92,79525.9,0,2
2026-05-05 11:35:00,32.5,54.05,95.71,79688.4,0,2
2026-05-05 11:36:00,33.13,51.39,95.95,79835.6,0,2
2026-05-05 11:37:00,32.64,52.84,95.85,79815.6,0,2
2026-05-05 11:38:00,33.35,51.82,94.99,80000.5,0,2
2026-05-05 11:39:00,33.52,49.91,95.64,80219.9,0,2
2026-05-05 11:40:00,32.93,51.96,95.73,80260.4,0,2
2026-05-05 11:41:00,33.06,53.43,95.23,80267.4,0,2
2026-05-05 11:42:00,32.58,53.3,94.48,80587.3,0,2
2026-05-05 11:43:00,32.83,52.76,94.63,80799.3,0,2
2026-05-05 11:44:00,33.47,51.3,93.94,80975.6,0,2
2026-05-05 11:45:00,33.68,50.07,94.04,81024.1,0,2
2026-05-05 11:46:00,33.21,49.81,94.25,81169.9,0,2
2026-05-05 11:47:00,33.3,52.64,93.71,81325.2,0,2
2026-05-05 11:48:00,33.11,50.31,93.14,81349.8,0,2
2026-05-05 11:49:00,33.27,50.18,92.7,81195.7,0,2
2026-05-05 11:50:00,33.93,49.86,92.04,81713.8,0,2
2026-05-05 11:51:00,33.72,48.37,91.91,81580.3,0,2
2026-05-05 11:52:00,33.24,50.36,91.84,81670.6,0,2
2026-05-05 11:53:00,33.88,49.01,91.93,81769.5,0,2
2026-05-05 11:54:00,34.38,47.49,91.34,82305.9,0,2
2026-05-05 11:55:00,33.73,48.61,91.48,82158.8,0,2
2026-05-05 11:56:00,33.71,50.1,90.82,82083.7,0,2
2026-05-05 11:57:00,34.07,50.86,90.97,82231.0,0,2
2026-05-05 11:58:00,34.22,49.31,90.11,82403.2,0,2
2026-05-05 11:59:00,34.22,48.11,90.57,82569.7,0,2
2026-05-05 12:00:00,33.98,48.96,90.86,82611.9,0,2
2026-05-05 12:01:00,34.0,50.14,91.64,82555.2,0,2
2026-05-05 12:02:00,33.72,51.5,92.49,82798.8,0,2
2026-05-05 12:03:00,33.89,51.03,92.36,82787.5,0,2
2026-05-05 12:04:00,34.33,49.55,93.1,83077.2,0,2
2026-05-05 12:05:00,34.15,51.33,93.33,83055.0,0,2
2026-05-05 12:06:00,34.39,48.54,93.61,83053.9,1,2
2026-05-05 12:07:00,34.32,47.87,93.77,83297.6,0,2
2026-05-05 12:08:00,34.44,48.77,94.81,83354.8,1,2
2026-05-05 12:09:00,34.47,50.58,94.71,83341.7,1,2
2026-05-05 12:10:00,34.7,49.59,95.33,83588.3,0,2
2026-05-05 12:11:00,34.77,49.96,95.38,83654.1,1,2
2026-05-05 12:12:00,34.6,48.79,96.44,83813.3,1,2
2026-05-05 12:13:00,34.59,49.08,97.74,83820.3,1,2
2026-05-05 12:14:00,34.68,48.53,98.02,83764.1,0,2
2026-05-05 12:15:00,34.54,47.95,98.38,83653.6,1,2
2026-05-05 12:16:00,35.05,48.31,98.75,83940.9,0,2
2026-05-05 12:17:00,34.69,48.51,99.64,84033.1,1,2
2026-05-05 12:18:00,34.83,48.0,99.87,84071.1,1,2
2026-05-05 12:19:00,34.96,49.13,100.61,83751.2,1,2
2026-05-05 12:20:00,35.04,48.45,100.81,84260.2,0,3
2026-05-05 12:21:00,35.07,49.87,102.29,84156.2,0,3
2026-05-05 12:22:00,35.01,47.28,101.65,84410.1,0,3
2026-05-05 12:23:00,35.5,47.15,102.16,84599.6,0,3
2026-05-05 12:24:00,35.15,46.0,102.63,84447.1,0,3
2026-05-05 12:25:00,35.11,46.99,103.07,84586.3,0,3
2026-05-05 12:26:00,35.67,48.16,103.59,84604.5,0,3
2026-05-05 12:27:00,35.07,49.22,103.91,84728.1,0,3
2026-05-05 12:28:00,35.76,48.12,104.44,84732.3,0,3
2026-05-05 12:29:00,34.85,50.11,104.96,84725.7,0,3
2026-05-05 12:30:00,35.29,48.59,106.16,84732.4,0,3
2026-05-05 12:31:00,35.02,48.4,105.31,85073.2,0,3
2026-05-05 12:32:00,35.14,48.96,106.68,84980.9,0,3
2026-05-05 12:33:00,35.63,46.55,108.22,85083.8,0,3
2026-05-05 12:34:00,35.63,45.49,107.89,85079.7,0,3
2026-05-05 12:35:00,35.45,47.25,108.42,85202.7,0,3
2026-05-05 12:36:00,36.05,46.55,109.57,85035.5,0,3
2026-05-05 12:37:00,35.97,47.13,110.45,85203.2,0,3
2026-05-05 12:38:00,35.71,46.4,111.6,85281.7,0,3
2026-05-05 12:39:00,35.32,47.19,112.26,85389.5,0,3
2026-05-05 12:40:00,36.05,47.83,111.67,85570.5,0,3
2026-05-05 12:41:00,35.73,45.87,112.72,85333.3,0,3
2026-05-05 12:42:00,35.96,46.89,113.44,85223.3,0,3
2026-05-05 12:43:00,36.13,46.03,114.48,85177.5,0,3
2026-05-05 12:44:00,35.87,45.11,114.31,85231.7,0,3
2026-05-05 12:45:00,36.33,46.01,114.24,85285.1,0,3
2026-05-05 12:46:00,35.96,45.95,114.71,85049.8,0,3
2026-05-05 12:47:00,36.22,46.14,115.81,85336.0,0,3
2026-05-05 12:48:00,36.32,46.61,116.95,85520.8,0,3
2026-05-05 12:49:00,36.39,43.8,116.95,85465.2,0,3
2026-05-05 12:50:00,36.64,47.3,117.07,85455.9,0,3
2026-05-05 12:51:00,36.04,50.52,118.71,85290.3,1,3
2026-05-05 12:52:00,36.0,45.83,118.76,85638.6,0,3
2026-05-05 12:53:00,36.24,45.92,119.49,85601.8,1,3
2026-05-05 12:54:00,37.12,44.41,119.78,85548.0,1,3
2026-05-05 12:55:00,36.73,44.63,120.3,85287.4,1,3
2026-05-05 12:56:00,36.3,48.94,120.43,85495.2,1,3
2026-05-05 12:57:00,36.39,46.05,119.58,85614.0,1,3
2026-05-05 12:58:00,36.51,47.09,118.94,85563.5,0,3
2026-05-05 12:59:00,36.62,47.51,118.23,85603.1,1,3
2026-05-05 13:00:00,36.75,47.17,117.63,85648.3,1,3
2026-05-05 13:01:00,36.79,47.2,117.4,85596.8,0,3
2026-05-05 13:02:00,36.96,44.04,117.75,85645.7,1,3
2026-05-05 13:03:00,37.2,46.38,117.03,85448.2,1,3
2026-05-05 13:04:00,36.7,45.52,116.15,85403.3,1,3
2026-05-05 13:05:00,36.71,47.94,115.7,85581.0,0,2
2026-05-05 13:06:00,36.71,44.91,114.89,85593.1,0,2
2026-05-05 13:07:00,36.77,44.45,113.75,85542.9,0,2
2026-05-05 13:08:00,36.96,45.55,113.79,85479.3,0,2
2026-05-05 13:09:00,37.06,46.18,113.4,85396.6,0,2
2026-05-05 13:10:00,37.37,42.83,113.06,85444.8,0,2
2026-05-05 13:11:00,36.8,45.29,111.81,85458.7,0,2
2026-05-05 13:12:00,37.09,44.04,111.15,85467.8,0,2
2026-05-05 13:13:00,36.83,46.84,110.15,85713.6,0,2
2026-05-05 13:14:00,37.17,44.57,109.76,85263.1,0,2
2026-05-05 13:15:00,37.77,45.76,109.44,85759.4,0,2
2026-05-05 13:16:00,37.1,44.49,109.12,85205.7,0,2
2026-05-05 13:17:00,37.78,44.76,108.46,85385.7,0,2
2026-05-05 13:18:00,36.99,43.85,107.72,85159.7,0,2
2026-05-05 13:19:00,37.11,45.2,107.28,85329.3,0,2
2026-05-05 13:20:00,37.17,43.93,107.08,85402.5,0,2
2026-05-05 13:21:00,37.33,46.86,106.48,85232.6,0,2
2026-05-05 13:22:00,37.28,46.39,106.6,85293.7,0,2
2026-05-05 13:23:00,37.54,45.0,106.82,85078.0,0,2
2026-05-05 13:24:00,36.69,47.16,106.9,84837.2,0,2
2026-05-05 13:25:00,37.16,44.67,107.16,85116.1,0,2
2026-05-05 13:26:00,37.91,44.96,107.2,84986.7,0,2
2026-05-05 13:27:00,37.11,45.24,107.56,84894.2,0,2
2026-05-05 13:28:00,37.4,45.55,108.69,84879.5,0,2
2026-05-05 13:29:00,37.67,44.7,109.15,84909.9,0,2
2026-05-05 13:30:00,37.53,44.68,109.01,84709.5,0,2
2026-05-05 13:31:00,37.36,42.82,108.49,84817.1,0,2
2026-05-05 13:32:00,37.71,43.72,109.84,84864.2,0,2
2026-05-05 13:33:00,37.83,46.5,110.7,84919.0,0,2
2026-05-05 13:34:00,37.5,44.65,111.44,84798.3,0,2
2026-05-05 13:35:00,37.78,43.55,112.48,84583.1,0,2
2026-05-05 13:36:00,37.92,44.27,113.27,84529.4,0,2
2026-05-05 13:37:00,38.0,42.27,113.82,84371.2,0,2
2026-05-05 13:38:00,37.85,43.74,113.65,84285.7,1,2
2026-05-05 13:39:00,38.21,44.03,114.91,84402.2,0,2
2026-05-05 13:40:00,37.82,44.94,115.22,84176.3,0,2
2026-05-05 13:41:00,37.58,45.09,115.61,84186.4,1,2
2026-05-05 13:42:00,37.8,46.19,116.16,83957.0,1,2
2026-05-05 13:43:00,38.18,43.03,116.53,84177.1,1,2
2026-05-05 13:44:00,37.68,42.74,117.28,83891.8,0,2
2026-05-05 13:45:00,37.37,44.55,117.04,84002.9,1,2
2026-05-05 13:46:00,38.07,43.32,116.36,83735.1,1,2
2026-05-05 13:47:00,37.86,44.51,115.95,83648.4,1,2
2026-05-05 13:48:00,38.56,42.96,115.76,83833.1,0,3
2026-05-05 13:49:00,38.09,44.14,115.05,83504.8,1,2
2026-05-05 13:50:00,38.35,43.73,115.26,83329.8,1,3
2026-05-05 13:51:00,37.94,45.24,114.83,83309.9,0,3
2026-05-05 13:52:00,38.23,43.75,115.1,83447.8,1,3
2026-05-05 13:53:00,38.2,44.06,114.08,83332.4,1,2
2026-05-05 13:54:00,38.47,45.57,113.95,83060.2,1,2
2026-05-05 13:55:00,38.2,41.85,113.16,82982.7,0,2
2026-05-05 13:56:00,38.04,44.26,112.48,83045.2,0,2
2026-05-05 13:57:00,38.45,43.32,112.47,83025.3,0,2
2026-05-05 13:58:00,38.03,44.11,111.98,82753.5,0,2
2026-05-05 13:59:00,38.02,44.75,112.71,82738.8,0,2
2026-05-05 14:00:00,38.24,42.76,112.52,82672.8,0,2
2026-05-05 14:01:00,38.19,43.14,111.82,82712.9,0,2
2026-05-05 14:02:00,38.29,44.56,111.64,82216.7,0,2
2026-05-05 14:03:00,38.14,43.71,111.14,82192.3,0,2
2026-05-05 14:04:00,38.6,42.09,111.11,82109.6,0,2
2026-05-05 14:05:00,38.62,44.17,110.59,82162.9,0,2
2026-05-05 14:06:00,38.57,44.05,110.37,81917.4,0,2
2026-05-05 14:07:00,38.56,43.49,110.07,81889.9,0,2
2026-05-05 14:08:00,37.94,44.67,109.72,81766.9,0,2
2026-05-05 14:09:00,38.45,44.14,109.78,81636.3,0,2
2026-05-05 14:10:00,38.65,43.07,108.62,81526.0,0,2
2026-05-05 14:11:00,38.79,43.35,108.29,81547.6,0,2
2026-05-05 14:12:00,38.42,42.07,107.61,81207.6,0,2
2026-05-05 14:13:00,38.81,42.7,106.67,81184.4,0,2
2026-05-05 14:14:00,38.58,44.43,105.96,80927.2,0,2
2026-05-05 14:15:00,37.87,46.9,105.35,80958.3,0,2
2026-05-05 14:16:00,38.51,43.52,104.91,80776.4,0,2
2026-05-05 14:17:00,38.34,42.52,104.73,80818.8,0,2
2026-05-05 14:18:00,38.41,43.08,104.63,80570.7,0,2
2026-05-05 14:19:00,38.84,41.16,104.13,80399.3,0,2
2026-05-05 14:20:00,38.66,43.95,104.48,80316.5,0,2
2026-05-05 14:21:00,38.47,43.47,103.99,80398.1,0,2
2026-05-05 14:22:00,38.45,42.3,102.82,79862.5,0,2
2026-05-05 14:23:00,38.74,42.81,102.36,79826.4,0,2
2026-05-05 14:24:00,38.6,44.09,102.08,79777.0,0,2
2026-05-05 14:25:00,38.83,42.98,100.36,79588.1,0,2
2026-05-05 14:26:00,38.46,42.61,100.6,79607.1,0,2
2026-05-05 14:27:00,38.59,44.49,100.27,79377.9,0,2
2026-05-05 14:28:00,38.41,43.91,99.49,79258.4,0,2
2026-05-05 14:29:00,38.57,42.37,98.8,79102.5,0,2
2026-05-05 14:30:00,39.26,42.35,98.86,78905.9,0,2
2026-05-05 14:31:00,38.54,40.78,98.97,78631.1,0,2
2026-05-05 14:32:00,38.62,43.53,98.42,78662.1,0,2
2026-05-05 14:33:00,38.54,46.68,97.57,78285.3,0,2
2026-05-05 14:34:00,38.71,44.39,97.37,78267.1,0,2
2026-05-05 14:35:00,38.75,42.83,97.25,78235.0,0,2
2026-05-05 14:36:00,39.08,42.86,97.24,78169.5,0,2
2026-05-05 14:37:00,38.69,43.77,96.74,78164.2,0,2
2026-05-05 14:38:00,38.83,43.65,96.43,77686.5,0,2
2026-05-05 14:39:00,38.34,43.46,96.19,77469.4,0,2
2026-05-05 14:40:00,38.6,40.62,96.37,77497.8,0,2
2026-05-05 14:41:00,39.1,42.12,96.69,77487.4,0,2
2026-05-05 14:42:00,38.62,42.49,97.12,77271.4,0,2
2026-05-05 14:43:00,39.03,42.51,97.42,76815.4,0,2
2026-05-05 14:44:00,38.62,42.31,97.93,76772.8,0,2
2026-05-05 14:45:00,38.81,43.66,98.08,76728.5,0,2
2026-05-05 14:46:00,39.29,44.69,97.54,76553.7,0,2
2026-05-05 14:47:00,39.06,43.76,97.92,76364.3,0,2
2026-05-05 14:48:00,38.39,43.44,97.04,76056.5,0,2
2026-05-05 14:49:00,39.69,43.52,97.79,76007.0,0,2
2026-05-05 14:50:00,38.63,44.32,97.08,75869.2,0,2
2026-05-05 14:51:00,39.36,43.04,97.18,75478.6,0,2
2026-05-05 14:52:00,38.79,42.28,97.52,75593.5,0,2
2026-05-05 14:53:00,38.6,43.06,97.43,75376.1,0,2
2026-05-05 14:54:00,38.8,43.65,96.26,74985.4,0,2
2026-05-05 14:55:00,38.75,45.6,95.57,75017.8,0,2
2026-05-05 14:56:00,38.78,44.7,95.46,74827.5,0,2
2026-05-05 14:57:00,38.94,43.47,95.47,74645.5,0,2
2026-05-05 14:58:00,39.05,42.8,95.13,74548.7,0,2
2026-05-05 14:59:00,39.29,43.18,94.9,74179.0,0,2
2026-05-05 15:00:00,38.99,43.33,94.0,74043.1,0,2
2026-05-05 15:01:00,38.96,44.57,94.52,73502.2,0,2
2026-05-05 15:02:00,38.76,41.69,94.1,73748.5,0,2
2026-05-05 15:03:00,38.87,42.89,94.18,73538.1,0,2
2026-05-05 15:04:00,38.82,43.83,94.53,73394.3,0,2
2026-05-05 15:05:00,38.61,44.93,93.77,72913.5,0,2
2026-05-05 15:06:00,39.59,44.19,93.57,72957.7,0,2
2026-05-05 15:07:00,39.01,40.9,93.44,72771.4,0,2
2026-05-05 15:08:00,39.02,41.78,93.08,72394.0,0,2
2026-05-05 15:09:00,39.26,42.23,93.23,72400.7,0,2
2026-05-05 15:10:00,38.31,42.15,92.69,72135.8,1,2
2026-05-05 15:11:00,39.52,43.95,92.47,71674.5,1,2
2026-05-05 15:12:00,38.74,43.19,92.07,71773.4,0,2
2026-05-05 15:13:00,38.73,44.45,92.83,71421.0,0,2
2026-05-05 15:14:00,38.82,42.72,92.3,71089.9,0,2
2026-05-05 15:15:00,39.2,42.88,92.37,71151.8,0,2
2026-05-05 15:16:00,39.49,40.35,92.9,70888.8,0,2
2026-05-05 15:17:00,39.36,40.9,92.25,70849.4,0,2
2026-05-05 15:18:00,38.83,41.66,92.04,70489.2,0,2
2026-05-05 15:19:00,38.5,41.32,91.37,70363.4,0,2
2026-05-05 15:20:00,38.84,44.13,90.26,70119.1,0,2
2026-05-05 15:21:00,38.78,42.96,90.29,69990.4,0,2
2026-05-05 15:22:00,38.53,44.6,90.44,69530.6,0,2
2026-05-05 15:23:00,39.08,42.42,90.81,69445.5,0,2
2026-05-05 15:24:00,38.94,44.11,91.01,69209.6,0,2
2026-05-05 15:25:00,39.06,43.74,91.33,69085.9,0,2
2026-05-05 15:26:00,39.11,42.37,91.23,68821.3,0,2
2026-05-05 15:27:00,39.1,42.78,91.94,68497.4,1,2
2026-05-05 15:28:00,38.9,43.23,92.81,68322.1,1,2
2026-05-05 15:29:00,39.33,43.56,93.69,68331.4,1,2
2026-05-05 15:30:00,38.79,42.93,93.98,67693.7,1,2
2026-05-05 15:31:00,38.75,43.46,94.84,67749.6,1,2
2026-05-05 15:32:00,38.84,41.12,94.87,67590.1,0,2
2026-05-05 15:33:00,39.03,41.57,95.24,67268.4,0,2
2026-05-05 15:34:00,39.06,41.71,95.95,67191.0,1,2
2026-05-05 15:35:00,38.8,43.58,96.24,66841.2,1,2
2026-05-05 15:36:00,38.8,42.11,95.99,66561.6,1,2
2026-05-05 15:37:00,39.2,42.53,96.8,66232.8,1,2
2026-05-05 15:38:00,38.54,43.12,96.79,66089.0,0,2
2026-05-05 15:39:00,39.54,41.91,96.99,65907.3,0,2
2026-05-05 15:40:00,38.78,44.03,97.18,65595.7,0,2
2026-05-05 15:41:00,38.79,43.16,97.14,65286.9,0,2
2026-05-05 15:42:00,38.93,42.47,96.94,65006.5,0,2
2026-05-05 15:43:00,38.96,43.21,96.03,64944.4,0,2
2026-05-05 15:44:00,38.66,45.09,95.27,64522.0,0,2
2026-05-05 15:45:00,38.9,42.88,95.19,64395.4,0,2
2026-05-05 15:46:00,38.57,41.74,95.21,63916.5,0,2
2026-05-05 15:47:00,38.64,41.52,95.06,64058.9,0,2
2026-05-05 15:48:00,38.38,43.13,94.6,63878.9,0,2
2026-05-05 15:49:00,38.81,41.5,94.14,63507.6,0,2
2026-05-05 15:50:00,38.72,40.12,93.99,63494.1,0,2
2026-05-05 15:51:00,38.25,43.3,93.21,63190.2,0,2
2026-05-05 15:52:00,38.57,43.66,93.01,62832.4,0,2
2026-05-05 15:53:00,38.72,44.65,92.18,62525.2,0,2
2026-05-05 15:54:00,38.94,42.67,91.51,62261.9,0,2
2026-05-05 15:55:00,38.39,43.83,91.37,62126.1,0,2
2026-05-05 15:56:00,38.62,43.75,91.42,61772.6,0,2
2026-05-05 15:57:00,38.41,43.52,91.35,61612.6,0,2
2026-05-05 15:58:00,38.85,42.0,90.66,61353.8,0,2
2026-05-05 15:59:00,38.49,45.91,89.64,61004.5,0,2
2026-05-05 16:00:00,38.78,41.73,89.45,60900.6,0,2
2026-05-05 16:01:00,38.54,43.74,88.44,60483.4,0,2
2026-05-05 16:02:00,38.2,42.79,88.67,60282.6,0,2
2026-05-05 16:03:00,38.59,43.31,88.02,59902.4,0,2
2026-05-05 16:04:00,38.3,44.07,88.82,59730.1,0,2
2026-05-05 16:05:00,38.86,42.55,88.21,59755.6,0,2
2026-05-05 16:06:00,39.02,41.11,88.24,59133.7,0,2
2026-05-05 16:07:00,38.71,42.59,87.74,59033.3,0,2
2026-05-05 16:08:00,38.38,44.82,87.49,58670.6,0,2
2026-05-05 16:09:00,38.53,41.46,87.4,58186.8,0,2
2026-05-05 16:10:00,38.58,45.14,87.6,58260.5,0,2
2026-05-05 16:11:00,38.76,43.04,87.86,57853.3,0,2
2026-05-05 16:12:00,38.43,44.25,87.99,57670.4,0,2
2026-05-05 16:13:00,38.56,41.95,88.26,57500.4,0,2
2026-05-05 16:14:00,38.03,43.78,87.8,57125.1,0,2
2026-05-05 16:15:00,38.49,42.52,87.9,56896.6,0,2
2026-05-05 16:16:00,38.2,44.08,87.56,56513.7,0,2
2026-05-05 16:17:00,38.41,42.12,87.8,56454.3,0,2
2026-05-05 16:18:00,38.12,43.09,87.67,56089.7,0,2
2026-05-05 16:19:00,38.46,45.83,87.75,55614.0,0,2
2026-05-05 16:20:00,38.5,44.08,87.68,55691.3,0,2
2026-05-05 16:21:00,38.26,44.09,87.82,55480.9,1,2
2026-05-05 16:22:00,38.09,44.31,87.28,55281.2,0,2
2026-05-05 16:23:00,38.43,45.15,86.41,55087.3,0,2
2026-05-05 16:24:00,38.65,42.93,86.66,54667.7,0,2
2026-05-05 16:25:00,38.73,44.11,87.06,54365.9,0,2
2026-05-05 16:26:00,38.33,40.71,86.83,54136.2,0,2
2026-05-05 16:27:00,38.28,43.47,86.99,53621.6,0,2
2026-05-05 16:28:00,37.86,43.83,86.1,53256.7,0,2
2026-05-05 16:29:00,38.49,42.68,85.66,53128.8,0,2
2026-05-05 16:30:00,37.56,45.5,85.52,53057.2,0,2
2026-05-05 16:31:00,38.42,43.25,84.6,52482.4,0,2
2026-05-05 16:32:00,38.11,43.65,83.78,52273.8,0,2
2026-05-05 16:33:00,37.47,43.8,83.71,51958.4,0,2
2026-05-05 16:34:00,38.14,43.33,83.3,51584.4,0,2
2026-05-05 16:35:00,38.0,41.59,83.01,51061.0,0,2
2026-05-05 16:36:00,37.9,43.76,82.69,50938.2,0,2
2026-05-05 16:37:00,37.92,42.41,82.01,50512.9,0,2
2026-05-05 16:38:00,37.96,45.9,81.79,50430.0,0,2
2026-05-05 16:39:00,37.94,44.97,81.66,50021.7,0,2
2026-05-05 16:40:00,37.55,45.72,81.29,49508.5,0,2
2026-05-05 16:41:00,38.0,42.42,80.95,49486.8,0,2
2026-05-05 16:42:00,37.77,45.32,80.75,49035.8,0,2
2026-05-05 16:43:00,38.24,42.86,80.99,48513.0,0,2
2026-05-05 16:44:00,38.03,44.29,80.83,48422.8,0,2
2026-05-05 16:45:00,38.03,43.73,79.89,48346.6,0,2
2026-05-05 16:46:00,38.23,42.02,79.27,47769.6,0,2
2026-05-05 16:47:00,37.92,42.86,79.58,47577.0,0,2
2026-05-05 16:48:00,37.67,45.25,79.19,47138.7,0,2
2026-05-05 16:49:00,37.04,46.09,79.05,46874.1,0,2
2026-05-05 16:50:00,37.72,42.75,79.79,46634.0,0,2
2026-05-05 16:51:00,38.06,45.28,79.96,46302.2,0,2
2026-05-05 16:52:00,37.82,43.79,78.92,46090.3,0,2
2026-05-05 16:53:00,37.44,43.24,79.45,46087.8,0,2
2026-05-05 16:54:00,37.56,43.96,79.41,45589.1,0,2
2026-05-05 16:55:00,37.38,43.25,79.47,45401.5,0,2
2026-05-05 16:56:00,37.56,43.74,79.49,45151.8,0,2
2026-05-05 16:57:00,37.33,44.37,79.78,44600.9,0,2
2026-05-05 16:58:00,37.78,44.92,79.64,44346.9,0,2
2026-05-05 16:59:00,37.42,45.78,78.89,44251.0,0,2
2026-05-05 17:00:00,37.43,46.08,78.93,43795.1,0,2
2026-05-05 17:01:00,37.13,46.17,78.23,43667.0,0,2
2026-05-05 17:02:00,37.2,42.84,78.92,43495.8,0,2
2026-05-05 17:03:00,36.98,43.69,78.66,42831.1,0,2
2026-05-05 17:04:00,37.59,45.89,78.54,42673.8,0,2
2026-05-05 17:05:00,37.08,44.73,78.15,42403.5,0,2
2026-05-05 17:06:00,37.22,44.93,78.2,42074.4,0,2
2026-05-05 17:07:00,36.76,46.5,78.3,41774.8,0,2
2026-05-05 17:08:00,36.81,47.22,77.91,41498.5,0,2
2026-05-05 17:09:00,37.02,45.94,78.01,41265.4,0,2
2026-05-05 17:10:00,36.97,44.41,77.94,40996.4,0,2
2026-05-05 17:11:00,37.08,43.83,77.81,40800.2,0,2
2026-05-05 17:12:00,37.48,43.44,77.39,40391.8,0,2
2026-05-05 17:13:00,36.44,47.65,78.3,40237.7,0,2
2026-05-05 17:14:00,37.16,46.21,78.7,39741.2,0,2
2026-05-05 17:15:00,37.0,45.45,78.91,39376.4,0,2
2026-05-05 17:16:00,36.69,44.12,79.28,39192.3,0,2
2026-05-05 17:17:00,36.7,46.89,79.29,38992.5,0,2
2026-05-05 17:18:00,37.05,45.55,79.02,38748.3,0,2
2026-05-05 17:19:00,36.72,44.87,77.76,38528.1,0,2
2026-05-05 17:20:00,36.62,45.86,77.13,38095.5,0,2
2026-05-05 17:21:00,36.41,46.84,77.97,37858.7,0,2
2026-05-05 17:22:00,36.42,45.67,78.37,37640.1,0,2
2026-05-05 17:23:00,36.29,45.15,78.35,37089.8,0,2
2026-05-05 17:24:00,36.78,45.93,77.55,36865.5,0,2
2026-05-05 17:25:00,36.33,46.64,77.73,36930.6,0,2
2026-05-05 17:26:00,36.19,44.26,77.5,36408.2,0,2
2026-05-05 17:27:00,36.49,46.02,77.7,36073.9,0,2
2026-05-05 17:28:00,36.21,45.5,77.12,35827.1,0,2
2026-05-05 17:29:00,36.76,46.31,76.81,35266.8,0,2
2026-05-05 17:30:00,36.35,44.27,77.1,35056.7,0,2
2026-05-05 17:31:00,36.35,44.78,77.83,34720.1,0,2
2026-05-05 17:32:00,36.31,43.55,77.44,34599.1,0,2
2026-05-05 17:33:00,36.37,46.79,76.9,34211.8,0,2
2026-05-05 17:34:00,36.36,44.49,77.25,33974.9,0,2
2026-05-05 17:35:00,36.15,44.99,76.6,33633.5,1,2
2026-05-05 17:36:00,35.85,46.89,75.99,33183.1,0,2
2026-05-05 17:37:00,36.03,46.56,76.02,33192.0,0,2
2026-05-05 17:38:00,36.05,47.5,76.84,32582.0,0,2
2026-05-05 17:39:00,35.58,48.27,76.37,32413.8,0,2
2026-05-05 17:40:00,35.43,48.96,76.12,32051.1,0,2
2026-05-05 17:41:00,35.61,49.29,76.08,31811.4,0,2
2026-05-05 17:42:00,35.38,48.91,75.78,31649.3,0,2
2026-05-05 17:43:00,35.71,47.61,74.93,31481.5,0,2
2026-05-05 17:44:00,35.6,47.62,75.2,30854.4,0,2
2026-05-05 17:45:00,35.77,47.86,75.21,30683.4,0,2
2026-05-05 17:46:00,35.89,44.53,75.28,30249.2,0,2
2026-05-05 17:47:00,35.74,46.98,75.14,30095.4,0,2
2026-05-05 17:48:00,35.74,44.98,75.72,29885.8,0,2
2026-05-05 17:49:00,35.82,46.17,75.41,29678.7,0,2
2026-05-05 17:50:00,35.46,45.78,74.86,29042.0,1,2
2026-05-05 17:51:00,34.85,48.87,75.5,29072.2,0,2
2026-05-05 17:52:00,35.03,48.89,74.46,28599.6,0,2
2026-05-05 17:53:00,35.54,48.9,74.32,28280.8,0,2
2026-05-05 17:54:00,35.43,46.44,74.22,28145.5,0,2
2026-05-05 17:55:00,35.51,46.7,74.1,27923.7,0,2
2026-05-05 17:56:00,36.0,48.1,73.36,27547.7,0,2
2026-05-05 17:57:00,35.3,47.16,72.79,27140.2,0,2
2026-05-05 17:58:00,35.18,47.08,73.16,26971.2,0,2
2026-05-05 17:59:00,35.25,48.71,73.7,26608.7,0,2
2026-05-05 18:00:00,34.82,49.07,73.45,26480.9,0,2
2026-05-05 18:01:00,35.27,48.98,72.99,26250.5,0,2
2026-05-05 18:02:00,34.99,48.79,72.16,25956.3,0,2
2026-05-05 18:03:00,35.41,47.15,72.53,25546.4,0,2
2026-05-05 18:04:00,34.54,50.49,72.91,25397.7,0,2
2026-05-05 18:05:00,34.9,49.4,71.64,24855.2,0,2
2026-05-05 18:06:00,34.7,48.6,70.56,24906.8,0,2
2026-05-05 18:07:00,34.54,49.9,70.59,24285.2,0,2
2026-05-05 18:08:00,34.92,48.29,70.69,23880.8,0,2
2026-05-05 18:09:00,34.64,47.59,70.46,24004.8,0,2
2026-05-05 18:10:00,35.01,48.32,70.42,23472.8,0,2
2026-05-05 18:11:00,34.5,51.21,70.29,23289.6,0,2
2026-05-05 18:12:00,34.49,50.16,70.28,22869.9,0,2
2026-05-05 18:13:00,35.05,48.63,69.87,22995.8,0,2
2026-05-05 18:14:00,34.16,48.3,69.85,22650.0,0,2
2026-05-05 18:15:00,34.26,47.82,69.55,22336.6,0,2
2026-05-05 18:16:00,33.63,49.82,69.21,21881.9,0,2
2026-05-05 18:17:00,34.25,48.52,68.4,21709.9,0,2
2026-05-05 18:18:00,34.49,48.94,68.33,21307.3,0,2
2026-05-05 18:19:00,34.37,49.26,68.68,21170.5,0,2
2026-05-05 18:20:00,34.26,47.53,68.54,20709.3,0,2
2026-05-05 18:21:00,33.96,48.65,68.39,20672.1,0,2
2026-05-05 18:22:00,34.08,49.06,68.93,20150.7,0,2
2026-05-05 18:23:00,33.98,50.15,69.37,19889.0,0,2
2026-05-05 18:24:00,34.03,50.12,70.11,19600.1,0,2
2026-05-05 18:25:00,34.03,48.31,71.06,19405.3,0,2
2026-05-05 18:26:00,33.85,48.33,71.04,19062.5,0,1
2026-05-05 18:27:00,33.9,48.6,70.51,18895.2,0,1
2026-05-05 18:28:00,33.82,50.8,70.25,18507.3,0,1
2026-05-05 18:29:00,33.63,49.55,70.47,18389.0,0,1
2026-05-05 18:30:00,33.77,50.05,71.06,18206.3,0,1
2026-05-05 18:31:00,33.39,50.96,70.57,17764.1,0,1
2026-05-05 18:32:00,33.7,51.49,70.64,17752.5,0,1
2026-05-05 18:33:00,33.33,49.07,70.27,17353.9,0,1
2026-05-05 18:34:00,33.56,51.68,70.17,17208.4,0,1
2026-05-05 18:35:00,33.63,50.81,70.08,16678.5,0,1
2026-05-05 18:36:00,33.24,52.67,70.21,16221.4,0,1
2026-05-05 18:37:00,33.68,51.74,71.06,16071.9,0,1
2026-05-05 18:38:00,33.82,49.98,71.22,15820.9,0,1
2026-05-05 18:39:00,33.16,49.88,70.99,15516.7,0,1
2026-05-05 18:40:00,33.24,51.46,70.69,15106.2,1,1
2026-05-05 18:41:00,33.53,48.91,70.57,15232.2,0,1
2026-05-05 18:42:00,32.73,51.64,70.16,14626.6,0,1
2026-05-05 18:43:00,33.14,49.91,70.18,14702.9,0,1
2026-05-05 18:44:00,33.01,50.7,69.11,14596.3,0,1
2026-05-05 18:45:00,33.26,48.02,69.0,13984.2,0,1
2026-05-05 18:46:00,32.93,51.0,68.93,13868.8,0,1
2026-05-05 18:47:00,33.05,51.07,68.42,13520.2,0,1
2026-05-05 18:48:00,32.68,50.8,68.24,13414.1,0,1
2026-05-05 18:49:00,33.08,50.79,68.72,12919.5,0,1
2026-05-05 18:50:00,32.51,50.38,69.22,12796.1,0,1
2026-05-05 18:51:00,32.96,51.99,68.97,12696.7,0,1
2026-05-05 18:52:00,32.71,51.43,69.18,12307.6,0,1
2026-05-05 18:53:00,32.06,55.01,68.51,11870.6,0,1
2026-05-05 18:54:00,32.61,51.89,68.37,11968.9,0,1
2026-05-05 18:55:00,32.7,51.88,68.46,11419.3,0,1
2026-05-05 18:56:00,32.19,51.57,69.11,11340.6,0,1
2026-05-05 18:57:00,32.24,53.5,69.61,11158.6,0,1
2026-05-05 18:58:00,32.42,51.29,69.67,10861.8,0,1
2026-05-05 18:59:00,32.22,54.16,69.24,10912.1,0,1
2026-05-05 19:00:00,32.39,53.9,69.81,10457.1,0,1
2026-05-05 19:01:00,32.2,51.5,69.63,10107.6,0,1
2026-05-05 19:02:00,31.87,52.24,69.79,9968.4,0,1
2026-05-05 19:03:00,32.74,50.5,69.7,9686.8,0,1
2026-05-05 19:04:00,32.02,50.77,70.53,9434.0,0,1
2026-05-05 19:05:00,32.09,52.63,70.22,9226.4,0,1
2026-05-05 19:06:00,32.45,51.78,70.58,8915.0,0,1
2026-05-05 19:07:00,32.17,52.95,70.49,8764.1,0,1
2026-05-05 19:08:00,32.04,52.28,70.69,8450.8,0,1
2026-05-05 19:09:00,32.12,53.28,71.34,8058.5,0,1
2026-05-05 19:10:00,31.94,52.43,70.42,8198.9,0,1
2026-05-05 19:11:00,31.89,52.32,70.35,7771.9,0,1
2026-05-05 19:12:00,31.84,52.73,69.92,7636.1,0,1
2026-05-05 19:13:00,31.61,53.86,70.07,7308.9,0,1
2026-05-05 19:14:00,31.87,52.14,70.33,7095.2,0,1
2026-05-05 19:15:00,31.71,53.89,70.08,6842.6,0,1
2026-05-05 19:16:00,30.92,53.03,69.81,6867.2,0,1
2026-05-05 19:17:00,31.65,52.51,69.86,6684.2,0,1
2026-05-05 19:18:00,31.19,51.29,69.28,6334.3,0,1
2026-05-05 19:19:00,31.4,52.83,69.39,6058.4,0,1
2026-05-05 19:20:00,30.87,52.64,69.0,5713.2,0,1
2026-05-05 19:21:00,31.09,54.34,69.29,5807.2,0,1
2026-05-05 19:22:00,31.09,54.29,68.69,5428.0,0,1
2026-05-05 19:23:00,31.26,54.89,68.43,5174.5,0,1
2026-05-05 19:24:00,30.93,55.89,68.08,5113.5,0,1
2026-05-05 19:25:00,30.48,54.33,67.94,4873.5,0,1
2026-05-05 19:26:00,30.85,53.13,68.52,4537.0,0,1
2026-05-05 19:27:00,30.82,54.61,68.87,4361.3,0,1
2026-05-05 19:28:00,31.03,53.3,68.63,4377.4,0,1
2026-05-05 19:29:00,30.85,53.28,68.4,4070.7,0,1
2026-05-05 19:30:00,30.57,54.38,68.76,4025.2,0,1
2026-05-05 19:31:00,30.78,53.4,68.23,3798.5,0,1
2026-05-05 19:32:00,31.12,56.11,68.23,3726.1,0,1
2026-05-05 19:33:00,30.9,53.63,67.95,3322.4,0,1
2026-05-05 19:34:00,30.08,55.06,67.86,3274.6,0,1
2026-05-05 19:35:00,31.12,54.6,68.19,3150.3,0,1
2026-05-05 19:36:00,30.74,56.79,67.89,2828.3,0,1
2026-05-05 19:37:00,30.79,53.82,68.29,2871.2,0,1
2026-05-05 19:38:00,29.97,53.0,69.22,2371.3,0,1
2026-05-05 19:39:00,30.19,54.84,69.45,2309.5,0,1
2026-05-05 19:40:00,30.39,52.61,69.37,2046.2,0,1
2026-05-05 19:41:00,29.91,54.71,69.83,2006.7,0,1
2026-05-05 19:42:00,30.27,56.62,69.31,1923.9,0,1
2026-05-05 19:43:00,30.49,53.55,69.93,1893.1,0,1
2026-05-05 19:44:00,29.95,54.02,69.56,1628.9,0,1
2026-05-05 19:45:00,30.41,55.66,70.45,1433.9,0,1
2026-05-05 19:46:00,30.1,54.79,70.09,1181.0,0,1
2026-05-05 19:47:00,29.41,57.48,70.32,1086.6,0,1
2026-05-05 19:48:00,29.61,55.41,69.6,1139.0,0,1
2026-05-05 19:49:00,30.05,55.91,69.46,1081.2,0,1
2026-05-05 19:50:00,29.46,54.1,68.96,803.4,0,1
2026-05-05 19:51:00,29.94,54.17,68.3,882.0,0,1
2026-05-05 19:52:00,29.77,55.3,68.8,510.7,0,1
2026-05-05 19:53:00,29.64,55.22,68.24,471.3,0,1
2026-05-05 19:54:00,29.37,59.09,67.9,380.9,0,1
2026-05-05 19:55:00,29.53,57.07,67.51,507.1,0,1
2026-05-05 19:56:00,29.83,56.63,67.99,252.8,0,1
2026-05-05 19:57:00,29.26,56.04,68.41,0.0,0,1
2026-05-05 19:58:00,29.45,54.29,68.93,203.9,0,1
2026-05-05 19:59:00,29.75,57.56,68.55,255.5,0,1
2026-05-05 20:00:00,29.26,54.29,69.11,0.0,0,1
2026-05-05 20:01:00,29.02,55.91,68.73,0.0,0,1
2026-05-05 20:02:00,28.97,57.33,68.37,103.7,0,1
2026-05-05 20:03:00,28.52,60.4,68.04,235.7,0,1
2026-05-05 20:04:00,28.69,59.12,67.73,101.8,0,1
2026-05-05 20:05:00,29.03,57.31,67.67,0.0,0,1
2026-05-05 20:06:00,29.13,58.99,67.3,108.7,0,1
2026-05-05 20:07:00,28.73,56.38,67.38,66.6,0,1
2026-05-05 20:08:00,29.03,57.1,66.24,0.0,0,1
2026-05-05 20:09:00,28.96,58.41,66.35,172.8,0,1
2026-05-05 20:10:00,28.49,55.63,65.88,70.7,0,1
2026-05-05 20:11:00,28.49,57.77,65.6,175.9,0,1
2026-05-05 20:12:00,28.25,58.18,65.33,0.0,0,1
2026-05-05 20:13:00,28.72,57.49,65.76,66.0,0,1
2026-05-05 20:14:00,28.48,56.07,65.98,0.0,0,1
2026-05-05 20:15:00,28.65,57.61,65.92,47.8,0,1
2026-05-05 20:16:00,28.36,57.84,65.62,177.3,1,1
2026-05-05 20:17:00,28.09,57.21,65.97,0.0,0,1
2026-05-05 20:18:00,28.47,58.28,66.75,0.0,0,1
2026-05-05 20:19:00,27.73,60.0,66.73,114.7,0,1
2026-05-05 20:20:00,28.09,57.03,66.03,0.0,0,1
2026-05-05 20:21:00,27.93,58.69,65.74,140.6,0,1
2026-05-05 20:22:00,28.45,59.02,65.99,0.0,0,1
2026-05-05 20:23:00,28.46,59.04,65.8,21.4,0,1
2026-05-05 20:24:00,28.08,57.71,65.44,97.8,0,1
2026-05-05 20:25:00,27.78,59.6,65.06,40.4,0,1
2026-05-05 20:26:00,28.3,57.29,65.12,0.0,0,1
2026-05-05 20:27:00,27.65,59.48,64.47,353.9,0,1
2026-05-05 20:28:00,27.42,57.92,64.49,40.7,0,1
2026-05-05 20:29:00,27.22,57.26,64.55,0.0,0,1
2026-05-05 20:30:00,27.7,59.06,64.38,52.9,0,1
2026-05-05 20:31:00,27.19,60.19,63.96,66.7,0,1
2026-05-05 20:32:00,27.93,58.95,64.43,134.5,0,1
2026-05-05 20:33:00,27.38,57.89,63.88,111.3,0,1
2026-05-05 20:34:00,27.15,56.22,63.99,0.0,0,1
2026-05-05 20:35:00,27.7,59.46,64.34,0.0,0,1
2026-05-05 20:36:00,27.59,60.32,64.44,55.4,0,1
2026-05-05 20:37:00,27.74,56.09,64.99,0.0,0,1
2026-05-05 20:38:00,26.85,59.24,64.52,145.8,0,1
2026-05-05 20:39:00,26.75,58.62,64.21,0.0,0,1
2026-05-05 20:40:00,27.57,58.9,64.04,76.2,0,1
2026-05-05 20:41:00,26.43,61.8,65.49,0.0,0,1
2026-05-05 20:42:00,26.78,59.43,65.72,0.0,0,1
2026-05-05 20:43:00,27.05,58.72,66.02,0.0,0,1
2026-05-05 20:44:00,26.66,60.35,66.3,85.9,0,1
2026-05-05 20:45:00,26.99,56.86,66.34,0.0,0,1
2026-05-05 20:46:00,26.61,60.96,66.78,92.2,0,1
2026-05-05 20:47:00,27.17,60.43,65.97,0.0,0,1
2026-05-05 20:48:00,26.98,59.43,66.09,0.0,0,1
2026-05-05 20:49:00,26.82,59.12,66.27,4.3,0,1
2026-05-05 20:50:00,26.62,59.6,66.71,18.5,0,1
2026-05-05 20:51:00,26.4,59.9,66.2,0.0,0,1
2026-05-05 20:52:00,26.58,59.92,65.73,84.5,0,1
2026-05-05 20:53:00,26.26,58.56,65.3,0.0,0,1
2026-05-05 20:54:00,27.0,59.89,65.53,65.3,0,1
2026-05-05 20:55:00,26.56,59.58,65.77,0.0,1,1
2026-05-05 20:56:00,26.21,60.52,65.36,70.4,0,1
2026-05-05 20:57:00,26.78,59.02,66.2,0.0,0,1
2026-05-05 20:58:00,26.33,60.79,66.32,0.0,0,1
2026-05-05 20:59:00,26.65,61.49,66.37,51.2,0,1
2026-05-05 21:00:00,26.59,60.22,66.27,0.0,0,1
2026-05-05 21:01:00,26.32,58.39,66.67,175.1,0,1
2026-05-05 21:02:00,25.85,61.02,66.83,8.1,0,1
2026-05-05 21:03:00,25.97,61.09,67.63,0.0,0,1
2026-05-05 21:04:00,26.97,59.37,67.08,0.0,0,1
2026-05-05 21:05:00,25.89,60.03,66.4,0.0,0,1
2026-05-05 21:06:00,25.92,60.85,66.07,128.8,0,1
2026-05-05 21:07:00,25.83,62.05,66.31,92.8,0,1
2026-05-05 21:08:00,25.67,60.91,66.11,0.0,0,1
2026-05-05 21:09:00,26.04,62.4,66.66,34.8,0,1
2026-05-05 21:10:00,25.48,60.74,66.48,0.0,0,1
2026-05-05 21:11:00,25.57,60.17,66.94,103.2,0,1
2026-05-05 21:12:00,25.81,60.78,66.56,62.4,0,1
2026-05-05 21:13:00,25.63,58.88,67.06,99.8,0,1
2026-05-05 21:14:00,25.69,61.22,67.63,0.0,0,1
2026-05-05 21:15:00,25.6,60.96,67.36,0.0,0,1
2026-05-05 21:16:00,25.28,62.63,67.55,95.6,0,1
2026-05-05 21:17:00,25.9,58.89,67.64,202.0,0,1
2026-05-05 21:18:00,25.78,62.03,67.84,148.5,0,1
2026-05-05 21:19:00,25.21,62.09,68.36,205.6,0,1
2026-05-05 21:20:00,25.53,63.36,68.74,35.3,0,1
2026-05-05 21:21:00,25.25,61.64,68.92,0.0,0,1
2026-05-05 21:22:00,25.61,61.76,69.16,0.0,0,1
2026-05-05 21:23:00,25.51,62.24,68.56,165.5,0,1
2026-05-05 21:24:00,25.58,58.95,68.5,0.0,0,1
2026-05-05 21:25:00,24.99,63.55,67.99,180.6,0,1
2026-05-05 21:26:00,24.85,62.25,67.95,0.0,0,1
2026-05-05 21:27:00,24.69,61.11,68.4,230.8,0,1
2026-05-05 21:28:00,25.79,61.01,68.35,0.0,0,1
2026-05-05 21:29:00,25.31,63.17,67.23,86.7,0,1
2026-05-05 21:30:00,25.36,61.28,66.76,286.2,0,1
2026-05-05 21:31:00,24.66,62.8,66.99,0.0,0,1
2026-05-05 21:32:00,25.14,59.6,66.74,0.0,0,1
2026-05-05 21:33:00,24.52,61.84,67.07,0.0,0,1
2026-05-05 21:34:00,25.03,63.0,66.53,0.0,0,1
2026-05-05 21:35:00,24.89,63.62,66.68,0.0,0,1
2026-05-05 21:36:00,24.78,62.75,66.85,0.0,0,1
2026-05-05 21:37:00,24.69,63.33,67.17,0.0,0,1
2026-05-05 21:38:00,25.09,61.59,66.87,0.0,0,1
2026-05-05 21:39:00,24.64,62.73,67.19,54.0,0,1
2026-05-05 21:40:00,25.08,60.81,67.82,0.0,0,1
2026-05-05 21:41:00,24.71,62.02,66.8,0.0,0,1
2026-05-05 21:42:00,24.78,62.47,66.81,185.7,1,1
2026-05-05 21:43:00,24.8,60.6,66.01,0.0,0,1
2026-05-05 21:44:00,24.75,65.0,65.64,248.8,0,1
2026-05-05 21:45:00,24.67,61.81,65.3,0.0,0,1
2026-05-05 21:46:00,25.13,62.27,65.28,41.1,0,1
2026-05-05 21:47:00,24.85,60.91,65.45,170.5,0,1
2026-05-05 21:48:00,23.91,60.1,65.84,207.1,0,1
2026-05-05 21:49:00,24.47,65.0,65.95,73.3,0,1
2026-05-05 21:50:00,24.87,62.45,66.24,0.0,0,1
2026-05-05 21:51:00,24.28,60.61,65.76,0.0,0,1
2026-05-05 21:52:00,24.46,61.73,66.22,0.0,0,1
2026-05-05 21:53:00,24.46,65.0,64.78,226.7,0,1
2026-05-05 21:54:00,24.82,63.03,65.46,0.0,0,1
2026-05-05 21:55:00,24.14,60.31,66.04,38.8,0,1
2026-05-05 21:56:00,24.16,62.77,66.36,0.0,0,1
2026-05-05 21:57:00,24.49,62.69,67.31,0.0,0,1
2026-05-05 21:58:00,24.43,63.62,66.5,3.2,0,1
2026-05-05 21:59:00,24.46,62.95,66.83,0.0,0,1
2026-05-05 22:00:00,24.39,60.97,66.86,0.0,0,1
2026-05-05 22:01:00,24.27,62.47,66.95,0.0,0,4
2026-05-05 22:02:00,24.42,61.92,66.43,6.7,1,1
2026-05-05 22:03:00,24.31,64.06,66.59,201.4,0,1
2026-05-05 22:04:00,24.19,62.69,66.72,0.0,0,1
2026-05-05 22:05:00,24.22,62.63,66.41,123.2,0,4
2026-05-05 22:06:00,24.08,63.17,66.36,0.0,0,1
2026-05-05 22:07:00,24.03,62.53,65.78,0.0,0,4
2026-05-05 22:08:00,24.33,64.95,65.61,0.0,0,1
2026-05-05 22:09:00,23.85,65.0,66.02,188.3,0,1
2026-05-05 22:10:00,24.33,64.54,66.44,150.6,0,1
2026-05-05 22:11:00,24.08,62.01,66.76,0.0,0,1
2026-05-05 22:12:00,24.11,63.87,67.15,79.9,0,1
2026-05-05 22:13:00,24.07,64.44,67.55,189.4,0,1
2026-05-05 22:14:00,24.23,62.04,67.24,208.0,0,1
2026-05-05 22:15:00,24.46,61.54,67.36,0.0,0,1
2026-05-05 22:16:00,24.53,61.66,67.8,0.0,0,4
2026-05-05 22:17:00,24.33,61.38,67.17,0.0,0,1
2026-05-05 22:18:00,24.08,64.75,66.55,112.6,0,1
2026-05-05 22:19:00,24.25,64.4,65.91,272.6,0,4
2026-05-05 22:20:00,23.53,63.87,65.14,0.0,0,1
2026-05-05 22:21:00,24.18,63.27,64.69,0.0,0,4
2026-05-05 22:22:00,24.11,62.62,64.47,287.9,0,1
2026-05-05 22:23:00,23.62,65.0,65.14,48.7,0,4
2026-05-05 22:24:00,23.85,63.29,64.96,0.0,0,1
2026-05-05 22:25:00,24.06,62.89,64.31,0.0,0,1
2026-05-05 22:26:00,24.07,63.34,64.4,120.0,0,1
2026-05-05 22:27:00,24.21,61.73,64.33,0.0,0,1
2026-05-05 22:28:00,24.38,63.39,64.01,114.3,0,1
2026-05-05 22:29:00,23.91,65.0,63.78,0.0,0,1
2026-05-05 22:30:00,23.66,63.87,64.27,0.0,0,4
2026-05-05 22:31:00,24.14,64.37,63.68,0.0,0,1
2026-05-05 22:32:00,24.25,60.9,62.99,0.0,0,1
2026-05-05 22:33:00,24.24,62.13,63.22,59.0,0,4
2026-05-05 22:34:00,24.03,63.68,62.99,115.7,0,1
2026-05-05 22:35:00,24.4,60.82,63.7,335.2,0,1
2026-05-05 22:36:00,23.83,64.24,63.66,0.0,0,1
2026-05-05 22:37:00,24.29,62.83,63.64,1.6,0,4
2026-05-05 22:38:00,23.59,64.53,64.01,0.0,0,1
2026-05-05 22:39:00,23.31,64.29,63.31,149.9,0,1
2026-05-05 22:40:00,23.57,64.0,63.48,156.4,0,1
2026-05-05 22:41:00,23.72,60.87,63.36,0.0,0,4
2026-05-05 22:42:00,23.85,62.5,63.83,268.2,0,1
2026-05-05 22:43:00,23.61,64.75,63.57,0.0,0,1
2026-05-05 22:44:00,23.87,62.08,63.68,123.6,0,1
2026-05-05 22:45:00,23.99,62.43,63.55,174.5,0,1
2026-05-05 22:46:00,23.91,63.2,63.75,0.0,0,4
2026-05-05 22:47:00,23.78,63.49,63.67,69.3,0,1
2026-05-05 22:48:00,24.11,64.3,63.81,0.0,0,4
2026-05-05 22:49:00,23.6,64.43,64.59,98.9,0,4
2026-05-05 22:50:00,23.74,63.18,64.48,0.0,0,1
2026-05-05 22:51:00,23.65,62.03,64.67,68.1,0,1
2026-05-05 22:52:00,23.95,65.0,65.66,90.6,0,4
2026-05-05 22:53:00,23.67,64.11,65.83,150.5,0,1
2026-05-05 22:54:00,23.87,64.88,64.77,123.0,0,1
2026-05-05 22:55:00,23.97,60.78,64.49,22.8,0,4
2026-05-05 22:56:00,23.63,63.67,63.99,0.0,0,1
2026-05-05 22:57:00,23.36,64.01,64.4,29.2,0,1
2026-05-05 22:58:00,23.69,63.47,64.38,0.0,0,1
2026-05-05 22:59:00,23.55,65.0,64.85,12.7,0,1
2026-05-05 23:00:00,23.58,63.87,65.12,3.3,0,1
2026-05-05 23:01:00,23.12,64.32,65.39,0.0,0,4
2026-05-05 23:02:00,23.32,64.53,64.86,0.0,0,4
2026-05-05 23:03:00,23.93,63.74,65.08,0.0,0,1
2026-05-05 23:04:00,23.49,62.87,65.68,0.0,0,1
2026-05-05 23:05:00,24.01,64.78,65.05,0.0,0,1
2026-05-05 23:06:00,23.53,63.56,64.92,65.3,0,4
2026-05-05 23:07:00,23.83,63.72,65.08,0.0,0,1
2026-05-05 23:08:00,23.64,65.0,65.12,28.4,0,1
2026-05-05 23:09:00,23.86,65.0,65.74,0.0,0,1
2026-05-05 23:10:00,23.63,64.68,66.05,0.0,0,1
2026-05-05 23:11:00,23.75,61.86,66.22,0.0,0,1
2026-05-05 23:12:00,24.0,63.26,66.56,126.1,0,4
2026-05-05 23:13:00,23.8,65.0,66.87,0.0,0,1
2026-05-05 23:14:00,23.51,64.01,66.86,9.5,0,4
2026-05-05 23:15:00,23.21,65.0,66.68,41.6,0,4
2026-05-05 23:16:00,23.65,65.0,67.09,0.0,0,4
2026-05-05 23:17:00,23.78,63.06,66.74,121.0,0,1
2026-05-05 23:18:00,23.71,65.0,66.69,48.5,0,1
2026-05-05 23:19:00,23.45,64.89,66.17,0.0,0,1
2026-05-05 23:20:00,23.7,63.98,66.47,283.6,1,1
2026-05-05 23:21:00,23.83,63.65,66.99,121.5,1,4
2026-05-05 23:22:00,24.01,62.18,66.56,0.0,0,1
2026-05-05 23:23:00,23.6,63.21,66.47,0.0,0,1
2026-05-05 23:24:00,24.27,62.0,66.25,296.0,0,1
2026-05-05 23:25:00,24.02,65.0,66.7,0.0,0,1
2026-05-05 23:26:00,23.69,65.0,67.29,8.0,0,1
2026-05-05 23:27:00,23.71,62.79,67.05,147.7,0,1
2026-05-05 23:28:00,23.99,65.0,65.69,78.3,0,4
2026-05-05 23:29:00,23.4,65.0,66.18,95.6,0,1
2026-05-05 23:30:00,23.44,63.61,66.19,88.5,0,1
2026-05-05 23:31:00,23.32,65.0,66.2,3.0,0,1
2026-05-05 23:32:00,23.57,63.38,66.6,0.0,0,4
2026-05-05 23:33:00,23.42,65.0,66.42,76.9,0,1
2026-05-05 23:34:00,23.54,64.83,66.13,0.0,0,1
2026-05-05 23:35:00,23.62,63.62,65.97,0.0,0,1
2026-05-05 23:36:00,23.28,63.12,66.17,202.6,0,1
2026-05-05 23:37:00,23.97,63.57,66.53,0.0,0,1
2026-05-05 23:38:00,23.92,64.3,67.22,229.4,0,1
2026-05-05 23:39:00,23.51,65.0,67.36,55.5,0,4
2026-05-05 23:40:00,23.99,64.37,67.27,5.6,0,1
2026-05-05 23:41:00,23.72,65.0,67.62,0.0,0,1
2026-05-05 23:42:00,23.89,62.85,67.16,254.4,0,1
2026-05-05 23:43:00,23.28,62.23,67.75,0.0,0,1
2026-05-05 23:44:00,23.53,62.22,67.8,0.0,0,1
2026-05-05 23:45:00,23.78,63.56,67.66,118.5,0,1
2026-05-05 23:46:00,23.58,63.27,67.21,0.0,0,1
2026-05-05 23:47:00,23.57,64.05,67.45,0.0,0,4
2026-05-05 23:48:00,23.59,65.0,67.3,111.7,0,1
2026-05-05 23:49:00,23.71,64.76,67.23,0.0,1,1
2026-05-05 23:50:00,23.64,61.29,66.48,0.0,0,1
2026-05-05 23:51:00,24.0,65.0,66.27,0.0,0,1
2026-05-05 23:52:00,23.37,64.96,66.01,102.3,0,1
2026-05-05 23:53:00,23.64,64.46,66.18,268.8,0,1
2026-05-05 23:54:00,23.79,63.72,66.05,0.0,0,1
2026-05-05 23:55:00,23.3,64.24,64.89,55.2,0,1
2026-05-05 23:56:00,23.53,65.0,64.72,329.8,0,1
2026-05-05 23:57:00,23.66,62.91,64.1,0.6,0,1
2026-05-05 23:58:00,23.99,63.99,63.67,56.2,0,1
2026-05-05 23:59:00,23.64,65.0,64.12,0.0,0,1
2026-05-06 00:00:00,23.8,64.11,63.41,235.1,0,1
2026-05-06 00:01:00,23.81,64.48,63.56,0.0,0,1
2026-05-06 00:02:00,22.92,63.43,63.37,32.2,0,1
2026-05-06 00:03:00,23.63,65.0,63.09,28.8,0,4
2026-05-06 00:04:00,23.5,64.75,62.7,10.2,0,1
2026-05-06 00:05:00,23.98,63.51,62.88,0.0,0,1
2026-05-06 00:06:00,23.78,64.78,63.1,29.0,0,1
2026-05-06 00:07:00,23.82,62.48,62.39,210.9,0,4
2026-05-06 00:08:00,23.73,65.0,62.93,273.7,0,1
2026-05-06 00:09:00,23.62,65.0,62.45,0.0,0,1
2026-05-06 00:10:00,23.81,63.15,62.66,0.0,0,1
2026-05-06 00:11:00,23.59,65.0,62.19,0.0,0,1
2026-05-06 00:12:00,23.92,63.54,62.03,322.3,0,1
2026-05-06 00:13:00,23.33,63.06,61.53,15.5,0,1
2026-05-06 00:14:00,23.85,65.0,61.36,133.8,0,4
2026-05-06 00:15:00,23.5,63.95,61.33,83.6,0,1
2026-05-06 00:16:00,23.76,64.66,60.89,265.0,0,1
2026-05-06 00:17:00,23.2,65.0,61.09,0.0,0,4
2026-05-06 00:18:00,23.66,64.71,61.34,0.0,0,1
2026-05-06 00:19:00,23.55,64.47,62.57,223.1,0,1
2026-05-06 00:20:00,23.58,63.04,63.01,108.4,0,4
2026-05-06 00:21:00,23.15,63.64,63.55,54.8,0,1
2026-05-06 00:22:00,23.6,64.0,62.81,184.2,0,1
2026-05-06 00:23:00,23.62,63.67,62.0,61.6,0,1
2026-05-06 00:24:00,23.14,65.0,61.92,188.4,0,1
2026-05-06 00:25:00,23.3,63.27,62.74,29.6,0,1
2026-05-06 00:26:00,23.63,63.19,63.84,108.2,0,1
2026-05-06 00:27:00,23.69,63.85,63.57,63.2,0,1
2026-05-06 00:28:00,23.57,64.31,63.34,0.0,0,1
2026-05-06 00:29:00,23.6,64.24,63.6,0.0,0,1
2026-05-06 00:30:00,23.59,63.94,63.54,0.0,0,1
2026-05-06 00:31:00,23.45,63.43,63.49,31.9,0,1
2026-05-06 00:32:00,23.54,64.94,63.79,0.0,0,4
2026-05-06 00:33:00,23.23,65.0,64.98,52.3,0,1
2026-05-06 00:34:00,23.43,64.77,65.54,48.2,0,1
2026-05-06 00:35:00,23.57,63.51,66.34,24.6,0,1
2026-05-06 00:36:00,23.89,61.46,65.53,26.7,0,1
2026-05-06 00:37:00,23.55,65.0,65.99,0.0,0,1
2026-05-06 00:38:00,24.09,63.26,65.57,0.0,0,1
2026-05-06 00:39:00,24.06,65.0,66.28,0.0,0,1
2026-05-06 00:40:00,23.6,65.0,66.85,0.0,0,1
2026-05-06 00:41:00,23.47,65.0,67.09,0.0,0,1
2026-05-06 00:42:00,24.14,64.54,66.74,12.0,0,1
2026-05-06 00:43:00,23.76,64.98,66.51,0.0,0,1
2026-05-06 00:44:00,23.69,63.77,66.31,0.0,0,1
2026-05-06 00:45:00,23.4,63.07,66.62,286.6,0,1
2026-05-06 00:46:00,23.47,65.0,66.78,0.0,0,1
2026-05-06 00:47:00,23.33,62.71,67.36,190.0,0,1
2026-05-06 00:48:00,23.95,63.2,68.02,0.0,0,1
2026-05-06 00:49:00,23.7,63.25,67.62,220.1,1,1
2026-05-06 00:50:00,23.5,64.99,67.78,0.0,0,4
2026-05-06 00:51:00,23.46,64.64,67.94,37.4,0,1
2026-05-06 00:52:00,23.33,63.77,67.86,0.0,0,1
2026-05-06 00:53:00,23.56,63.71,68.23,328.4,0,1
2026-05-06 00:54:00,23.62,65.0,68.39,0.0,0,1
2026-05-06 00:55:00,23.01,64.04,68.1,99.4,0,1
2026-05-06 00:56:00,23.34,64.31,67.99,54.1,0,1
2026-05-06 00:57:00,23.41,65.0,67.8,0.0,0,1
2026-05-06 00:58:00,23.85,63.89,67.44,62.1,0,1
2026-05-06 00:59:00,23.44,65.0,67.37,163.1,0,1
2026-05-06 01:00:00,23.13,65.0,66.78,80.2,0,4
2026-05-06 01:01:00,23.31,65.0,66.96,19.5,0,1
2026-05-06 01:02:00,24.01,63.64,67.54,62.3,0,1
2026-05-06 01:03:00,23.49,64.8,67.52,229.8,0,1
2026-05-06 01:04:00,23.32,64.8,67.89,0.0,0,1
2026-05-06 01:05:00,23.17,63.69,67.92,0.0,0,4
2026-05-06 01:06:00,23.59,64.41,67.44,0.0,0,1
2026-05-06 01:07:00,23.62,62.16,68.27,0.0,0,1
2026-05-06 01:08:00,23.69,64.48,67.18,0.0,0,1
2026-05-06 01:09:00,24.27,60.67,67.15,0.0,0,1
2026-05-06 01:10:00,23.28,63.43,66.79,0.0,0,1
2026-05-06 01:11:00,23.49,65.0,67.44,29.7,0,1
2026-05-06 01:12:00,23.66,64.64,67.5,28.4,1,4
2026-05-06 01:13:00,23.48,64.31,68.57,0.0,0,1
2026-05-06 01:14:00,23.07,64.36,68.53,119.3,0,1
2026-05-06 01:15:00,23.71,62.96,68.15,64.1,0,1
2026-05-06 01:16:00,23.43,63.72,67.37,189.8,0,1
2026-05-06 01:17:00,23.32,65.0,67.81,101.6,0,1
2026-05-06 01:18:00,23.36,64.19,67.41,0.0,0,1
2026-05-06 01:19:00,23.97,61.13,67.2,156.7,0,1
2026-05-06 01:20:00,23.91,62.25,67.7,32.8,0,1
2026-05-06 01:21:00,23.31,63.59,68.11,95.8,0,1
2026-05-06 01:22:00,23.15,64.47,67.8,86.5,0,1
2026-05-06 01:23:00,23.81,63.51,67.57,0.0,0,1
2026-05-06 01:24:00,24.1,62.19,66.77,12.4,0,4
2026-05-06 01:25:00,24.17,64.1,65.86,0.0,0,4
2026-05-06 01:26:00,23.23,62.3,66.18,0.0,0,1
2026-05-06 01:27:00,23.93,62.81,66.54,0.0,0,1
2026-05-06 01:28:00,23.59,65.0,66.67,0.0,0,1
2026-05-06 01:29:00,23.11,65.0,66.73,23.9,1,1
2026-05-06 01:30:00,23.37,64.15,66.4,130.3,0,4
2026-05-06 01:31:00,23.39,65.0,67.01,95.5,0,4
2026-05-06 01:32:00,23.71,64.32,66.22,0.0,0,1
2026-05-06 01:33:00,23.25,64.74,66.0,0.0,0,1
2026-05-06 01:34:00,23.83,64.57,66.05,0.0,0,1
2026-05-06 01:35:00,23.71,64.5,66.04,0.0,0,1
2026-05-06 01:36:00,23.84,65.0,66.02,0.0,0,1
2026-05-06 01:37:00,23.42,64.07,65.79,0.0,0,4
2026-05-06 01:38:00,23.69,63.74,66.01,165.0,0,4
2026-05-06 01:39:00,23.33,64.77,65.47,222.9,0,1
2026-05-06 01:40:00,23.76,63.96,65.4,90.5,0,1
2026-05-06 01:41:00,23.53,65.0,65.58,0.0,0,1
2026-05-06 01:42:00,23.55,64.85,65.43,0.0,0,1
2026-05-06 01:43:00,23.58,63.32,65.43,0.0,0,4
2026-05-06 01:44:00,23.15,63.0,65.52,89.9,0,4
2026-05-06 01:45:00,23.89,65.0,64.75,116.1,0,1
2026-05-06 01:46:00,23.61,63.7,64.04,99.2,0,1
2026-05-06 01:47:00,23.89,64.16,64.11,161.7,0,4
2026-05-06 01:48:00,23.87,63.77,63.86,249.7,0,4
2026-05-06 01:49:00,23.38,65.0,63.65,0.0,0,1
2026-05-06 01:50:00,23.52,63.61,63.91,353.2,0,4
2026-05-06 01:51:00,23.2,64.87,63.5,0.0,0,4
2026-05-06 01:52:00,23.89,63.1,62.49,0.0,0,1
2026-05-06 01:53:00,23.67,65.0,63.24,40.5,0,1
2026-05-06 01:54:00,23.63,63.21,63.79,65.9,0,1
2026-05-06 01:55:00,23.51,64.95,64.33,0.0,0,1
2026-05-06 01:56:00,23.34,65.0,63.85,0.0,0,1
2026-05-06 01:57:00,23.9,65.0,63.84,264.3,0,4
2026-05-06 01:58:00,24.08,63.46,63.31,0.0,0,1
2026-05-06 01:59:00,23.91,63.92,63.31,0.0,0,1
2026-05-06 02:00:00,23.54,63.27,63.19,202.9,0,1
2026-05-06 02:01:00,23.68,65.0,62.75,101.9,0,1
2026-05-06 02:02:00,23.85,63.54,63.0,131.4,0,4
2026-05-06 02:03:00,23.6,64.07,62.92,23.5,0,1
2026-05-06 02:04:00,24.06,62.46,63.7,0.0,0,1
2026-05-06 02:05:00,23.89,63.38,63.76,10.2,0,4
2026-05-06 02:06:00,24.27,63.3,62.68,0.0,0,4
2026-05-06 02:07:00,23.63,65.0,61.93,29.1,0,1
2026-05-06 02:08:00,22.97,65.0,62.88,78.4,1,1
2026-05-06 02:09:00,23.59,65.0,62.76,129.1,0,1
2026-05-06 02:10:00,23.48,61.59,62.9,0.0,0,1
2026-05-06 02:11:00,23.62,65.0,62.93,111.1,0,1
2026-05-06 02:12:00,24.02,61.97,63.58,0.0,0,1
2026-05-06 02:13:00,23.43,65.0,62.78,137.3,0,1
2026-05-06 02:14:00,23.36,60.77,63.38,102.2,0,4
2026-05-06 02:15:00,23.41,64.51,63.95,0.0,0,1
2026-05-06 02:16:00,24.1,64.59,63.97,101.4,0,1
2026-05-06 02:17:00,23.45,63.36,64.17,168.6,0,1
2026-05-06 02:18:00,23.63,64.16,64.02,47.2,0,1
2026-05-06 02:19:00,24.02,64.68,63.31,0.0,0,1
2026-05-06 02:20:00,23.73,64.86,63.59,59.1,0,1
2026-05-06 02:21:00,23.0,63.13,63.72,82.8,0,1
2026-05-06 02:22:00,23.44,65.0,63.85,0.0,0,1
2026-05-06 02:23:00,23.4,65.0,64.08,0.0,0,1
2026-05-06 02:24:00,23.12,65.0,63.83,95.4,0,1
2026-05-06 02:25:00,23.44,62.91,64.49,115.1,0,1
2026-05-06 02:26:00,22.88,63.87,64.51,274.2,0,1
2026-05-06 02:27:00,23.64,64.2,64.75,96.1,0,1
2026-05-06 02:28:00,23.56,64.92,64.64,0.0,0,1
2026-05-06 02:29:00,23.38,65.0,65.09,282.7,0,1
2026-05-06 02:30:00,23.1,63.91,65.14,164.6,0,1
2026-05-06 02:31:00,23.9,63.65,65.1,0.0,0,1
2026-05-06 02:32:00,23.41,63.45,65.62,0.0,0,1
2026-05-06 02:33:00,23.82,62.64,64.87,0.0,0,4
2026-05-06 02:34:00,23.52,64.76,64.75,122.3,0,1
2026-05-06 02:35:00,23.91,63.63,64.49,0.0,0,1
2026-05-06 02:36:00,23.69,64.58,64.66,7.4,0,1
2026-05-06 02:37:00,23.57,63.51,64.8,115.4,0,1
2026-05-06 02:38:00,23.34,65.0,64.8,0.0,0,1
2026-05-06 02:39:00,23.87,62.43,64.5,110.8,0,4
2026-05-06 02:40:00,23.49,63.76,64.5,125.2,0,4
2026-05-06 02:41:00,23.34,63.2,64.64,0.0,0,1
2026-05-06 02:42:00,23.5,64.64,64.57,0.0,0,1
2026-05-06 02:43:00,23.53,65.0,65.06,0.0,0,1
2026-05-06 02:44:00,23.76,64.38,65.32,0.0,0,4
2026-05-06 02:45:00,23.07,64.78,65.33,0.0,0,1
2026-05-06 02:46:00,24.14,63.17,64.31,64.7,0,1
2026-05-06 02:47:00,23.66,63.38,64.23,0.0,0,1
2026-05-06 02:48:00,23.54,65.0,64.51,155.0,0,1
2026-05-06 02:49:00,23.65,64.58,64.4,29.5,0,1
2026-05-06 02:50:00,23.16,62.77,64.54,48.4,0,1
2026-05-06 02:51:00,23.57,65.0,64.45,0.0,0,1
2026-05-06 02:52:00,23.7,62.97,64.56,106.3,0,1
2026-05-06 02:53:00,23.47,63.56,65.17,172.0,0,4
2026-05-06 02:54:00,23.67,64.54,65.51,0.0,0,4
2026-05-06 02:55:00,23.74,63.25,64.94,91.3,0,1
2026-05-06 02:56:00,23.36,65.0,64.23,92.6,0,1
2026-05-06 02:57:00,23.85,63.52,64.43,50.1,0,1
2026-05-06 02:58:00,23.52,65.0,64.95,201.2,0,1
2026-05-06 02:59:00,24.02,61.72,64.23,0.0,0,1
2026-05-06 03:00:00,23.87,63.05,64.15,0.0,1,1
2026-05-06 03:01:00,23.64,63.95,65.19,0.0,0,1
2026-05-06 03:02:00,23.34,65.0,65.07,87.0,0,1
2026-05-06 03:03:00,23.51,62.99,66.16,0.0,0,1
2026-05-06 03:04:00,23.79,65.0,65.79,0.0,0,4
2026-05-06 03:05:00,23.4,64.6,65.5,222.8,0,1
2026-05-06 03:06:00,23.65,64.49,65.19,240.4,0,1
2026-05-06 03:07:00,23.67,63.16,64.64,0.0,0,1
2026-05-06 03:08:00,23.51,63.13,63.91,0.0,0,1
2026-05-06 03:09:00,23.33,61.92,63.83,246.9,0,1
2026-05-06 03:10:00,23.94,64.05,63.91,79.7,0,1
2026-05-06 03:11:00,23.65,64.84,63.62,73.7,0,1
2026-05-06 03:12:00,23.46,63.92,63.44,35.8,0,1
2026-05-06 03:13:00,23.34,62.63,64.09,0.0,0,1
2026-05-06 03:14:00,23.76,63.27,64.52,0.0,0,1
2026-05-06 03:15:00,23.51,64.73,64.42,81.3,1,1
2026-05-06 03:16:00,23.78,64.14,64.61,0.0,0,4
2026-05-06 03:17:00,23.3,65.0,63.91,52.0,0,4
2026-05-06 03:18:00,23.6,62.21,64.04,1.6,0,1
2026-05-06 03:19:00,23.41,63.94,64.03,0.0,0,1
2026-05-06 03:20:00,23.96,63.53,63.89,210.6,0,1
2026-05-06 03:21:00,23.62,64.9,63.92,87.3,1,1
2026-05-06 03:22:00,23.27,63.89,63.88,55.7,0,1
2026-05-06 03:23:00,23.76,64.58,63.33,82.7,0,1
2026-05-06 03:24:00,23.83,62.7,64.08,0.0,0,1
2026-05-06 03:25:00,23.43,64.65,64.5,0.0,0,1
2026-05-06 03:26:00,23.32,64.21,64.34,0.0,0,1
2026-05-06 03:27:00,22.97,64.63,63.6,31.0,0,1
2026-05-06 03:28:00,23.79,65.0,62.56,55.2,0,1
2026-05-06 03:29:00,23.08,64.49,63.46,35.3,0,1
2026-05-06 03:30:00,23.5,63.79,63.41,159.8,0,1
2026-05-06 03:31:00,23.08,63.18,63.76,0.0,1,1
2026-05-06 03:32:00,23.96,64.84,63.37,0.0,0,4
2026-05-06 03:33:00,23.84,63.17,63.26,68.0,0,1
2026-05-06 03:34:00,23.58,64.14,63.18,72.4,0,4
2026-05-06 03:35:00,23.77,62.91,63.31,0.0,0,1
2026-05-06 03:36:00,23.47,64.84,63.38,184.3,0,1
2026-05-06 03:37:00,23.3,65.0,63.0,225.9,0,1
2026-05-06 03:38:00,23.09,65.0,62.63,91.8,0,1
2026-05-06 03:39:00,23.7,63.88,62.63,0.0,0,1
2026-05-06 03:40:00,23.25,63.94,61.91,41.6,0,1
2026-05-06 03:41:00,24.13,62.63,61.6,63.2,0,1
2026-05-06 03:42:00,23.22,64.72,61.59,0.0,0,1
2026-05-06 03:43:00,23.75,64.26,61.81,184.1,0,1
2026-05-06 03:44:00,23.81,64.52,62.51,0.0,0,1
2026-05-06 03:45:00,23.16,63.77,62.34,252.5,0,1
2026-05-06 03:46:00,23.38,64.64,62.4,94.0,0,1
2026-05-06 03:47:00,23.43,63.18,61.63,33.1,0,4
2026-05-06 03:48:00,24.35,62.95,61.83,110.5,0,1
2026-05-06 03:49:00,23.42,65.0,61.48,183.7,0,1
2026-05-06 03:50:00,23.2,64.45,61.4,107.9,0,1
2026-05-06 03:51:00,23.6,63.1,61.66,0.0,0,1
2026-05-06 03:52:00,23.21,65.0,61.94,0.0,0,4
2026-05-06 03:53:00,23.46,65.0,61.36,0.0,0,1
2026-05-06 03:54:00,23.36,63.58,61.76,0.0,0,1
2026-05-06 03:55:00,23.6,62.54,61.79,42.0,0,1
2026-05-06 03:56:00,23.33,63.57,62.38,0.0,0,1
2026-05-06 03:57:00,23.29,64.06,63.05,0.0,0,1
2026-05-06 03:58:00,23.73,65.0,63.78,144.6,0,4
2026-05-06 03:59:00,23.53,62.57,63.18,7.7,0,4
2026-05-06 04:00:00,23.47,62.31,63.38,248.6,1,1
2026-05-06 04:01:00,22.98,65.0,62.73,0.0,0,1
2026-05-06 04:02:00,23.61,63.29,63.32,0.0,0,1
2026-05-06 04:03:00,23.34,63.34,63.97,0.0,0,1
2026-05-06 04:04:00,23.52,65.0,64.41,86.7,0,1
2026-05-06 04:05:00,22.99,65.0,64.23,138.2,0,1
2026-05-06 04:06:00,23.52,65.0,64.48,0.0,0,1
2026-05-06 04:07:00,23.5,65.0,64.25,0.0,0,1
2026-05-06 04:08:00,23.39,63.0,64.27,183.6,0,1
2026-05-06 04:09:00,23.23,62.67,64.24,0.0,0,4
2026-05-06 04:10:00,23.74,65.0,63.39,121.2,0,1
2026-05-06 04:11:00,23.26,64.49,63.07,0.0,0,1
2026-05-06 04:12:00,23.67,65.0,64.07,47.7,0,1
2026-05-06 04:13:00,23.71,65.0,64.05,129.2,0,1
2026-05-06 04:14:00,23.24,65.0,64.14,57.2,0,1
2026-05-06 04:15:00,23.63,62.99,64.14,0.0,0,1
2026-05-06 04:16:00,23.33,64.43,63.98,167.5,0,1
2026-05-06 04:17:00,23.6,65.0,64.01,34.7,0,1
2026-05-06 04:18:00,23.2,64.61,63.85,462.9,0,1
2026-05-06 04:19:00,23.41,64.49,62.88,0.0,0,1
2026-05-06 04:20:00,23.46,64.65,63.26,0.0,0,1
2026-05-06 04:21:00,23.43,63.53,63.98,162.2,0,1
2026-05-06 04:22:00,23.53,63.2,63.49,39.1,0,1
2026-05-06 04:23:00,23.23,64.46,63.34,138.0,0,1
2026-05-06 04:24:00,23.29,64.09,64.01,0.0,0,1
2026-05-06 04:25:00,23.61,63.1,63.69,49.4,0,4
2026-05-06 04:26:00,23.33,64.39,63.88,97.7,0,1
2026-05-06 04:27:00,23.3,63.01,65.76,0.0,0,1
2026-05-06 04:28:00,23.22,65.0,66.02,49.7,0,4
2026-05-06 04:29:00,23.31,65.0,66.04,0.0,0,1
2026-05-06 04:30:00,23.17,65.0,66.4,69.2,0,1
2026-05-06 04:31:00,23.61,63.15,66.72,173.5,0,4
2026-05-06 04:32:00,23.31,63.41,66.41,0.0,0,1
2026-05-06 04:33:00,23.15,65.0,65.64,0.0,0,1
2026-05-06 04:34:00,23.37,64.24,65.88,142.8,0,4
2026-05-06 04:35:00,23.07,65.0,66.19,0.0,0,1
2026-05-06 04:36:00,23.21,63.33,66.05,100.9,0,1
2026-05-06 04:37:00,23.76,63.59,66.74,28.1,0,1
2026-05-06 04:38:00,23.15,65.0,67.34,0.0,0,1
2026-05-06 04:39:00,23.39,64.62,67.64,197.4,0,1
2026-05-06 04:40:00,23.97,63.34,67.48,132.8,0,1
2026-05-06 04:41:00,23.48,65.0,66.54,55.0,0,1
2026-05-06 04:42:00,23.29,64.97,66.44,0.0,0,1
2026-05-06 04:43:00,22.92,65.0,65.63,106.9,0,1
2026-05-06 04:44:00,23.46,64.4,64.6,0.0,0,1
2026-05-06 04:45:00,23.23,65.0,64.89,0.0,0,1
2026-05-06 04:46:00,23.56,64.06,65.39,22.3,0,1
2026-05-06 04:47:00,23.25,63.46,64.55,227.7,0,1
2026-05-06 04:48:00,23.49,64.82,64.44,0.0,0,1
2026-05-06 04:49:00,23.78,62.15,64.45,0.0,0,1
2026-05-06 04:50:00,23.59,65.0,64.33,200.1,0,1
2026-05-06 04:51:00,23.09,63.3,63.74,110.8,0,1
2026-05-06 04:52:00,23.44,63.32,64.34,136.0,0,1
2026-05-06 04:53:00,23.66,62.92,63.76,223.0,0,4
2026-05-06 04:54:00,23.04,65.0,62.94,251.2,0,1
2026-05-06 04:55:00,23.84,62.48,62.38,0.0,0,1
2026-05-06 04:56:00,23.45,64.98,62.63,0.0,0,1
2026-05-06 04:57:00,23.56,63.41,62.55,145.5,0,1
2026-05-06 04:58:00,23.33,64.4,62.25,0.0,0,1
2026-05-06 04:59:00,23.43,63.76,62.52,0.1,0,1
2026-05-06 05:00:00,23.19,65.0,62.7,0.0,0,1
2026-05-06 05:01:00,23.8,61.88,61.74,90.8,0,1
2026-05-06 05:02:00,23.86,64.38,62.01,48.3,0,1
2026-05-06 05:03:00,23.95,63.66,62.57,0.0,0,1
2026-05-06 05:04:00,22.97,64.1,62.55,0.0,0,1
2026-05-06 05:05:00,23.49,64.78,62.49,145.1,0,1
2026-05-06 05:06:00,23.52,63.12,63.34,30.7,1,1
2026-05-06 05:07:00,23.23,63.38,63.06,134.1,0,1
2026-05-06 05:08:00,23.5,62.92,63.02,0.0,0,4
2026-05-06 05:09:00,23.05,65.0,63.19,6.8,0,1
2026-05-06 05:10:00,23.78,63.19,63.24,0.0,0,4
2026-05-06 05:11:00,23.03,63.92,63.15,4.3,0,1
2026-05-06 05:12:00,23.47,64.75,63.22,113.2,0,1
2026-05-06 05:13:00,23.6,65.0,63.92,44.4,0,1
2026-05-06 05:14:00,23.26,62.94,64.29,2.2,0,1
2026-05-06 05:15:00,23.75,64.35,64.26,1.5,1,1
2026-05-06 05:16:00,22.95,65.0,63.9,0.0,0,1
2026-05-06 05:17:00,23.4,65.0,63.6,0.0,0,4
2026-05-06 05:18:00,22.98,64.68,64.04,153.6,0,4
2026-05-06 05:19:00,23.21,65.0,63.36,0.0,0,1
2026-05-06 05:20:00,23.28,65.0,64.42,155.9,0,1
2026-05-06 05:21:00,23.26,62.38,64.42,118.2,0,1
2026-05-06 05:22:00,23.72,64.35,63.83,124.5,0,1
2026-05-06 05:23:00,23.11,64.83,63.93,59.0,0,1
2026-05-06 05:24:00,23.01,65.0,63.6,0.0,0,1
2026-05-06 05:25:00,23.29,65.0,63.44,0.9,0,1
2026-05-06 05:26:00,23.43,63.23,62.81,76.8,0,1
2026-05-06 05:27:00,23.53,65.0,62.74,0.0,0,4
2026-05-06 05:28:00,23.69,63.88,61.86,149.3,0,1
2026-05-06 05:29:00,22.87,64.34,61.65,0.0,0,1
2026-05-06 05:30:00,23.83,65.0,61.34,0.0,0,1
2026-05-06 05:31:00,23.2,64.15,61.18,0.0,0,1
2026-05-06 05:32:00,23.33,64.57,60.91,0.0,0,4
2026-05-06 05:33:00,23.41,64.34,60.99,0.0,0,4
2026-05-06 05:34:00,22.86,65.0,61.43,18.2,0,1
2026-05-06 05:35:00,23.3,65.0,61.64,71.3,0,1
2026-05-06 05:36:00,23.65,65.0,62.25,0.0,0,1
2026-05-06 05:37:00,23.56,65.0,62.08,0.0,0,1
2026-05-06 05:38:00,23.28,62.58,62.26,107.5,0,4
2026-05-06 05:39:00,23.46,65.0,62.46,85.2,0,1
2026-05-06 05:40:00,23.52,64.99,62.99,35.8,0,1
2026-05-06 05:41:00,23.34,65.0,62.71,0.0,0,1
2026-05-06 05:42:00,23.53,63.9,63.08,85.9,0,1
2026-05-06 05:43:00,23.2,64.7,62.74,0.0,0,4
2026-05-06 05:44:00,23.17,65.0,62.53,0.0,0,1
2026-05-06 05:45:00,23.33,65.0,62.41,0.0,0,4
2026-05-06 05:46:00,22.8,65.0,62.65,0.0,0,1
2026-05-06 05:47:00,23.58,62.69,62.21,0.0,0,1
2026-05-06 05:48:00,23.42,65.0,61.85,90.7,0,1
2026-05-06 05:49:00,23.35,64.29,61.62,52.0,0,4
2026-05-06 05:50:00,23.6,62.89,61.69,0.0,0,1
2026-05-06 05:51:00,23.5,64.14,61.86,153.5,0,2
2026-05-06 05:52:00,23.67,64.64,62.35,0.0,0,2
2026-05-06 05:53:00,23.8,65.0,62.55,18.4,0,2
2026-05-06 05:54:00,23.49,63.74,63.22,0.0,0,2
2026-05-06 05:55:00,23.22,64.16,63.61,111.7,0,2
2026-05-06 05:56:00,23.58,64.06,64.8,99.9,0,2
2026-05-06 05:57:00,23.22,65.0,65.31,178.9,0,2
2026-05-06 05:58:00,23.21,65.0,65.35,32.6,0,2
2026-05-06 05:59:00,23.33,65.0,65.61,0.0,0,2
2026-05-06 06:00:00,23.69,64.67,66.07,0.0,1,2
2026-05-06 06:01:00,23.59,63.8,66.3,221.8,1,2
2026-05-06 06:02:00,23.62,65.0,67.47,50.7,1,2
2026-05-06 06:03:00,23.43,63.21,67.92,0.0,1,2
2026-05-06 06:04:00,23.54,64.82,68.13,290.7,1,2
2026-05-06 06:05:00,23.55,61.79,68.58,386.5,1,2
2026-05-06 06:06:00,23.23,62.72,68.58,330.4,1,2
2026-05-06 06:07:00,23.54,61.92,69.57,488.6,1,2
2026-05-06 06:08:00,23.4,65.0,70.5,523.0,1,3
2026-05-06 06:09:00,23.3,64.4,71.03,799.4,0,3
2026-05-06 06:10:00,23.31,62.95,71.76,860.5,0,3
2026-05-06 06:11:00,23.26,65.0,72.01,835.6,1,3
2026-05-06 06:12:00,23.33,63.61,71.7,1100.6,1,3
2026-05-06 06:13:00,23.39,65.0,71.92,1144.3,0,3
2026-05-06 06:14:00,23.56,63.27,72.35,1542.2,0,3
2026-05-06 06:15:00,23.77,64.87,71.82,1612.6,0,3
2026-05-06 06:16:00,23.54,64.23,71.83,1632.9,0,3
2026-05-06 06:17:00,23.42,63.51,71.87,1803.0,0,3
2026-05-06 06:18:00,22.89,63.55,71.91,2064.1,0,3
2026-05-06 06:19:00,24.0,62.75,73.15,2074.2,0,3
2026-05-06 06:20:00,23.22,63.49,73.75,2341.7,0,3
2026-05-06 06:21:00,23.22,62.57,74.12,2586.7,0,3
2026-05-06 06:22:00,23.71,64.89,74.29,2512.3,0,3
2026-05-06 06:23:00,23.12,65.0,74.7,2933.5,0,3
2026-05-06 06:24:00,23.48,63.51,74.65,3066.1,0,3
2026-05-06 06:25:00,23.27,62.12,75.24,3103.6,0,3
2026-05-06 06:26:00,23.33,64.98,74.64,3193.4,0,3
2026-05-06 06:27:00,23.4,64.62,74.54,3450.6,0,3
2026-05-06 06:28:00,23.09,63.67,74.04,3571.0,0,3
2026-05-06 06:29:00,23.36,64.43,74.52,3685.8,0,3
2026-05-06 06:30:00,23.64,60.79,74.64,4027.9,0,3
2026-05-06 06:31:00,23.37,64.5,75.08,4026.5,0,3
2026-05-06 06:32:00,24.26,63.05,74.4,4296.4,0,1
2026-05-06 06:33:00,23.41,65.0,74.08,4488.0,0,1
2026-05-06 06:34:00,23.09,65.0,73.25,4555.4,0,1
2026-05-06 06:35:00,23.25,64.75,73.36,4992.6,0,1
2026-05-06 06:36:00,22.9,65.0,73.12,5082.6,0,1
2026-05-06 06:37:00,23.65,63.14,73.4,5464.4,0,1
2026-05-06 06:38:00,23.78,62.11,73.36,5479.8,0,1
2026-05-06 06:39:00,23.59,65.0,72.39,5663.0,0,1
2026-05-06 06:40:00,23.17,65.0,71.64,5807.8,0,1
2026-05-06 06:41:00,23.16,65.0,71.65,6127.5,0,1
2026-05-06 06:42:00,23.56,63.93,71.82,6336.5,0,1
2026-05-06 06:43:00,23.25,63.8,70.83,6630.4,1,1
2026-05-06 06:44:00,23.16,63.28,70.78,6761.5,0,1
2026-05-06 06:45:00,23.13,63.75,70.32,7218.5,0,1
2026-05-06 06:46:00,23.84,62.01,69.83,7237.6,0,1
2026-05-06 06:47:00,23.26,64.11,69.55,7281.7,0,1
2026-05-06 06:48:00,23.58,65.0,69.6,7490.6,0,1
2026-05-06 06:49:00,23.51,63.63,69.29,7904.0,0,1
2026-05-06 06:50:00,23.16,64.93,68.44,7939.9,0,1
2026-05-06 06:51:00,23.38,65.0,68.5,8357.4,0,1
2026-05-06 06:52:00,23.12,64.39,68.37,8619.0,1,1
2026-05-06 06:53:00,23.73,63.53,67.98,8848.9,0,1
2026-05-06 06:54:00,23.14,65.0,67.86,8862.8,0,1
2026-05-06 06:55:00,23.46,64.58,67.73,9307.7,0,1
2026-05-06 06:56:00,23.25,65.0,67.78,9467.4,0,1
2026-05-06 06:57:00,23.14,65.0,67.69,9588.7,0,1
2026-05-06 06:58:00,23.64,63.06,67.78,9876.9,0,1
2026-05-06 06:59:00,23.24,64.48,67.78,10188.4,0,1
2026-05-06 07:00:00,22.91,64.93,68.16,10288.3,0,1
2026-05-06 07:01:00,23.47,63.74,68.85,10643.8,0,1
2026-05-06 07:02:00,23.19,64.22,68.85,11020.9,0,1
2026-05-06 07:03:00,23.41,65.0,68.58,11204.3,0,1
2026-05-06 07:04:00,23.58,64.31,67.97,11341.0,0,1
2026-05-06 07:05:00,23.46,65.0,68.26,11603.0,0,2
2026-05-06 07:06:00,23.59,63.69,67.88,11755.3,0,2
2026-05-06 07:07:00,23.04,65.0,68.91,12004.9,0,2
2026-05-06 07:08:00,23.67,65.0,70.11,12129.0,0,2
2026-05-06 07:09:00,23.29,64.49,70.0,12592.3,0,2
2026-05-06 07:10:00,23.01,65.0,69.26,12893.8,0,2
2026-05-06 07:11:00,22.75,65.0,69.54,13054.3,0,2
2026-05-06 07:12:00,23.29,63.93,70.43,13209.6,0,2
2026-05-06 07:13:00,23.17,65.0,69.84,13576.0,0,2
2026-05-06 07:14:00,23.17,63.78,70.64,13983.3,0,2
2026-05-06 07:15:00,23.45,63.75,69.81,14185.4,0,2
2026-05-06 07:16:00,23.8,63.28,69.16,14330.5,0,2
2026-05-06 07:17:00,23.14,65.0,69.29,14837.1,0,2
2026-05-06 07:18:00,23.39,64.85,69.72,15173.7,0,2
2026-05-06 07:19:00,23.22,63.93,69.67,15051.7,0,2
2026-05-06 07:20:00,23.12,64.7,69.84,15340.2,1,2
2026-05-06 07:21:00,23.11,63.51,70.3,15714.3,0,2
2026-05-06 07:22:00,23.77,65.0,70.8,15783.8,0,2
2026-05-06 07:23:00,23.37,65.0,70.49,16258.5,0,2
2026-05-06 07:24:00,23.31,64.14,70.09,16433.0,0,2
2026-05-06 07:25:00,23.19,64.5,70.52,16730.5,0,2
2026-05-06 07:26:00,23.38,63.67,70.68,16882.7,0,2
2026-05-06 07:27:00,23.2,63.6,70.9,17124.1,0,2
2026-05-06 07:28:00,23.85,62.52,70.57,17248.0,0,2
2026-05-06 07:29:00,23.43,63.29,70.81,17932.9,0,2
2026-05-06 07:30:00,23.4,65.0,70.3,18137.0,0,2
2026-05-06 07:31:00,23.4,65.0,70.38,18375.0,0,2
2026-05-06 07:32:00,23.7,62.38,70.39,18606.8,0,2
2026-05-06 07:33:00,23.36,65.0,70.41,18560.2,0,2
2026-05-06 07:34:00,23.25,63.18,70.71,19019.0,0,2
2026-05-06 07:35:00,23.41,65.0,70.23,19351.5,0,2
2026-05-06 07:36:00,23.57,64.3,70.49,19526.4,0,2
2026-05-06 07:37:00,23.67,63.43,70.46,19727.5,0,2
2026-05-06 07:38:00,23.44,64.92,70.08,20088.7,0,2
2026-05-06 07:39:00,23.44,65.0,69.48,20487.8,0,2
2026-05-06 07:40:00,23.64,61.86,70.27,20764.5,0,2
2026-05-06 07:41:00,22.71,65.0,70.21,21144.7,0,2
2026-05-06 07:42:00,23.42,63.46,70.02,21561.3,0,2
2026-05-06 07:43:00,23.26,65.0,69.49,21674.5,0,2
2026-05-06 07:44:00,23.42,65.0,69.94,21850.3,0,2
2026-05-06 07:45:00,23.5,62.95,70.34,22367.1,0,2
2026-05-06 07:46:00,23.73,63.27,70.66,22241.5,0,2
2026-05-06 07:47:00,23.08,65.0,70.59,22462.7,0,2
2026-05-06 07:48:00,23.26,65.0,70.87,22887.2,0,2
2026-05-06 07:49:00,23.22,65.0,70.47,23373.0,0,2
2026-05-06 07:50:00,23.3,65.0,70.52,23578.2,0,2
2026-05-06 07:51:00,23.12,64.07,70.45,23705.6,0,2
2026-05-06 07:52:00,24.0,63.63,70.53,24037.2,0,2
2026-05-06 07:53:00,23.7,63.94,69.7,24259.4,0,2
2026-05-06 07:54:00,23.3,62.78,70.48,24543.8,0,2
2026-05-06 07:55:00,23.5,64.7,71.13,25163.8,0,2
2026-05-06 07:56:00,23.4,63.99,70.58,25245.8,0,2
2026-05-06 07:57:00,23.56,65.0,70.78,25761.1,0,2
2026-05-06 07:58:00,23.35,65.0,70.09,25728.1,0,2
2026-05-06 07:59:00,23.17,64.98,70.09,26180.4,0,2
2026-05-06 08:00:00,23.42,65.0,69.11,26435.6,0,2
2026-05-06 08:01:00,23.92,64.45,68.95,26801.2,0,2
2026-05-06 08:02:00,23.22,64.67,68.72,27013.9,0,2
2026-05-06 08:03:00,23.88,62.07,69.2,27389.6,0,2
2026-05-06 08:04:00,23.76,63.75,69.89,27626.3,0,2
2026-05-06 08:05:00,23.53,63.85,70.59,27717.5,0,2
2026-05-06 08:06:00,23.84,63.7,71.04,28225.4,0,2
2026-05-06 08:07:00,23.72,63.72,71.02,28414.3,0,2
2026-05-06 08:08:00,23.14,65.0,71.13,28623.1,0,2
2026-05-06 08:09:00,23.59,65.0,71.24,29089.4,0,2
2026-05-06 08:10:00,23.62,63.55,70.67,29406.8,0,2
2026-05-06 08:11:00,24.09,61.88,71.11,29528.6,0,2
2026-05-06 08:12:00,23.65,62.93,71.35,29835.1,0,2
2026-05-06 08:13:00,23.71,65.0,71.61,30001.6,0,2
2026-05-06 08:14:00,23.5,65.0,70.56,30242.5,0,2
2026-05-06 08:15:00,23.79,62.53,70.7,30721.2,0,2
2026-05-06 08:16:00,23.53,62.5,71.08,31136.7,0,2
2026-05-06 08:17:00,24.12,62.73,71.02,31264.5,0,2
2026-05-06 08:18:00,23.76,65.0,70.74,31796.4,0,2
2026-05-06 08:19:00,23.59,64.67,70.1,31892.3,0,2
2026-05-06 08:20:00,24.22,63.01,69.44,32184.9,0,2
2026-05-06 08:21:00,23.61,64.0,69.47,32466.5,0,2
2026-05-06 08:22:00,24.02,61.31,69.33,32911.2,0,2
2026-05-06 08:23:00,23.61,63.8,69.19,32970.7,0,2
2026-05-06 08:24:00,24.08,64.98,69.82,33362.8,0,2
2026-05-06 08:25:00,24.3,62.71,69.23,33605.1,0,2
2026-05-06 08:26:00,23.89,63.46,69.05,33896.1,0,2
2026-05-06 08:27:00,23.78,64.3,69.75,34260.3,0,2
2026-05-06 08:28:00,23.81,62.51,69.57,34535.2,0,2
2026-05-06 08:29:00,24.11,63.84,69.56,34967.8,0,2
2026-05-06 08:30:00,24.63,61.72,69.45,35133.1,0,2
2026-05-06 08:31:00,24.45,62.38,69.71,35493.7,0,2
2026-05-06 08:32:00,24.5,62.45,68.79,35740.6,0,2
2026-05-06 08:33:00,23.96,63.2,68.67,36181.1,0,2
2026-05-06 08:34:00,24.53,62.98,68.67,36269.1,0,2
2026-05-06 08:35:00,24.53,62.77,68.21,36562.1,0,2
2026-05-06 08:36:00,24.39,62.84,68.34,36980.2,0,2
2026-05-06 08:37:00,24.18,63.49,68.65,37145.4,0,2
2026-05-06 08:38:00,24.61,61.65,68.82,37535.7,0,2
2026-05-06 08:39:00,24.23,60.69,69.56,38048.9,0,2
2026-05-06 08:40:00,24.59,62.76,69.33,37943.2,0,2
2026-05-06 08:41:00,24.36,62.27,69.51,38536.7,0,2
2026-05-06 08:42:00,24.24,63.81,69.67,38586.0,0,2
2026-05-06 08:43:00,24.41,62.36,69.52,39097.5,0,2
2026-05-06 08:44:00,25.04,59.87,69.97,39311.2,0,2
2026-05-06 08:45:00,24.28,63.06,70.05,39592.6,0,2
2026-05-06 08:46:00,24.86,63.66,69.48,39794.1,0,2
2026-05-06 08:47:00,24.85,62.79,69.76,40073.5,0,2
2026-05-06 08:48:00,24.62,61.02,69.5,40308.1,0,2
2026-05-06 08:49:00,24.56,62.06,69.32,40686.5,0,2
2026-05-06 08:50:00,24.42,62.41,69.17,40954.5,0,2
2026-05-06 08:51:00,25.09,61.85,69.45,41290.1,0,2
2026-05-06 08:52:00,24.5,62.19,69.87,41388.3,0,2
2026-05-06 08:53:00,24.14,61.3,69.75,41850.4,0,2
2026-05-06 08:54:00,24.95,62.11,69.61,42289.1,0,2
2026-05-06 08:55:00,24.56,64.53,68.68,42540.5,0,2
2026-05-06 08:56:00,24.91,61.54,68.34,42719.4,0,2
2026-05-06 08:57:00,24.64,61.22,67.91,43313.2,0,2
2026-05-06 08:58:00,24.86,64.1,68.02,43225.3,0,2
2026-05-06 08:59:00,25.06,64.42,67.95,43572.6,0,2
2026-05-06 09:00:00,25.15,61.51,67.54,43746.1,0,2
2026-05-06 09:01:00,25.45,61.86,67.59,44205.0,0,2
2026-05-06 09:02:00,25.15,62.25,67.54,44812.3,0,2
2026-05-06 09:03:00,25.21,62.97,66.43,44908.7,0,2
2026-05-06 09:04:00,25.16,60.63,66.91,45123.0,0,2
2026-05-06 09:05:00,25.49,61.48,67.34,45748.2,0,2
2026-05-06 09:06:00,25.01,60.87,67.22,46024.2,0,2
2026-05-06 09:07:00,25.23,62.3,67.36,46426.6,0,2
2026-05-06 09:08:00,25.37,63.49,67.21,46638.4,0,2
2026-05-06 09:09:00,25.18,62.34,66.5,46893.3,0,2
2026-05-06 09:10:00,25.8,60.06,67.44,47279.5,0,2
2026-05-06 09:11:00,25.57,62.6,67.74,47650.5,0,2
2026-05-06 09:12:00,25.22,61.16,68.13,47865.7,0,2
2026-05-06 09:13:00,25.67,61.83,67.98,48195.2,0,2
2026-05-06 09:14:00,25.93,59.96,68.44,48351.4,0,2
2026-05-06 09:15:00,25.47,59.95,67.82,48766.0,0,2
2026-05-06 09:16:00,26.03,59.85,67.69,49008.5,0,2
2026-05-06 09:17:00,25.79,57.85,67.99,49209.8,0,2
2026-05-06 09:18:00,25.82,59.75,67.69,49584.7,0,2
2026-05-06 09:19:00,26.11,63.22,68.06,49800.4,0,2
2026-05-06 09:20:00,25.9,57.55,68.17,50217.2,0,2
2026-05-06 09:21:00,25.99,58.93,68.81,50552.4,0,2
2026-05-06 09:22:00,25.96,62.95,68.84,50791.9,0,2
2026-05-06 09:23:00,25.54,60.29,69.37,50819.9,0,2
2026-05-06 09:24:00,26.12,60.14,70.66,51180.6,0,2
2026-05-06 09:25:00,26.13,60.6,71.28,51475.9,0,2
2026-05-06 09:26:00,26.01,58.8,71.93,51725.1,0,2
2026-05-06 09:27:00,25.51,62.73,72.6,52031.9,0,2
2026-05-06 09:28:00,26.35,60.16,72.5,52480.2,0,2
2026-05-06 09:29:00,26.03,60.0,72.75,52736.9,0,2
2026-05-06 09:30:00,26.0,61.93,73.22,52876.1,0,2
2026-05-06 09:31:00,26.02,59.17,72.86,53271.9,1,2
2026-05-06 09:32:00,25.88,61.01,73.71,53513.0,1,2
2026-05-06 09:33:00,26.53,58.83,73.73,53734.1,1,2
2026-05-06 09:34:00,27.05,57.82,74.51,54148.5,0,2
2026-05-06 09:35:00,26.36,62.69,74.64,54225.8,1,2
2026-05-06 09:36:00,26.76,59.89,75.84,54576.9,1,3
2026-05-06 09:37:00,26.58,61.13,76.13,54691.8,1,3
2026-05-06 09:38:00,26.71,59.18,77.44,54984.6,1,3
2026-05-06 09:39:00,26.67,58.62,77.9,55208.0,1,3
2026-05-06 09:40:00,26.93,55.76,78.26,55509.1,1,3
2026-05-06 09:41:00,26.48,59.75,79.46,55879.2,1,3
2026-05-06 09:42:00,26.85,57.62,79.56,56086.2,1,3
2026-05-06 09:43:00,27.16,59.29,80.14,56367.4,1,3
2026-05-06 09:44:00,27.1,57.71,80.95,56632.0,1,3
2026-05-06 09:45:00,27.05,59.89,81.4,57127.2,0,3
2026-05-06 09:46:00,27.04,61.82,81.83,57051.4,0,3
2026-05-06 09:47:00,26.97,62.83,82.29,57322.1,0,3
2026-05-06 09:48:00,27.02,59.76,83.17,57630.2,0,3
2026-05-06 09:49:00,26.77,59.71,83.54,57975.4,0,3
2026-05-06 09:50:00,27.33,58.1,84.4,58308.2,0,3
2026-05-06 09:51:00,27.59,57.63,85.1,58584.5,0,3
2026-05-06 09:52:00,27.37,57.78,85.71,58880.4,0,3
2026-05-06 09:53:00,27.35,60.69,86.56,58990.2,0,3
2026-05-06 09:54:00,27.54,58.17,86.79,59210.5,0,3
2026-05-06 09:55:00,26.91,62.11,87.64,59715.4,0,3
2026-05-06 09:56:00,27.36,57.78,87.98,59434.3,0,3
2026-05-06 09:57:00,27.52,58.5,87.64,60012.0,1,3
2026-05-06 09:58:00,27.16,57.65,87.99,60286.9,0,3
2026-05-06 09:59:00,27.67,59.09,87.98,60705.1,0,3
2026-05-06 10:00:00,27.22,58.85,88.65,60536.0,0,3
2026-05-06 10:01:00,27.9,58.09,88.79,60934.1,0,3
2026-05-06 10:02:00,27.84,57.86,89.35,61061.8,0,3
2026-05-06 10:03:00,27.78,58.97,90.16,61281.5,0,3
2026-05-06 10:04:00,28.07,58.71,91.25,61713.0,0,3
2026-05-06 10:05:00,27.96,59.05,91.68,62094.4,0,3
2026-05-06 10:06:00,28.1,56.74,92.56,62393.8,1,3
2026-05-06 10:07:00,28.1,58.25,92.82,62444.2,1,3
2026-05-06 10:08:00,27.86,57.6,92.39,62844.9,1,3
2026-05-06 10:09:00,28.52,58.87,92.35,62986.2,1,3
2026-05-06 10:10:00,28.49,57.62,92.57,63323.5,1,3
2026-05-06 10:11:00,28.33,57.9,93.46,63655.2,1,3
2026-05-06 10:12:00,28.31,57.23,93.8,63741.1,1,3
2026-05-06 10:13:00,28.51,56.31,94.57,64126.5,1,3
2026-05-06 10:14:00,28.69,57.13,95.9,64099.0,1,3
2026-05-06 10:15:00,28.9,58.21,95.8,64561.7,0,3
2026-05-06 10:16:00,28.33,56.61,97.22,64849.6,0,3
2026-05-06 10:17:00,28.78,58.49,96.85,65052.8,0,3
2026-05-06 10:18:00,28.55,57.92,98.07,65043.4,0,3
2026-05-06 10:19:00,28.22,55.26,98.54,65418.4,0,3
2026-05-06 10:20:00,28.88,55.67,98.7,65709.0,0,3
2026-05-06 10:21:00,29.09,59.23,99.14,65936.4,0,3
2026-05-06 10:22:00,29.01,56.44,99.08,66141.6,0,3
2026-05-06 10:23:00,28.78,55.83,100.19,66525.4,0,3
2026-05-06 10:24:00,28.97,55.6,100.18,66420.9,0,3
2026-05-06 10:25:00,29.1,56.3,100.19,66774.3,0,3
2026-05-06 10:26:00,29.11,57.54,99.89,66819.9,0,3
2026-05-06 10:27:00,29.33,55.73,100.02,67346.8,0,3
2026-05-06 10:28:00,29.31,55.24,100.28,67556.8,0,3
2026-05-06 10:29:00,28.98,53.91,100.51,68094.9,0,3
2026-05-06 10:30:00,29.18,55.25,100.93,68045.3,0,3
2026-05-06 10:31:00,29.1,55.62,100.98,68196.4,0,3
2026-05-06 10:32:00,29.32,56.54,101.36,68398.4,0,3
2026-05-06 10:33:00,28.86,57.28,100.98,68541.2,0,3
2026-05-06 10:34:00,29.86,57.12,100.83,68806.4,0,3
2026-05-06 10:35:00,29.24,54.84,100.89,69034.4,0,3
2026-05-06 10:36:00,29.35,56.26,101.45,68976.8,0,3
2026-05-06 10:37:00,29.56,56.02,101.52,69452.8,0,3
2026-05-06 10:38:00,29.24,55.06,101.09,69663.2,0,3
2026-05-06 10:39:00,29.55,56.92,100.3,70087.7,0,2
2026-05-06 10:40:00,29.73,57.62,100.14,70050.2,0,2
2026-05-06 10:41:00,30.15,55.02,100.28,70187.9,0,2
2026-05-06 10:42:00,29.83,54.87,100.03,70505.4,0,2
2026-05-06 10:43:00,29.74,57.36,99.74,70701.9,0,2
2026-05-06 10:44:00,29.61,56.27,99.53,70894.0,0,2
2026-05-06 10:45:00,30.48,53.07,98.41,70968.4,0,2
2026-05-06 10:46:00,30.01,54.95,98.18,71305.1,0,2
2026-05-06 10:47:00,30.07,54.67,98.2,71436.4,0,2
2026-05-06 10:48:00,29.75,54.53,97.89,71681.9,0,2
2026-05-06 10:49:00,30.28,53.85,98.08,71988.5,0,2
2026-05-06 10:50:00,30.05,54.32,98.28,72036.9,0,2
2026-05-06 10:51:00,30.62,55.31,97.77,72294.5,0,2
2026-05-06 10:52:00,30.42,54.26,97.66,72597.0,0,2
2026-05-06 10:53:00,30.39,54.76,97.39,72683.4,0,2
2026-05-06 10:54:00,30.08,56.26,96.22,73224.2,1,2
2026-05-06 10:55:00,30.43,54.24,95.86,73130.6,0,2
2026-05-06 10:56:00,30.46,53.12,95.14,73160.3,0,2
2026-05-06 10:57:00,30.59,55.51,94.94,73400.3,0,2
2026-05-06 10:58:00,30.12,54.58,94.97,73569.0,0,2
2026-05-06 10:59:00,30.43,56.73,94.61,73762.6,0,2
2026-05-06 11:00:00,30.59,55.59,93.97,74104.4,0,2
2026-05-06 11:01:00,30.89,54.59,93.82,74088.5,0,2
2026-05-06 11:02:00,30.33,55.01,94.62,74375.9,0,2
2026-05-06 11:03:00,31.21,54.85,93.42,74734.5,0,2
2026-05-06 11:04:00,31.23,53.78,93.27,74710.1,0,2
2026-05-06 11:05:00,30.72,51.59,92.79,75014.5,0,2
2026-05-06 11:06:00,31.64,52.79,92.36,74885.0,0,2
2026-05-06 11:07:00,31.13,54.3,92.08,75220.1,0,2
2026-05-06 11:08:00,31.09,52.46,91.7,75337.6,1,2
2026-05-06 11:09:00,31.32,56.46,91.73,75657.8,0,2
2026-05-06 11:10:00,31.33,53.17,91.39,75661.4,0,2
2026-05-06 11:11:00,31.3,54.05,90.23,76203.1,0,2
2026-05-06 11:12:00,31.05,55.13,90.57,75907.8,0,2
2026-05-06 11:13:00,31.27,54.15,90.84,76403.5,0,2
2026-05-06 11:14:00,31.52,52.95,90.35,76556.6,0,2
2026-05-06 11:15:00,31.68,53.32,90.16,76649.0,0,2
2026-05-06 11:16:00,31.89,52.33,90.47,76791.1,0,2
2026-05-06 11:17:00,31.46,53.04,90.69,77176.4,0,2
2026-05-06 11:18:00,31.65,51.52,91.05,77392.6,0,2
2026-05-06 11:19:00,31.51,52.77,90.98,77227.2,0,2
2026-05-06 11:20:00,32.0,50.95,91.07,77426.8,0,2
2026-05-06 11:21:00,31.7,52.81,91.45,77487.1,0,2
2026-05-06 11:22:00,31.68,52.36,91.05,77589.4,0,2
2026-05-06 11:23:00,31.89,53.15,91.01,77945.0,0,2
2026-05-06 11:24:00,31.51,51.29,89.84,78056.9,0,2
2026-05-06 11:25:00,32.11,51.13,88.94,77994.5,0,2
2026-05-06 11:26:00,31.95,51.37,88.94,78409.1,0,2
2026-05-06 11:27:00,32.77,51.31,89.01,78523.3,0,2
2026-05-06 11:28:00,31.97,52.14,88.63,78583.7,0,2
2026-05-06 11:29:00,32.11,53.56,88.16,78723.0,0,2
2026-05-06 11:30:00,32.48,51.78,87.8,79020.3,0,2
2026-05-06 11:31:00,32.47,51.74,87.68,79304.5,0,2
2026-05-06 11:32:00,32.58,50.32,86.48,79276.2,0,2
2026-05-06 11:33:00,32.3,51.63,86.5,79464.7,0,2
2026-05-06 11:34:00,32.13,50.61,86.33,79404.0,0,2
2026-05-06 11:35:00,33.14,51.4,86.26,79602.1,0,2
2026-05-06 11:36:00,32.65,52.49,86.02,79851.1,0,2
2026-05-06 11:37:00,32.62,49.72,85.24,79766.3,0,2
2026-05-06 11:38:00,32.81,51.32,84.6,80066.4,0,2
2026-05-06 11:39:00,32.33,51.81,85.1,80243.2,0,2
2026-05-06 11:40:00,32.59,53.02,84.65,80289.6,0,2
2026-05-06 11:41:00,32.49,50.51,84.83,80481.1,0,2
2026-05-06 11:42:00,32.84,50.31,84.2,80595.8,0,2
2026-05-06 11:43:00,32.5,52.01,84.03,80641.4,0,2
2026-05-06 11:44:00,33.06,50.33,83.69,80717.4,0,2
2026-05-06 11:45:00,33.24,50.15,83.41,80965.0,0,2
2026-05-06 11:46:00,33.27,50.07,83.11,81249.7,0,2
2026-05-06 11:47:00,33.14,51.43,83.59,81321.6,0,2
2026-05-06 11:48:00,33.13,52.19,84.26,81289.2,0,2
2026-05-06 11:49:00,33.02,50.87,84.2,81392.6,0,2
2026-05-06 11:50:00,33.28,50.28,83.85,81490.1,0,2
2026-05-06 11:51:00,33.19,51.53,83.12,81597.5,0,2
2026-05-06 11:52:00,32.79,51.54,82.36,81775.7,0,2
2026-05-06 11:53:00,33.15,50.98,82.84,81980.2,0,2
2026-05-06 11:54:00,33.55,51.59,82.06,82211.8,0,2
2026-05-06 11:55:00,33.11,49.56,81.73,81942.6,0,2
2026-05-06 11:56:00,33.15,50.47,81.66,82234.6,0,2
2026-05-06 11:57:00,33.43,49.21,80.4,82320.7,0,2
2026-05-06 11:58:00,32.99,50.38,79.75,82317.7,0,2
2026-05-06 11:59:00,33.76,48.41,79.06,82341.7,0,2
2026-05-06 12:00:00,33.78,49.46,78.67,82621.4,0,2
2026-05-06 12:01:00,33.9,50.19,78.69,82920.7,0,2
2026-05-06 12:02:00,33.76,46.78,79.04,82816.7,0,2
2026-05-06 12:03:00,33.54,49.86,78.65,82777.4,0,2
2026-05-06 12:04:00,33.49,50.21,78.35,82953.6,0,2
2026-05-06 12:05:00,33.98,49.3,78.21,82924.5,0,2
2026-05-06 12:06:00,34.06,47.5,77.77,83138.7,0,2
2026-05-06 12:07:00,33.65,51.24,77.86,83319.0,0,2
2026-05-06 12:08:00,33.66,51.21,77.97,83223.2,0,2
2026-05-06 12:09:00,34.01,50.96,76.7,82994.6,0,2
2026-05-06 12:10:00,34.09,48.8,76.91,83495.0,0,2
2026-05-06 12:11:00,34.33,49.34,76.88,83492.7,0,2
2026-05-06 12:12:00,34.31,48.29,76.92,83523.5,0,2
2026-05-06 12:13:00,34.17,48.08,77.35,83598.0,0,2
2026-05-06 12:14:00,34.49,47.57,76.49,83814.1,0,2
2026-05-06 12:15:00,34.18,49.58,75.88,83801.3,0,2
2026-05-06 12:16:00,34.24,50.27,75.78,84050.7,0,2
2026-05-06 12:17:00,34.57,50.35,74.71,84126.0,0,2
2026-05-06 12:18:00,34.64,48.65,74.57,84066.4,0,2
2026-05-06 12:19:00,34.69,47.82,74.89,84094.4,0,2
2026-05-06 12:20:00,34.44,48.87,75.01,84248.1,0,2
2026-05-06 12:21:00,34.54,50.01,74.98,84275.1,0,2
2026-05-06 12:22:00,34.35,51.06,74.83,84151.5,0,2
2026-05-06 12:23:00,34.83,49.85,74.59,84649.2,0,2
2026-05-06 12:24:00,34.5,50.2,74.32,84554.8,0,2
2026-05-06 12:25:00,34.19,50.97,74.37,84475.9,0,2
2026-05-06 12:26:00,34.62,48.82,73.65,84338.8,0,2
2026-05-06 12:27:00,34.55,49.16,74.24,84594.5,0,2
2026-05-06 12:28:00,34.13,50.69,73.87,84584.6,0,2
2026-05-06 12:29:00,34.71,49.23,74.07,84726.9,1,2
2026-05-06 12:30:00,35.08,49.12,74.05,84519.9,0,2
2026-05-06 12:31:00,35.03,47.43,73.51,84790.2,0,2
2026-05-06 12:32:00,35.07,49.78,74.02,84860.0,0,2
2026-05-06 12:33:00,35.36,47.09,74.44,84952.4,1,2
2026-05-06 12:34:00,34.9,49.67,73.7,85002.9,0,2
2026-05-06 12:35:00,34.8,48.37,73.62,85061.2,0,2
2026-05-06 12:36:00,35.25,47.21,73.67,85280.7,0,2
2026-05-06 12:37:00,35.25,45.45,72.72,85075.7,0,2
2026-05-06 12:38:00,34.89,48.1,71.78,85081.5,0,2
2026-05-06 12:39:00,35.2,46.43,71.39,84990.8,0,2
2026-05-06 12:40:00,35.42,46.51,70.81,85151.7,0,2
2026-05-06 12:41:00,35.39,48.27,70.35,85069.8,0,2
2026-05-06 12:42:00,35.54,45.62,69.79,85361.8,0,2
2026-05-06 12:43:00,35.23,49.36,69.74,85238.4,0,2
2026-05-06 12:44:00,35.08,51.11,69.36,85379.0,0,2
2026-05-06 12:45:00,35.24,47.28,69.85,85483.5,0,2
2026-05-06 12:46:00,35.73,48.63,69.93,85222.3,0,2
2026-05-06 12:47:00,35.81,45.39,70.28,85302.5,0,2
2026-05-06 12:48:00,35.54,47.92,69.54,85510.1,0,2
2026-05-06 12:49:00,36.0,47.22,69.28,85413.9,0,2
2026-05-06 12:50:00,35.62,51.02,69.35,85473.0,0,2
2026-05-06 12:51:00,35.57,46.96,69.55,85530.8,0,2
2026-05-06 12:52:00,35.38,48.22,69.27,85552.0,0,2
2026-05-06 12:53:00,35.75,46.93,69.06,85531.0,0,2
2026-05-06 12:54:00,36.07,46.25,68.91,85662.4,0,2
2026-05-06 12:55:00,36.16,46.41,68.79,85483.1,0,2
2026-05-06 12:56:00,36.15,46.37,69.74,85562.5,0,2
2026-05-06 12:57:00,36.04,45.99,69.87,85502.0,0,2
2026-05-06 12:58:00,36.35,46.63,69.88,85650.4,0,2
2026-05-06 12:59:00,35.74,46.09,69.33,85451.8,0,2
2026-05-06 13:00:00,36.32,45.88,68.8,85353.6,0,2
2026-05-06 13:01:00,36.12,48.93,68.72,85649.9,0,2
2026-05-06 13:02:00,36.14,46.46,69.22,85419.5,1,2
2026-05-06 13:03:00,35.77,48.19,69.14,85403.7,0,2
2026-05-06 13:04:00,36.24,46.37,69.07,85700.2,0,2
2026-05-06 13:05:00,36.48,47.05,68.75,85672.6,0,2
2026-05-06 13:06:00,35.69,47.02,68.01,85502.9,1,2
2026-05-06 13:07:00,36.46,43.05,68.22,85167.4,0,2
2026-05-06 13:08:00,35.72,47.15,68.12,85601.0,0,2
2026-05-06 13:09:00,35.97,45.63,68.33,85603.1,0,2
2026-05-06 13:10:00,36.34,45.97,68.41,85562.4,0,2
2026-05-06 13:11:00,36.79,46.52,68.0,85537.0,0,2
2026-05-06 13:12:00,36.4,48.43,68.12,85452.1,0,2
2026-05-06 13:13:00,36.58,44.3,67.57,85398.3,0,2
2026-05-06 13:14:00,36.27,46.14,67.69,85298.2,0,2
2026-05-06 13:15:00,36.48,46.15,67.68,85317.5,0,2
2026-05-06 13:16:00,36.54,46.1,68.36,85418.6,0,2
2026-05-06 13:17:00,37.0,45.47,68.0,85372.5,0,2
2026-05-06 13:18:00,36.43,46.87,67.44,85392.0,0,2
2026-05-06 13:19:00,36.49,45.59,67.28,85095.0,0,2
2026-05-06 13:20:00,36.95,45.23,67.57,85016.8,0,2
2026-05-06 13:21:00,36.65,46.36,66.38,85133.0,0,2
2026-05-06 13:22:00,36.77,44.88,66.79,85035.9,0,2
2026-05-06 13:23:00,36.88,44.85,66.73,85137.3,0,2
2026-05-06 13:24:00,36.65,45.81,66.27,84897.8,0,2
2026-05-06 13:25:00,36.32,45.64,66.14,85148.5,0,2
2026-05-06 13:26:00,37.13,44.04,65.86,84871.4,0,2
2026-05-06 13:27:00,36.92,44.19,65.37,85120.2,0,2
2026-05-06 13:28:00,36.6,45.9,64.59,84947.6,0,2
2026-05-06 13:29:00,37.15,46.84,64.96,84702.7,0,2
2026-05-06 13:30:00,37.48,45.2,64.77,85049.3,0,2
2026-05-06 13:31:00,37.31,43.83,64.66,84785.6,0,2
2026-05-06 13:32:00,37.55,46.48,65.08,84693.8,0,2
2026-05-06 13:33:00,36.76,45.14,65.15,84602.4,0,2
2026-05-06 13:34:00,37.15,47.09,64.53,84609.2,0,2
2026-05-06 13:35:00,37.2,45.02,64.88,84551.5,0,2
2026-05-06 13:36:00,37.11,45.56,65.57,84335.7,0,2
2026-05-06 13:37:00,37.09,44.84,65.83,84353.7,0,2
2026-05-06 13:38:00,36.46,45.8,65.49,84331.4,0,2
2026-05-06 13:39:00,37.64,46.16,64.9,84311.5,0,2
2026-05-06 13:40:00,36.84,45.4,64.56,84232.4,0,2
2026-05-06 13:41:00,37.5,45.83,64.66,84099.9,0,2
2026-05-06 13:42:00,37.3,45.04,65.32,83960.4,0,2
2026-05-06 13:43:00,37.31,44.82,65.04,83898.3,0,2
2026-05-06 13:44:00,37.3,45.74,64.8,83775.2,0,2
2026-05-06 13:45:00,37.42,44.67,65.29,83916.9,0,2
2026-05-06 13:46:00,37.55,43.68,65.15,83693.3,0,2
2026-05-06 13:47:00,37.66,43.57,65.93,83687.3,0,2
2026-05-06 13:48:00,37.41,45.52,65.9,83650.0,0,2
2026-05-06 13:49:00,37.16,42.52,66.43,83539.2,0,2
2026-05-06 13:50:00,37.17,45.61,66.62,83457.8,0,2
2026-05-06 13:51:00,37.77,42.6,66.95,83264.8,0,2
2026-05-06 13:52:00,37.46,44.97,66.88,83332.5,0,2
2026-05-06 13:53:00,37.29,46.59,66.85,83168.5,0,2
2026-05-06 13:54:00,37.39,43.8,67.05,83099.2,0,2
2026-05-06 13:55:00,37.57,45.23,67.4,83178.4,0,2
2026-05-06 13:56:00,37.29,46.34,67.64,83001.8,0,2
2026-05-06 13:57:00,37.62,43.83,66.88,82776.5,0,2
2026-05-06 13:58:00,37.97,43.27,67.0,82725.9,0,2
2026-05-06 13:59:00,37.64,44.95,66.73,82852.1,0,2
2026-05-06 14:00:00,37.25,46.55,66.51,82524.2,0,2
2026-05-06 14:01:00,37.93,46.84,66.72,82471.8,0,2
2026-05-06 14:02:00,38.01,43.1,67.47,82428.5,0,2
2026-05-06 14:03:00,38.04,44.73,67.37,82282.9,0,2
2026-05-06 14:04:00,37.78,43.73,68.23,82113.3,0,2
2026-05-06 14:05:00,38.36,42.14,67.75,81963.1,0,2
2026-05-06 14:06:00,37.98,43.75,68.27,81935.2,0,2
2026-05-06 14:07:00,38.56,42.94,68.45,81917.5,0,2
2026-05-06 14:08:00,38.17,43.87,68.53,81886.7,0,2
2026-05-06 14:09:00,38.15,44.3,69.11,81451.4,0,2
2026-05-06 14:10:00,37.71,44.69,68.81,81745.2,0,2
2026-05-06 14:11:00,37.64,45.96,69.95,81395.0,1,2
2026-05-06 14:12:00,37.92,46.36,70.34,81429.1,0,2
2026-05-06 14:13:00,37.86,44.21,70.45,81113.3,0,2
2026-05-06 14:14:00,37.79,43.7,70.4,80891.5,1,2
2026-05-06 14:15:00,37.91,43.89,71.45,80788.5,1,2
2026-05-06 14:16:00,37.91,43.85,72.52,80806.2,1,2
2026-05-06 14:17:00,37.81,43.55,72.75,80757.8,0,2
2026-05-06 14:18:00,38.15,41.99,73.38,80587.0,1,2
2026-05-06 14:19:00,37.81,42.64,74.0,80421.3,1,2
2026-05-06 14:20:00,38.0,44.81,74.19,80459.8,0,2
2026-05-06 14:21:00,37.73,45.28,75.21,80192.5,1,3
2026-05-06 14:22:00,38.07,44.29,75.53,80088.7,0,3
2026-05-06 14:23:00,38.11,43.56,75.08,80287.9,1,3
2026-05-06 14:24:00,37.83,43.63,75.73,79764.8,1,3
2026-05-06 14:25:00,38.1,42.21,76.09,79558.5,1,3
2026-05-06 14:26:00,38.07,43.12,76.29,79552.8,1,3
2026-05-06 14:27:00,38.0,43.13,76.49,79465.7,0,3
2026-05-06 14:28:00,38.01,42.29,76.16,79266.0,0,3
2026-05-06 14:29:00,38.25,43.92,76.43,79093.9,0,3
2026-05-06 14:30:00,38.15,42.9,76.5,79099.6,0,3
2026-05-06 14:31:00,38.4,43.49,77.46,78927.9,0,3
2026-05-06 14:32:00,37.91,42.35,78.24,78604.9,0,3
2026-05-06 14:33:00,38.13,44.52,78.38,78390.3,0,3
2026-05-06 14:34:00,38.04,44.46,79.01,78377.5,0,3
2026-05-06 14:35:00,38.22,43.08,78.87,78090.1,0,3
2026-05-06 14:36:00,38.28,45.25,78.65,78125.6,0,3
2026-05-06 14:37:00,37.93,44.0,78.53,77920.2,0,3
2026-05-06 14:38:00,38.38,43.63,79.2,78044.3,0,3
2026-05-06 14:39:00,38.79,41.02,79.37,77747.4,0,3
2026-05-06 14:40:00,38.3,42.64,79.13,77271.5,0,3
2026-05-06 14:41:00,38.05,43.15,79.4,77182.6,0,3
2026-05-06 14:42:00,38.2,44.66,79.66,76865.0,0,3
2026-05-06 14:43:00,38.2,44.87,79.65,76686.5,0,3
2026-05-06 14:44:00,38.12,43.14,79.39,76780.7,0,3
2026-05-06 14:45:00,38.48,43.53,79.11,76457.1,0,2
2026-05-06 14:46:00,37.85,45.24,78.53,76624.2,0,2
2026-05-06 14:47:00,38.38,43.06,78.51,76382.3,0,2
2026-05-06 14:48:00,38.64,41.34,78.14,76054.8,0,2
2026-05-06 14:49:00,38.64,43.96,77.85,75875.7,0,2
2026-05-06 14:50:00,38.59,43.68,78.02,75922.1,0,2
2026-05-06 14:51:00,38.18,44.1,78.65,75783.6,0,2
2026-05-06 14:52:00,38.71,44.15,78.7,75279.2,0,2
2026-05-06 14:53:00,38.45,44.63,78.54,75071.8,0,2
2026-05-06 14:54:00,38.72,43.74,78.42,74997.1,0,2
2026-05-06 14:55:00,38.64,41.7,78.81,74910.6,0,2
2026-05-06 14:56:00,38.45,41.56,78.86,74611.2,0,2
2026-05-06 14:57:00,38.31,43.98,78.82,74555.0,0,2
2026-05-06 14:58:00,38.97,42.72,78.82,74539.1,0,2
2026-05-06 14:59:00,37.94,44.25,78.09,73949.3,0,2
2026-05-06 15:00:00,38.35,45.55,78.15,73904.0,0,2
2026-05-06 15:01:00,38.04,45.04,77.66,73603.1,0,2
2026-05-06 15:02:00,38.42,43.18,77.73,73506.8,0,2
2026-05-06 15:03:00,38.49,42.43,77.3,73407.5,0,2
2026-05-06 15:04:00,38.24,44.44,77.46,73166.7,0,2
2026-05-06 15:05:00,38.26,44.19,77.29,73123.0,0,2
2026-05-06 15:06:00,38.08,43.63,76.7,72908.7,0,2
2026-05-06 15:07:00,38.52,39.99,76.48,72725.6,0,2
2026-05-06 15:08:00,38.29,42.44,77.34,72447.9,0,2
2026-05-06 15:09:00,38.52,44.29,76.26,72277.1,0,2
2026-05-06 15:10:00,38.28,42.05,76.24,72052.3,0,2
2026-05-06 15:11:00,38.48,44.03,75.72,71882.9,0,2
2026-05-06 15:12:00,38.6,43.69,76.23,71756.2,0,2
2026-05-06 15:13:00,38.54,42.06,76.49,71272.4,0,2
2026-05-06 15:14:00,38.47,44.42,76.48,71344.5,0,2
2026-05-06 15:15:00,38.39,43.36,76.78,71014.6,0,2
2026-05-06 15:16:00,38.54,43.07,76.79,70863.5,0,2
2026-05-06 15:17:00,38.27,42.25,76.69,70529.6,0,2
2026-05-06 15:18:00,38.37,45.04,76.33,70490.7,0,2
2026-05-06 15:19:00,38.5,41.87,76.08,70367.7,0,2
2026-05-06 15:20:00,38.8,41.44,76.43,70188.3,0,2
2026-05-06 15:21:00,38.26,43.81,76.8,69772.2,1,2
2026-05-06 15:22:00,38.19,42.56,76.37,69737.7,0,2
2026-05-06 15:23:00,38.48,45.82,77.18,69612.4,1,2
2026-05-06 15:24:00,38.7,41.83,78.56,69180.5,1,2
2026-05-06 15:25:00,38.6,44.11,78.68,69012.1,1,2
2026-05-06 15:26:00,38.4,45.41,79.58,68544.4,1,2
2026-05-06 15:27:00,38.7,43.89,79.97,68455.3,1,2
2026-05-06 15:28:00,37.93,43.19,80.01,68364.7,1,2
2026-05-06 15:29:00,38.63,43.53,80.42,68206.8,1,2
2026-05-06 15:30:00,38.3,45.21,81.02,67779.2,0,2
2026-05-06 15:31:00,38.53,41.46,81.2,67938.7,1,2
2026-05-06 15:32:00,38.62,44.46,81.9,67435.5,1,2
2026-05-06 15:33:00,38.41,44.02,82.02,66994.9,0,2
2026-05-06 15:34:00,38.37,45.75,82.03,67097.2,1,2
2026-05-06 15:35:00,38.25,44.17,82.4,66566.5,1,2
2026-05-06 15:36:00,38.76,43.12,82.61,66527.2,0,2
2026-05-06 15:37:00,38.42,44.24,82.82,66140.1,0,2
2026-05-06 15:38:00,38.38,41.98,83.33,65857.6,0,2
2026-05-06 15:39:00,38.69,42.05,83.17,65925.8,0,2
2026-05-06 15:40:00,38.18,43.83,84.27,65548.7,0,3
2026-05-06 15:41:00,38.24,43.04,84.99,65557.7,0,3
2026-05-06 15:42:00,38.52,42.53,85.1,65004.9,0,3
2026-05-06 15:43:00,38.72,45.43,85.54,64706.0,0,3
2026-05-06 15:44:00,38.28,45.76,86.27,64603.8,0,3
2026-05-06 15:45:00,38.36,40.45,86.97,64792.8,0,3
2026-05-06 15:46:00,37.86,44.25,88.19,64315.8,0,3
2026-05-06 15:47:00,38.56,41.78,88.4,64062.0,0,3
2026-05-06 15:48:00,37.96,45.43,88.72,63823.2,0,3
2026-05-06 15:49:00,38.09,44.15,87.94,63440.4,0,3
2026-05-06 15:50:00,38.26,45.4,87.24,63583.0,0,3
2026-05-06 15:51:00,38.04,42.92,87.79,63058.6,0,3
2026-05-06 15:52:00,37.7,43.28,87.41,62790.2,0,3
2026-05-06 15:53:00,37.87,43.93,86.72,62633.0,0,3
2026-05-06 15:54:00,38.19,43.02,86.52,62106.8,0,2
2026-05-06 15:55:00,38.52,43.16,86.88,61885.2,0,3
2026-05-06 15:56:00,38.49,44.74,86.37,61714.0,0,2
2026-05-06 15:57:00,38.22,44.25,86.18,61590.8,0,2
2026-05-06 15:58:00,38.15,43.44,85.2,61064.2,0,2
2026-05-06 15:59:00,38.29,43.65,84.84,60955.2,0,2
2026-05-06 16:00:00,38.41,41.52,85.11,60704.9,0,2
2026-05-06 16:01:00,38.1,41.52,84.61,60303.5,0,2
2026-05-06 16:02:00,38.09,45.33,83.9,60193.4,0,2
2026-05-06 16:03:00,38.09,42.96,83.42,60053.2,0,2
2026-05-06 16:04:00,38.28,45.33,83.02,59553.2,0,2
2026-05-06 16:05:00,37.67,44.1,83.21,59667.7,1,2
2026-05-06 16:06:00,38.0,44.17,83.24,59281.5,0,2
2026-05-06 16:07:00,38.08,44.89,83.34,59017.0,0,2
2026-05-06 16:08:00,37.49,45.85,83.21,58710.1,0,2
2026-05-06 16:09:00,38.17,43.14,82.8,58317.9,0,2
2026-05-06 16:10:00,38.2,43.81,82.33,58104.5,1,2
2026-05-06 16:11:00,37.42,44.79,82.38,57954.9,0,2
2026-05-06 16:12:00,37.79,44.75,82.93,57565.7,0,2
2026-05-06 16:13:00,37.78,44.54,82.38,57430.7,0,2
2026-05-06 16:14:00,37.63,43.64,81.81,57030.9,0,2
2026-05-06 16:15:00,37.65,44.67,81.19,56903.8,0,2
2026-05-06 16:16:00,37.69,42.68,81.43,56671.8,0,2
2026-05-06 16:17:00,37.95,44.07,81.28,56149.8,0,2
2026-05-06 16:18:00,38.09,44.01,81.4,56112.9,0,2
2026-05-06 16:19:00,37.9,42.96,81.05,55660.7,0,2
2026-05-06 16:20:00,37.52,44.34,81.2,55357.9,0,2
2026-05-06 16:21:00,37.92,43.49,80.95,55265.3,0,2
2026-05-06 16:22:00,37.86,43.61,80.16,55393.3,0,2
2026-05-06 16:23:00,36.95,46.38,80.44,54878.0,0,2
2026-05-06 16:24:00,37.97,44.59,80.31,54695.2,0,2
2026-05-06 16:25:00,37.68,45.61,80.06,54351.9,0,2
2026-05-06 16:26:00,37.66,46.96,80.07,54012.8,0,2
2026-05-06 16:27:00,37.16,46.49,79.33,53823.0,0,2
2026-05-06 16:28:00,37.98,42.18,79.41,53343.8,0,2
2026-05-06 16:29:00,37.64,43.72,79.05,53223.6,0,2
2026-05-06 16:30:00,37.73,45.99,78.88,53017.8,0,2
2026-05-06 16:31:00,37.18,44.67,79.27,52618.5,0,2
2026-05-06 16:32:00,37.62,43.98,79.44,52363.7,0,2
2026-05-06 16:33:00,37.6,44.96,79.26,51897.0,0,2
2026-05-06 16:34:00,37.41,44.49,79.1,51743.1,0,2
2026-05-06 16:35:00,37.1,47.32,77.89,51174.0,0,2
2026-05-06 16:36:00,37.38,44.67,77.45,51130.8,0,2
2026-05-06 16:37:00,37.13,48.11,77.44,50614.7,1,2
2026-05-06 16:38:00,37.17,44.49,77.02,50177.7,0,2
2026-05-06 16:39:00,37.61,43.75,76.37,49734.6,0,2
2026-05-06 16:40:00,37.32,43.95,76.51,49457.9,0,2
2026-05-06 16:41:00,37.25,44.1,77.0,49159.8,0,2
2026-05-06 16:42:00,36.95,46.33,76.6,48983.9,0,2
2026-05-06 16:43:00,37.21,43.49,76.91,48560.7,0,2
2026-05-06 16:44:00,37.16,43.97,77.14,48587.3,0,2
2026-05-06 16:45:00,36.92,46.13,76.63,48163.6,0,2
2026-05-06 16:46:00,37.41,42.22,76.24,47876.4,0,2
2026-05-06 16:47:00,37.38,43.11,76.94,47445.3,0,2
2026-05-06 16:48:00,36.9,45.48,76.37,47209.6,0,2
2026-05-06 16:49:00,37.16,45.67,76.03,46751.8,0,2
2026-05-06 16:50:00,36.57,45.6,76.81,46928.2,0,2
2026-05-06 16:51:00,37.08,45.81,76.48,46279.4,0,2
2026-05-06 16:52:00,37.17,44.13,76.98,46003.5,0,2
2026-05-06 16:53:00,36.67,47.68,76.45,46048.8,0,2
2026-05-06 16:54:00,36.92,46.6,76.42,45639.9,0,2
2026-05-06 16:55:00,36.92,44.53,76.81,45321.8,0,2
2026-05-06 16:56:00,37.58,44.36,76.52,45061.6,0,2
2026-05-06 16:57:00,37.48,42.38,76.48,44848.4,0,2
2026-05-06 16:58:00,36.88,46.68,76.71,44458.7,1,2
2026-05-06 16:59:00,36.6,44.42,76.23,43973.9,0,2
2026-05-06 17:00:00,36.8,45.03,77.11,43959.2,0,2
2026-05-06 17:01:00,36.99,45.06,77.46,43633.7,0,2
2026-05-06 17:02:00,36.26,44.78,77.21,43435.1,0,2
2026-05-06 17:03:00,36.12,45.63,77.0,42855.8,0,2
2026-05-06 17:04:00,36.33,46.79,77.73,42629.1,0,2
2026-05-06 17:05:00,36.77,45.12,77.47,42474.3,0,2
2026-05-06 17:06:00,36.76,46.79,77.16,42024.3,0,2
2026-05-06 17:07:00,36.63,46.81,77.55,41565.4,0,2
2026-05-06 17:08:00,36.76,44.71,76.84,41581.3,0,2
2026-05-06 17:09:00,36.41,45.68,76.7,41374.6,0,2
2026-05-06 17:10:00,36.35,45.76,76.64,40961.1,0,2
2026-05-06 17:11:00,36.48,45.64,76.24,40751.6,0,2
2026-05-06 17:12:00,36.78,47.48,75.47,40443.2,0,2
2026-05-06 17:13:00,36.42,46.44,75.42,40104.8,0,2
2026-05-06 17:14:00,36.26,44.45,75.64,39828.5,0,2
2026-05-06 17:15:00,36.35,45.53,75.26,39682.5,1,2
2026-05-06 17:16:00,36.57,45.45,74.67,39113.2,0,2
2026-05-06 17:17:00,36.09,47.18,75.14,39029.8,0,2
2026-05-06 17:18:00,36.03,48.92,75.29,38503.3,0,2
2026-05-06 17:19:00,35.99,47.76,75.05,38257.5,0,2
2026-05-06 17:20:00,36.28,46.29,75.37,38204.2,0,2
2026-05-06 17:21:00,35.84,46.0,75.39,37623.1,0,2
2026-05-06 17:22:00,36.16,48.28,76.08,37446.9,0,2
2026-05-06 17:23:00,35.6,47.01,76.27,37466.7,0,2
2026-05-06 17:24:00,35.86,45.29,75.57,37013.8,0,2
2026-05-06 17:25:00,35.88,47.4,75.19,36509.6,0,2
2026-05-06 17:26:00,36.3,44.9,74.85,36237.5,0,2
2026-05-06 17:27:00,36.06,47.51,74.9,35992.2,0,2
2026-05-06 17:28:00,35.69,46.76,74.69,35877.3,0,2
2026-05-06 17:29:00,35.61,46.98,74.12,35306.9,0,2
2026-05-06 17:30:00,35.54,44.16,74.31,35006.9,0,2
2026-05-06 17:31:00,35.39,48.95,74.66,34927.2,0,2
2026-05-06 17:32:00,36.03,45.34,74.54,34347.1,0,2
2026-05-06 17:33:00,35.4,46.77,74.55,34146.8,0,2
2026-05-06 17:34:00,35.98,47.05,74.05,33953.2,0,2
2026-05-06 17:35:00,35.54,47.27,73.75,33666.8,0,2
2026-05-06 17:36:00,35.46,50.32,73.48,33214.5,0,2
2026-05-06 17:37:00,35.46,45.48,73.65,33128.2,0,2
2026-05-06 17:38:00,35.7,46.76,73.7,32859.9,0,2
2026-05-06 17:39:00,35.15,48.94,73.48,32421.6,0,2
2026-05-06 17:40:00,35.45,47.04,73.26,32408.3,0,2
2026-05-06 17:41:00,35.27,47.81,72.35,31957.7,0,2
2026-05-06 17:42:00,35.35,50.82,72.99,31504.5,0,2
2026-05-06 17:43:00,35.15,48.06,72.03,31527.8,0,2
2026-05-06 17:44:00,35.08,49.77,72.16,30978.9,0,2
2026-05-06 17:45:00,35.26,48.62,72.13,30771.8,0,2
2026-05-06 17:46:00,34.74,49.45,71.97,30400.6,0,2
2026-05-06 17:47:00,35.39,47.41,71.92,30242.9,0,2
2026-05-06 17:48:00,35.03,46.2,71.58,29819.4,1,2
2026-05-06 17:49:00,34.83,49.75,71.82,29536.1,0,2
2026-05-06 17:50:00,35.02,48.84,71.21,29277.1,0,2
2026-05-06 17:51:00,34.71,49.25,71.31,28945.9,0,2
2026-05-06 17:52:00,34.86,48.21,70.98,28844.9,0,2
2026-05-06 17:53:00,34.82,47.67,70.76,28275.8,0,2
2026-05-06 17:54:00,35.08,49.68,70.56,28133.0,0,2
2026-05-06 17:55:00,34.79,48.89,70.45,27859.2,0,2
2026-05-06 17:56:00,34.4,46.85,70.64,27544.8,0,2
2026-05-06 17:57:00,34.78,48.44,70.59,27387.6,0,2
2026-05-06 17:58:00,34.78,48.15,70.96,26802.9,0,2
2026-05-06 17:59:00,34.15,46.24,71.38,26763.8,0,2
2026-05-06 18:00:00,34.22,48.4,71.47,26259.0,0,2
2026-05-06 18:01:00,34.97,51.35,71.72,26060.4,0,2
2026-05-06 18:02:00,34.35,46.28,72.54,25673.2,0,2
2026-05-06 18:03:00,34.31,47.78,71.87,25508.9,0,2
2026-05-06 18:04:00,34.33,46.21,72.28,25193.6,0,2
2026-05-06 18:05:00,34.14,47.51,72.88,25174.3,0,2
2026-05-06 18:06:00,33.81,47.66,73.0,24721.8,0,2
2026-05-06 18:07:00,33.93,48.27,73.75,24461.2,0,2
2026-05-06 18:08:00,34.01,51.65,74.43,23991.6,0,2
2026-05-06 18:09:00,34.0,50.69,74.19,23929.8,0,2
2026-05-06 18:10:00,33.89,49.44,73.99,23754.6,0,2
2026-05-06 18:11:00,33.66,52.08,74.13,23379.9,0,2
2026-05-06 18:12:00,33.85,49.23,73.77,22836.2,0,2
2026-05-06 18:13:00,34.23,48.14,74.85,22656.5,0,2
2026-05-06 18:14:00,33.73,49.45,75.09,22444.4,0,2
2026-05-06 18:15:00,33.81,47.96,75.01,22081.8,0,2
2026-05-06 18:16:00,34.17,47.1,74.29,22175.3,0,2
2026-05-06 18:17:00,33.59,50.96,74.31,21534.3,0,2
2026-05-06 18:18:00,34.48,49.32,73.7,21308.5,0,2
2026-05-06 18:19:00,33.9,48.2,73.94,20963.8,0,2
2026-05-06 18:20:00,33.65,50.66,72.77,20786.3,0,2
2026-05-06 18:21:00,33.52,50.88,73.29,20647.8,0,2
2026-05-06 18:22:00,33.87,49.06,73.03,20219.8,0,2
2026-05-06 18:23:00,33.31,49.42,72.22,19904.4,0,2
2026-05-06 18:24:00,33.33,51.48,72.15,19527.3,1,2
2026-05-06 18:25:00,33.8,50.42,72.09,19527.3,0,2
2026-05-06 18:26:00,33.25,52.73,72.0,19091.9,0,1
2026-05-06 18:27:00,33.19,51.26,72.53,18814.3,0,1
2026-05-06 18:28:00,33.09,48.75,72.62,18284.4,0,1
2026-05-06 18:29:00,32.73,49.55,73.4,18278.9,0,2
2026-05-06 18:30:00,33.42,50.16,73.66,17975.9,1,2
2026-05-06 18:31:00,33.1,51.82,74.38,17535.6,1,2
2026-05-06 18:32:00,33.34,50.91,74.15,17605.0,1,2
2026-05-06 18:33:00,32.98,50.29,74.8,17154.4,1,2
2026-05-06 18:34:00,32.87,49.16,74.95,17179.3,1,2
2026-05-06 18:35:00,32.76,53.1,75.86,16855.6,0,2
2026-05-06 18:36:00,33.05,52.63,76.29,16334.4,0,2
2026-05-06 18:37:00,32.63,49.83,77.0,16320.9,0,2
2026-05-06 18:38:00,32.88,51.96,77.54,16086.6,0,2
2026-05-06 18:39:00,32.75,51.66,78.7,15564.0,0,2
2026-05-06 18:40:00,32.43,52.62,78.47,15245.8,0,2
2026-05-06 18:41:00,32.53,53.48,78.9,14850.6,0,2
2026-05-06 18:42:00,32.6,53.27,78.91,14895.5,0,2
2026-05-06 18:43:00,32.47,52.35,78.48,14474.6,0,2
2026-05-06 18:44:00,32.97,50.74,78.59,14383.3,0,2
2026-05-06 18:45:00,32.51,51.33,79.54,14009.5,0,2
2026-05-06 18:46:00,32.36,51.64,79.95,13728.7,1,2
2026-05-06 18:47:00,32.27,55.3,80.22,13500.7,1,2
2026-05-06 18:48:00,32.25,52.1,80.88,13158.9,1,2
2026-05-06 18:49:00,32.11,53.18,81.31,12995.4,1,2
2026-05-06 18:50:00,32.01,52.89,81.98,12723.5,1,3
2026-05-06 18:51:00,32.32,50.77,82.63,12560.4,1,3
2026-05-06 18:52:00,32.51,52.27,83.21,12326.0,0,3
2026-05-06 18:53:00,31.96,51.66,83.51,11937.5,1,3
2026-05-06 18:54:00,32.13,51.08,84.26,11952.0,1,3
2026-05-06 18:55:00,31.81,53.38,84.06,11555.7,1,3
2026-05-06 18:56:00,31.96,50.94,84.41,11511.4,1,3
2026-05-06 18:57:00,31.56,54.07,85.3,11117.6,1,3
2026-05-06 18:58:00,31.62,53.61,85.57,10855.7,0,3
2026-05-06 18:59:00,31.57,54.52,85.7,10548.7,0,3
2026-05-06 19:00:00,31.71,53.39,87.13,10442.8,0,3
2026-05-06 19:01:00,31.4,52.09,87.55,10135.9,0,3
2026-05-06 19:02:00,31.09,55.02,87.4,9999.1,0,3
2026-05-06 19:03:00,31.26,54.84,86.78,9854.2,0,3
2026-05-06 19:04:00,31.51,54.16,85.7,9341.4,0,3
2026-05-06 19:05:00,31.3,54.26,85.83,9270.7,0,3
2026-05-06 19:06:00,31.31,51.6,86.19,9037.3,0,3
2026-05-06 19:07:00,31.47,54.17,86.17,8793.5,0,3
2026-05-06 19:08:00,31.15,52.09,85.24,8459.5,0,1
2026-05-06 19:09:00,31.29,52.65,85.13,8236.4,0,1
2026-05-06 19:10:00,31.79,51.69,84.74,7992.0,0,1
2026-05-06 19:11:00,31.11,51.76,84.63,7767.4,0,1
2026-05-06 19:12:00,31.11,53.86,85.3,7518.3,0,1
2026-05-06 19:13:00,31.21,53.47,85.45,7387.6,0,1
2026-05-06 19:14:00,30.86,55.59,85.51,7091.9,0,1
2026-05-06 19:15:00,30.87,55.43,85.31,7019.5,0,1
2026-05-06 19:16:00,30.94,54.09,85.3,6760.3,0,1
2026-05-06 19:17:00,30.97,54.79,84.8,6561.7,0,1
2026-05-06 19:18:00,30.63,54.19,84.85,6298.4,0,1
2026-05-06 19:19:00,30.96,53.73,84.59,6131.1,0,1
2026-05-06 19:20:00,31.15,53.73,84.05,5886.6,0,1
2026-05-06 19:21:00,30.24,54.68,84.23,5805.3,0,1
2026-05-06 19:22:00,30.77,54.38,83.09,5456.1,0,1
2026-05-06 19:23:00,30.6,55.16,82.69,5353.6,1,1
2026-05-06 19:24:00,30.49,53.04,82.8,4953.3,0,1
2026-05-06 19:25:00,30.6,53.87,83.17,4999.0,0,1
2026-05-06 19:26:00,30.81,54.99,83.21,4652.1,0,1
2026-05-06 19:27:00,30.48,53.86,82.76,4417.6,1,1
2026-05-06 19:28:00,30.61,53.71,82.57,4200.4,0,1
2026-05-06 19:29:00,30.31,55.99,82.54,4003.2,0,1
2026-05-06 19:30:00,30.36,53.81,83.05,3906.2,0,1
2026-05-06 19:31:00,30.08,55.6,83.28,3960.8,0,1
2026-05-06 19:32:00,30.18,55.13,83.51,3523.2,0,1
2026-05-06 19:33:00,30.05,56.2,83.37,3157.2,0,1
2026-05-06 19:34:00,30.09,54.99,82.73,3290.6,0,1
2026-05-06 19:35:00,29.6,54.81,81.96,2940.0,0,1
2026-05-06 19:36:00,29.69,54.86,81.67,3001.2,0,1
2026-05-06 19:37:00,30.21,56.89,81.82,2685.4,0,1
2026-05-06 19:38:00,30.21,54.26,81.45,2538.4,0,1
2026-05-06 19:39:00,29.38,55.35,81.55,2553.1,0,1
2026-05-06 19:40:00,29.62,55.18,81.05,2324.8,0,1
2026-05-06 19:41:00,29.52,55.54,80.63,1945.4,0,1
2026-05-06 19:42:00,29.72,55.1,81.1,1810.6,0,1
2026-05-06 19:43:00,29.59,56.46,81.28,1579.3,0,1
2026-05-06 19:44:00,29.72,55.71,81.0,1960.0,0,1
2026-05-06 19:45:00,29.17,55.66,80.49,1401.9,0,1
2026-05-06 19:46:00,29.54,56.71,80.76,1507.3,0,1
2026-05-06 19:47:00,29.32,56.5,80.99,1168.4,0,1
2026-05-06 19:48:00,29.16,57.96,81.11,972.2,0,1
2026-05-06 19:49:00,29.41,56.41,80.89,978.1,0,1
2026-05-06 19:50:00,29.18,56.19,80.26,814.5,0,1
2026-05-06 19:51:00,29.17,56.12,80.11,832.9,0,1
2026-05-06 19:52:00,29.47,56.11,80.58,722.4,0,1
2026-05-06 19:53:00,29.11,56.89,80.04,447.4,0,1
2026-05-06 19:54:00,29.52,55.86,79.92,244.8,0,1
2026-05-06 19:55:00,28.4,56.91,80.49,179.9,0,1
2026-05-06 19:56:00,28.93,57.45,80.21,0.0,0,1
2026-05-06 19:57:00,28.6,57.67,80.01,125.3,0,1
2026-05-06 19:58:00,28.6,57.19,79.28,88.3,0,1
2026-05-06 19:59:00,28.61,57.94,79.42,0.0,0,1
2026-05-06 20:00:00,28.96,56.57,78.97,0.0,0,1
2026-05-06 20:01:00,28.57,57.21,78.17,0.0,0,1
2026-05-06 20:02:00,28.34,58.28,77.64,0.0,0,1
2026-05-06 20:03:00,28.74,57.93,77.62,0.0,0,1
2026-05-06 20:04:00,28.23,58.47,76.82,0.0,0,1
2026-05-06 20:05:00,28.89,55.84,76.13,29.8,0,1
2026-05-06 20:06:00,28.1,58.31,76.28,0.0,0,1
2026-05-06 20:07:00,28.3,57.63,76.15,0.0,0,1
2026-05-06 20:08:00,28.8,57.35,75.67,0.0,0,1
2026-05-06 20:09:00,28.19,59.93,75.44,0.0,0,1
2026-05-06 20:10:00,28.32,57.3,76.11,10.6,0,1
2026-05-06 20:11:00,28.14,57.83,76.57,0.0,0,1
2026-05-06 20:12:00,28.11,57.17,76.43,229.4,0,1
2026-05-06 20:13:00,27.86,57.97,76.68,19.5,0,1
2026-05-06 20:14:00,28.13,57.01,76.63,0.0,0,1
2026-05-06 20:15:00,28.29,56.3,75.76,59.9,0,1
2026-05-06 20:16:00,27.43,56.46,74.83,253.5,0,1
2026-05-06 20:17:00,27.63,57.68,74.36,30.3,0,1
2026-05-06 20:18:00,27.67,57.71,73.61,0.0,0,1
2026-05-06 20:19:00,27.54,58.58,73.66,51.8,0,1
2026-05-06 20:20:00,27.87,57.53,73.37,0.0,0,1
2026-05-06 20:21:00,27.51,59.93,73.49,0.0,0,1
2026-05-06 20:22:00,27.63,58.79,73.62,243.9,0,1
2026-05-06 20:23:00,27.93,58.98,73.86,218.0,0,1
2026-05-06 20:24:00,27.06,60.49,73.39,0.0,0,1
2026-05-06 20:25:00,27.54,60.31,73.55,0.0,0,1
2026-05-06 20:26:00,27.38,60.04,73.08,59.4,0,1
2026-05-06 20:27:00,27.33,57.88,73.33,0.0,0,1
2026-05-06 20:28:00,27.08,60.31,73.79,24.0,0,1
2026-05-06 20:29:00,27.16,59.55,74.04,0.0,0,1
2026-05-06 20:30:00,27.21,60.72,73.89,0.0,0,1
2026-05-06 20:31:00,27.11,59.27,74.06,0.0,0,1
2026-05-06 20:32:00,27.29,60.37,73.33,99.2,0,1
2026-05-06 20:33:00,26.79,59.82,72.5,162.3,0,1
2026-05-06 20:34:00,26.66,60.04,72.65,5.8,0,1
2026-05-06 20:35:00,26.46,60.95,73.16,13.5,0,1
2026-05-06 20:36:00,26.95,59.09,72.57,93.3,0,1
2026-05-06 20:37:00,27.05,59.99,72.52,18.0,0,1
2026-05-06 20:38:00,26.52,58.25,72.66,225.3,0,1
2026-05-06 20:39:00,26.45,60.75,72.34,0.0,0,1
2026-05-06 20:40:00,27.19,57.61,72.14,140.9,0,1
2026-05-06 20:41:00,26.99,60.08,72.35,23.9,0,1
2026-05-06 20:42:00,26.95,55.72,72.35,0.0,0,1
2026-05-06 20:43:00,26.66,57.7,72.34,289.5,0,1
2026-05-06 20:44:00,26.7,59.88,71.86,306.0,0,1
2026-05-06 20:45:00,26.4,60.32,71.8,0.0,0,1
2026-05-06 20:46:00,26.07,60.4,71.58,73.2,0,1
2026-05-06 20:47:00,26.04,61.62,71.39,0.0,0,1
2026-05-06 20:48:00,26.33,61.45,71.12,0.0,0,1
2026-05-06 20:49:00,26.51,63.12,71.07,0.0,0,1
2026-05-06 20:50:00,26.19,60.58,70.65,0.0,0,1
2026-05-06 20:51:00,26.34,61.56,70.63,221.3,0,1
2026-05-06 20:52:00,26.12,59.64,70.44,0.0,0,1
2026-05-06 20:53:00,26.17,59.9,70.01,6.1,0,1
2026-05-06 20:54:00,26.24,59.48,69.14,0.0,0,1
2026-05-06 20:55:00,26.34,60.2,69.54,22.8,0,1
2026-05-06 20:56:00,26.03,61.03,69.85,0.0,0,1
2026-05-06 20:57:00,26.4,61.49,69.48,0.0,0,1
2026-05-06 20:58:00,25.81,61.48,69.75,0.0,0,1
2026-05-06 20:59:00,26.15,62.19,69.29,155.1,0,1
2026-05-06 21:00:00,25.93,62.53,69.14,0.0,0,1
2026-05-06 21:01:00,25.28,61.86,68.9,0.0,0,1
2026-05-06 21:02:00,26.05,60.61,68.77,0.0,0,1
2026-05-06 21:03:00,25.42,59.78,69.04,0.0,0,1
2026-05-06 21:04:00,25.55,60.78,68.85,0.0,0,1
2026-05-06 21:05:00,25.78,60.13,68.69,117.3,0,1
2026-05-06 21:06:00,25.34,60.81,69.01,0.0,0,1
2026-05-06 21:07:00,25.46,61.04,69.02,0.0,0,1
2026-05-06 21:08:00,25.6,61.99,68.75,36.0,0,1
2026-05-06 21:09:00,25.19,62.28,68.84,0.0,0,1
2026-05-06 21:10:00,25.3,62.97,69.26,289.2,0,1
2026-05-06 21:11:00,25.22,62.35,69.69,0.0,0,1
2026-05-06 21:12:00,25.51,60.77,69.1,49.6,0,1
2026-05-06 21:13:00,25.62,62.24,68.53,99.2,0,1
2026-05-06 21:14:00,24.92,60.67,68.95,0.0,0,1
2026-05-06 21:15:00,25.17,63.13,68.81,19.8,0,1
2026-05-06 21:16:00,24.98,61.31,67.85,0.0,0,1
2026-05-06 21:17:00,25.08,59.33,67.53,32.9,0,1
2026-05-06 21:18:00,25.47,62.19,67.35,34.5,0,1
2026-05-06 21:19:00,25.09,61.7,67.22,26.8,0,1
2026-05-06 21:20:00,24.82,63.87,67.56,0.0,0,1
2026-05-06 21:21:00,24.58,63.95,67.16,267.3,0,1
2026-05-06 21:22:00,25.13,60.83,67.57,114.0,0,1
2026-05-06 21:23:00,24.73,64.41,67.7,0.0,0,1
2026-05-06 21:24:00,24.61,60.48,67.14,0.0,0,1
2026-05-06 21:25:00,24.85,62.97,67.01,0.0,0,1
2026-05-06 21:26:00,24.88,64.08,67.23,151.0,0,1
2026-05-06 21:27:00,24.61,61.53,67.26,56.9,0,1
2026-05-06 21:28:00,24.43,65.0,67.43,37.6,0,1
2026-05-06 21:29:00,24.98,62.43,67.17,0.0,0,1
2026-05-06 21:30:00,24.77,62.97,67.42,0.0,0,1
2026-05-06 21:31:00,24.81,63.87,67.25,110.3,0,1
2026-05-06 21:32:00,24.45,63.48,68.35,142.6,0,1
2026-05-06 21:33:00,24.3,61.6,67.77,117.4,0,1
2026-05-06 21:34:00,24.34,59.26,68.93,0.0,0,1
2026-05-06 21:35:00,24.06,62.34,68.5,0.0,0,1
2026-05-06 21:36:00,24.33,62.07,69.03,30.4,0,1
2026-05-06 21:37:00,24.22,62.16,69.36,0.0,0,1
2026-05-06 21:38:00,24.34,62.37,68.94,0.0,0,1
2026-05-06 21:39:00,24.34,59.71,69.17,0.0,0,1
2026-05-06 21:40:00,24.32,61.72,68.93,180.0,0,1
2026-05-06 21:41:00,24.13,64.08,69.03,0.0,0,1
2026-05-06 21:42:00,23.95,64.92,69.06,5.7,0,1
2026-05-06 21:43:00,23.86,62.92,68.89,0.0,0,1
2026-05-06 21:44:00,24.25,64.08,68.68,0.0,0,1
2026-05-06 21:45:00,24.21,60.2,68.8,0.0,0,1
2026-05-06 21:46:00,23.8,64.2,68.39,94.7,0,1
2026-05-06 21:47:00,24.48,64.35,68.0,4.3,0,1
2026-05-06 21:48:00,24.31,63.78,68.4,0.0,0,1
2026-05-06 21:49:00,23.83,63.81,68.56,6.2,0,1
2026-05-06 21:50:00,24.13,60.36,67.98,0.0,0,1
2026-05-06 21:51:00,24.01,65.0,67.53,57.1,0,1
2026-05-06 21:52:00,24.08,65.0,66.6,0.0,0,1
2026-05-06 21:53:00,24.04,64.38,67.0,0.0,0,1
2026-05-06 21:54:00,24.15,64.99,67.3,61.6,0,1
2026-05-06 21:55:00,24.33,63.14,66.83,0.0,0,1
2026-05-06 21:56:00,24.02,64.49,67.11,0.0,0,1
2026-05-06 21:57:00,24.06,64.52,67.97,140.1,0,1
2026-05-06 21:58:00,24.27,63.14,67.29,0.0,0,1
2026-05-06 21:59:00,23.76,62.95,67.02,59.8,0,1
2026-05-06 22:00:00,23.64,65.0,66.35,113.9,0,1
2026-05-06 22:01:00,24.03,65.0,66.76,140.0,0,1
2026-05-06 22:02:00,23.54,65.0,66.73,261.2,0,1
2026-05-06 22:03:00,23.62,64.54,66.56,0.0,0,1
2026-05-06 22:04:00,24.19,63.65,66.66,0.0,0,1
2026-05-06 22:05:00,23.37,64.87,66.42,98.1,0,4
2026-05-06 22:06:00,23.86,61.06,66.26,112.8,0,1
2026-05-06 22:07:00,23.41,64.3,66.39,0.0,0,1
2026-05-06 22:08:00,23.86,63.54,66.13,58.2,0,1
2026-05-06 22:09:00,24.2,61.87,65.94,326.9,0,1
2026-05-06 22:10:00,23.47,65.0,65.88,12.6,0,4
2026-05-06 22:11:00,23.19,65.0,65.94,110.8,0,1
2026-05-06 22:12:00,23.79,60.76,66.21,189.2,0,4
2026-05-06 22:13:00,23.53,64.54,66.47,300.4,0,1
2026-05-06 22:14:00,23.63,65.0,65.83,29.5,0,1
2026-05-06 22:15:00,23.75,63.23,66.45,150.4,0,1
2026-05-06 22:16:00,23.79,62.66,66.48,0.0,0,1
2026-05-06 22:17:00,23.78,62.36,66.34,3.0,0,1
2026-05-06 22:18:00,23.62,64.25,65.95,0.0,0,1
2026-05-06 22:19:00,23.72,63.12,66.82,0.0,0,1
2026-05-06 22:20:00,23.56,62.46,67.84,0.0,0,4
2026-05-06 22:21:00,23.51,65.0,68.63,51.6,0,1
2026-05-06 22:22:00,23.58,64.44,68.65,54.0,0,1
2026-05-06 22:23:00,23.71,63.37,68.77,0.0,0,1
2026-05-06 22:24:00,23.4,65.0,69.38,186.9,0,1
2026-05-06 22:25:00,23.6,64.49,69.23,0.0,0,1
2026-05-06 22:26:00,23.42,64.25,69.43,30.9,0,1
2026-05-06 22:27:00,23.34,64.78,69.48,0.0,0,1
2026-05-06 22:28:00,23.78,63.27,70.27,12.8,0,4
2026-05-06 22:29:00,23.6,63.99,70.83,107.8,0,1
2026-05-06 22:30:00,23.59,64.87,70.71,90.9,0,1
2026-05-06 22:31:00,23.25,65.0,71.3,84.9,0,1
2026-05-06 22:32:00,23.42,63.76,71.23,69.6,0,1
2026-05-06 22:33:00,23.62,64.89,70.92,0.0,0,1
2026-05-06 22:34:00,23.55,62.46,70.73,136.1,0,1
2026-05-06 22:35:00,24.09,64.08,70.73,0.0,0,1
2026-05-06 22:36:00,23.5,65.0,70.33,0.0,0,1
2026-05-06 22:37:00,23.27,64.65,70.05,0.0,0,1
2026-05-06 22:38:00,23.32,63.86,69.37,61.5,0,1
2026-05-06 22:39:00,23.21,64.07,68.97,0.0,0,1
2026-05-06 22:40:00,23.25,65.0,69.03,0.4,0,1
2026-05-06 22:41:00,23.43,64.47,69.44,213.7,0,1
2026-05-06 22:42:00,23.28,64.12,69.79,0.0,0,1
2026-05-06 22:43:00,23.73,64.77,69.93,19.2,0,1
2026-05-06 22:44:00,23.61,63.1,69.21,0.0,0,1
2026-05-06 22:45:00,23.6,65.0,68.8,100.4,0,4
2026-05-06 22:46:00,23.31,64.19,68.68,0.0,0,1
2026-05-06 22:47:00,23.6,64.96,69.06,4.6,0,1
2026-05-06 22:48:00,23.62,65.0,68.78,0.0,0,1
2026-05-06 22:49:00,23.75,61.61,68.21,155.0,0,1
2026-05-06 22:50:00,23.22,64.61,68.81,8.7,0,4
2026-05-06 22:51:00,23.35,62.68,68.45,16.5,1,1
2026-05-06 22:52:00,23.15,62.71,67.94,99.5,0,1
2026-05-06 22:53:00,24.0,63.32,68.01,0.0,0,1
2026-05-06 22:54:00,23.28,64.98,67.96,0.0,0,1
2026-05-06 22:55:00,23.65,62.24,67.72,20.4,0,1
2026-05-06 22:56:00,23.36,64.82,67.7,0.0,0,1
2026-05-06 22:57:00,23.54,63.2,67.28,0.0,0,1
2026-05-06 22:58:00,23.31,64.65,67.04,0.0,0,1
2026-05-06 22:59:00,23.54,65.0,67.01,0.0,0,1
2026-05-06 23:00:00,23.38,64.09,66.12,0.0,0,1
2026-05-06 23:01:00,23.73,62.61,66.53,62.7,0,1
2026-05-06 23:02:00,23.38,64.45,65.94,90.0,0,4
2026-05-06 23:03:00,23.12,64.61,65.54,217.1,0,1
2026-05-06 23:04:00,23.43,63.99,65.98,0.0,0,1
2026-05-06 23:05:00,23.3,64.63,66.22,18.5,0,1
2026-05-06 23:06:00,23.04,64.72,66.26,0.0,0,1
2026-05-06 23:07:00,23.38,62.98,65.52,38.4,0,1
2026-05-06 23:08:00,23.13,65.0,65.27,47.8,0,1
2026-05-06 23:09:00,23.22,65.0,65.19,110.7,0,1
2026-05-06 23:10:00,23.29,64.15,65.14,110.2,0,1
2026-05-06 23:11:00,22.76,65.0,65.65,62.3,0,1
2026-05-06 23:12:00,23.16,62.32,66.51,181.2,0,1
2026-05-06 23:13:00,23.5,64.28,66.77,3.2,0,1
2026-05-06 23:14:00,23.21,65.0,66.53,0.0,0,1
2026-05-06 23:15:00,22.78,65.0,67.05,0.0,1,1
2026-05-06 23:16:00,23.23,64.86,66.78,10.4,0,1
2026-05-06 23:17:00,23.37,64.43,65.64,0.0,0,1
2026-05-06 23:18:00,23.17,64.4,65.1,0.0,0,1
2026-05-06 23:19:00,23.18,65.0,64.09,0.0,0,1
2026-05-06 23:20:00,23.13,65.0,63.96,64.4,0,1
2026-05-06 23:21:00,23.39,63.85,63.91,65.6,0,1
2026-05-06 23:22:00,23.03,65.0,63.25,0.0,0,1
2026-05-06 23:23:00,23.37,63.51,62.93,0.0,0,1
2026-05-06 23:24:00,23.16,64.25,62.36,219.0,0,1
2026-05-06 23:25:00,23.54,62.91,62.36,75.6,0,1
2026-05-06 23:26:00,23.1,65.0,62.04,54.5,1,1
2026-05-06 23:27:00,22.95,65.0,62.54,0.0,0,1
2026-05-06 23:28:00,23.38,64.95,62.66,34.5,0,1
2026-05-06 23:29:00,23.34,64.89,63.4,0.0,0,4
2026-05-06 23:30:00,23.32,65.0,63.25,0.0,0,1
2026-05-06 23:31:00,23.42,65.0,64.21,0.0,0,1
2026-05-06 23:32:00,22.96,65.0,64.24,0.0,0,1
2026-05-06 23:33:00,23.01,62.62,64.03,0.0,0,1
2026-05-06 23:34:00,23.54,63.95,65.1,0.0,0,1
2026-05-06 23:35:00,23.31,64.52,64.32,0.0,0,1
2026-05-06 23:36:00,23.09,62.98,64.11,0.0,0,1
2026-05-06 23:37:00,22.76,65.0,63.42,0.0,0,1
2026-05-06 23:38:00,22.89,65.0,62.66,0.0,0,1
2026-05-06 23:39:00,22.96,64.02,61.82,96.2,0,1
2026-05-06 23:40:00,23.05,65.0,62.14,249.7,0,4
2026-05-06 23:41:00,23.27,65.0,61.63,123.3,1,1
2026-05-06 23:42:00,22.85,65.0,61.58,135.7,0,1
2026-05-06 23:43:00,23.05,65.0,62.03,75.1,0,4
2026-05-06 23:44:00,22.87,64.27,62.29,31.9,0,1
2026-05-06 23:45:00,23.08,65.0,62.52,10.4,0,1
2026-05-06 23:46:00,23.78,65.0,63.09,0.0,0,1
2026-05-06 23:47:00,23.47,64.91,63.83,82.8,0,1
2026-05-06 23:48:00,23.32,64.92,63.31,100.7,0,1
2026-05-06 23:49:00,23.04,63.99,63.56,0.0,0,1
2026-05-06 23:50:00,22.9,65.0,63.48,88.1,0,1
2026-05-06 23:51:00,23.15,64.81,63.45,0.0,0,4
2026-05-06 23:52:00,22.78,65.0,62.83,0.0,0,1
2026-05-06 23:53:00,23.33,65.0,62.65,118.0,0,4
2026-05-06 23:54:00,23.11,64.49,62.51,76.6,0,4
2026-05-06 23:55:00,23.16,63.94,63.18,0.0,0,4
2026-05-06 23:56:00,22.74,65.0,62.72,0.0,0,1
2026-05-06 23:57:00,23.17,62.95,61.73,45.9,0,1
2026-05-06 23:58:00,23.1,65.0,61.79,0.0,0,1
2026-05-06 23:59:00,22.92,63.64,61.31,0.0,0,1
2026-05-07 00:00:00,23.21,62.53,61.31,0.0,0,4
2026-05-07 00:01:00,23.05,65.0,61.66,1.4,0,4
2026-05-07 00:02:00,23.22,65.0,61.68,130.6,0,4
2026-05-07 00:03:00,23.3,63.82,61.56,57.3,0,1
2026-05-07 00:04:00,22.88,63.79,61.55,0.0,0,4
2026-05-07 00:05:00,23.17,65.0,61.98,0.0,0,4
2026-05-07 00:06:00,23.16,64.21,61.54,0.0,0,4
2026-05-07 00:07:00,23.45,65.0,61.91,240.0,0,1
2026-05-07 00:08:00,23.35,63.82,61.54,8.2,0,4
2026-05-07 00:09:00,23.05,64.42,61.86,24.0,0,4
2026-05-07 00:10:00,23.03,65.0,61.25,0.0,0,1
2026-05-07 00:11:00,23.17,63.53,61.55,0.0,0,1
2026-05-07 00:12:00,22.85,63.46,61.57,0.0,0,1
2026-05-07 00:13:00,22.89,64.04,61.67,0.0,0,1
2026-05-07 00:14:00,23.01,65.0,62.14,35.6,0,1
2026-05-07 00:15:00,22.53,65.0,61.84,34.1,0,4
2026-05-07 00:16:00,22.88,65.0,61.89,91.7,0,4
2026-05-07 00:17:00,23.04,63.9,62.07,0.0,0,1
2026-05-07 00:18:00,23.81,62.87,62.0,0.0,0,4
2026-05-07 00:19:00,22.96,65.0,62.36,7.7,0,1
2026-05-07 00:20:00,23.28,62.52,62.55,0.0,0,1
2026-05-07 00:21:00,23.07,62.65,62.35,0.0,0,4
2026-05-07 00:22:00,23.23,64.92,62.94,32.8,0,4
2026-05-07 00:23:00,22.84,65.0,63.22,0.0,0,4
2026-05-07 00:24:00,22.73,65.0,62.9,23.1,0,4
2026-05-07 00:25:00,23.45,64.78,62.57,65.3,0,1
2026-05-07 00:26:00,22.78,65.0,62.52,7.8,0,4
2026-05-07 00:27:00,23.48,64.11,62.76,86.5,0,1
2026-05-07 00:28:00,23.01,64.53,61.85,0.0,0,4
2026-05-07 00:29:00,22.89,65.0,61.56,0.0,0,1
2026-05-07 00:30:00,22.97,65.0,61.37,107.1,0,1
2026-05-07 00:31:00,23.5,65.0,60.81,0.0,0,1
2026-05-07 00:32:00,22.92,64.88,60.44,0.0,0,4
2026-05-07 00:33:00,23.0,65.0,60.58,0.0,0,1
2026-05-07 00:34:00,23.33,65.0,60.44,0.0,0,1
2026-05-07 00:35:00,23.21,65.0,60.34,0.0,0,1
2026-05-07 00:36:00,23.61,62.14,59.82,221.2,0,1
2026-05-07 00:37:00,23.38,65.0,59.82,34.4,0,4
2026-05-07 00:38:00,22.91,65.0,59.25,0.0,0,1
2026-05-07 00:39:00,23.41,61.02,59.98,0.0,0,1
2026-05-07 00:40:00,22.6,65.0,60.81,48.7,0,1
2026-05-07 00:41:00,23.27,63.76,60.68,0.0,0,1
2026-05-07 00:42:00,22.91,64.55,60.27,274.2,0,1
2026-05-07 00:43:00,23.22,64.64,60.71,67.2,0,1
2026-05-07 00:44:00,23.57,65.0,61.04,83.1,1,1
2026-05-07 00:45:00,22.66,65.0,61.92,45.7,0,4
2026-05-07 00:46:00,23.3,65.0,62.89,150.4,0,1
2026-05-07 00:47:00,23.28,65.0,62.06,0.0,0,1
2026-05-07 00:48:00,23.24,64.43,62.61,0.0,0,1
2026-05-07 00:49:00,22.82,62.74,62.56,158.6,0,4
2026-05-07 00:50:00,23.05,61.93,62.84,214.6,0,1
2026-05-07 00:51:00,22.83,65.0,63.21,0.0,0,1
2026-05-07 00:52:00,23.17,64.68,63.56,0.0,0,4
2026-05-07 00:53:00,22.74,65.0,64.02,38.8,0,4
2026-05-07 00:54:00,22.96,65.0,63.8,76.9,1,1
2026-05-07 00:55:00,23.22,62.58,63.42,36.3,0,1
2026-05-07 00:56:00,22.88,64.44,63.96,11.5,0,1
2026-05-07 00:57:00,22.97,65.0,63.61,0.0,0,1
2026-05-07 00:58:00,22.84,63.89,64.44,0.0,0,1
2026-05-07 00:59:00,23.13,65.0,64.12,0.0,0,1
2026-05-07 01:00:00,23.03,64.43,63.98,0.0,0,4
2026-05-07 01:01:00,22.88,64.78,63.92,0.0,0,4
2026-05-07 01:02:00,22.9,63.21,63.27,90.1,0,4
2026-05-07 01:03:00,23.1,65.0,62.64,123.8,0,4
2026-05-07 01:04:00,22.8,65.0,63.08,0.0,0,1
2026-05-07 01:05:00,23.05,65.0,62.37,0.0,0,4
2026-05-07 01:06:00,23.07,63.98,63.5,0.0,0,4
2026-05-07 01:07:00,23.1,64.39,63.49,0.0,0,1
2026-05-07 01:08:00,22.92,65.0,63.08,59.2,0,4
2026-05-07 01:09:00,23.21,65.0,63.29,62.1,0,4
2026-05-07 01:10:00,23.29,65.0,62.26,129.0,0,1
2026-05-07 01:11:00,23.22,65.0,62.17,126.5,0,4
2026-05-07 01:12:00,23.1,65.0,62.13,0.0,0,1
2026-05-07 01:13:00,22.69,65.0,61.63,341.1,0,4
2026-05-07 01:14:00,23.47,63.55,61.41,186.0,0,1
2026-05-07 01:15:00,23.06,64.64,62.13,0.0,0,4
2026-05-07 01:16:00,23.13,63.35,62.26,15.2,0,4
2026-05-07 01:17:00,22.87,64.58,62.48,0.0,0,1
2026-05-07 01:18:00,22.99,65.0,62.18,3.3,0,4
2026-05-07 01:19:00,23.34,65.0,61.66,200.8,0,1
2026-05-07 01:20:00,23.24,65.0,61.61,333.8,0,4
2026-05-07 01:21:00,22.96,65.0,60.61,0.0,0,1
2026-05-07 01:22:00,23.42,62.83,60.21,40.2,0,1
2026-05-07 01:23:00,22.79,63.06,59.74,72.6,0,1
2026-05-07 01:24:00,22.62,65.0,58.95,237.6,0,1
2026-05-07 01:25:00,22.56,65.0,59.32,0.0,0,1
2026-05-07 01:26:00,23.24,65.0,59.36,318.7,0,1
2026-05-07 01:27:00,22.86,65.0,59.18,0.0,0,1
2026-05-07 01:28:00,23.0,64.66,59.56,0.0,0,1
2026-05-07 01:29:00,23.31,64.88,58.94,0.0,0,4
2026-05-07 01:30:00,23.12,65.0,58.46,0.0,0,4
2026-05-07 01:31:00,22.74,64.43,59.04,50.3,0,1
2026-05-07 01:32:00,23.44,63.7,60.12,0.0,0,4
2026-05-07 01:33:00,22.96,65.0,60.49,17.0,0,1
2026-05-07 01:34:00,23.02,65.0,60.77,79.7,0,1
2026-05-07 01:35:00,22.85,65.0,60.59,177.9,0,4
2026-05-07 01:36:00,22.75,62.98,60.42,81.7,0,4
2026-05-07 01:37:00,23.09,65.0,60.59,170.6,0,4
2026-05-07 01:38:00,22.67,65.0,61.25,0.0,0,4
2026-05-07 01:39:00,23.01,65.0,61.5,47.3,0,1
2026-05-07 01:40:00,23.42,64.15,61.97,0.0,0,1
2026-05-07 01:41:00,23.21,65.0,61.62,2.1,0,4
2026-05-07 01:42:00,23.07,64.95,61.94,62.1,0,4
2026-05-07 01:43:00,22.75,64.7,61.7,73.0,0,4
2026-05-07 01:44:00,23.0,64.08,61.82,0.0,0,4
2026-05-07 01:45:00,22.82,65.0,62.14,0.0,0,4
2026-05-07 01:46:00,23.38,62.92,61.95,0.0,0,1
2026-05-07 01:47:00,22.9,64.61,61.57,0.0,0,1
2026-05-07 01:48:00,22.82,64.87,61.78,126.4,0,4
2026-05-07 01:49:00,22.96,65.0,61.77,13.4,0,4
2026-05-07 01:50:00,22.82,65.0,61.88,35.6,0,4
2026-05-07 01:51:00,23.07,65.0,62.22,0.0,0,1
2026-05-07 01:52:00,23.47,62.33,62.83,151.4,0,1
2026-05-07 01:53:00,23.01,64.67,63.15,160.4,0,4
2026-05-07 01:54:00,22.78,65.0,63.41,0.0,0,4
2026-05-07 01:55:00,22.97,65.0,63.23,365.7,0,4
2026-05-07 01:56:00,22.69,65.0,63.11,0.0,0,1
2026-05-07 01:57:00,23.73,62.86,63.33,120.9,0,1
2026-05-07 01:58:00,23.46,65.0,63.21,0.0,0,4
2026-05-07 01:59:00,23.32,64.78,63.43,92.8,0,1
2026-05-07 02:00:00,23.19,64.32,63.11,83.4,0,1
2026-05-07 02:01:00,22.96,65.0,63.97,0.0,0,1
2026-05-07 02:02:00,22.97,65.0,64.08,0.0,0,1
2026-05-07 02:03:00,22.95,64.01,64.15,224.1,0,1
2026-05-07 02:04:00,23.6,64.86,63.96,0.0,0,1
2026-05-07 02:05:00,22.95,65.0,64.8,48.2,0,1
2026-05-07 02:06:00,22.86,65.0,64.27,40.3,0,1
2026-05-07 02:07:00,22.98,65.0,63.98,0.0,0,1
2026-05-07 02:08:00,23.13,65.0,64.37,0.0,0,4
2026-05-07 02:09:00,22.13,65.0,64.48,99.4,0,1
2026-05-07 02:10:00,23.1,62.87,64.25,1.4,0,1
2026-05-07 02:11:00,22.37,65.0,64.02,132.5,0,4
2026-05-07 02:12:00,23.37,64.38,63.92,27.8,0,4
2026-05-07 02:13:00,22.57,62.3,63.98,7.7,0,1
2026-05-07 02:14:00,22.8,65.0,64.67,44.7,0,1
2026-05-07 02:15:00,22.52,65.0,64.94,0.0,0,1
2026-05-07 02:16:00,23.45,64.31,65.39,187.0,1,1
2026-05-07 02:17:00,23.0,64.32,65.2,0.0,1,1
2026-05-07 02:18:00,23.56,63.97,65.42,0.0,0,4
2026-05-07 02:19:00,23.5,65.0,64.74,155.1,0,4
2026-05-07 02:20:00,23.31,64.67,64.83,29.7,0,1
2026-05-07 02:21:00,22.65,65.0,64.89,0.0,0,4
2026-05-07 02:22:00,23.04,65.0,65.68,49.7,0,1
2026-05-07 02:23:00,23.34,65.0,66.34,75.1,0,1
2026-05-07 02:24:00,23.1,64.62,66.21,0.0,0,4
2026-05-07 02:25:00,22.91,65.0,65.85,110.7,0,1
2026-05-07 02:26:00,23.09,65.0,65.5,0.0,0,4
2026-05-07 02:27:00,23.11,65.0,65.37,31.4,0,4
2026-05-07 02:28:00,22.63,65.0,65.92,96.0,0,1
2026-05-07 02:29:00,22.86,65.0,66.09,74.6,0,1
2026-05-07 02:30:00,23.16,64.61,66.3,0.0,0,4
2026-05-07 02:31:00,23.21,64.96,66.64,0.0,0,1
2026-05-07 02:32:00,23.06,65.0,66.19,0.0,0,4
2026-05-07 02:33:00,22.89,65.0,65.87,154.3,0,1
2026-05-07 02:34:00,22.95,65.0,66.08,0.0,0,1
2026-05-07 02:35:00,22.81,65.0,65.73,141.0,0,4
2026-05-07 02:36:00,22.97,64.29,65.06,0.0,0,4
2026-05-07 02:37:00,23.21,64.39,64.6,46.9,0,4
2026-05-07 02:38:00,23.6,63.82,65.06,1.0,0,1
2026-05-07 02:39:00,22.69,65.0,64.9,331.7,0,4
2026-05-07 02:40:00,23.31,63.89,65.01,161.7,0,1
2026-05-07 02:41:00,23.09,65.0,64.56,154.1,0,1
2026-05-07 02:42:00,22.59,65.0,64.74,263.7,0,1
2026-05-07 02:43:00,22.97,65.0,64.63,54.4,0,1
2026-05-07 02:44:00,22.95,65.0,64.83,8.4,0,4
2026-05-07 02:45:00,22.99,65.0,64.63,0.0,0,1
2026-05-07 02:46:00,23.26,65.0,64.85,78.9,0,4
2026-05-07 02:47:00,23.49,65.0,64.63,0.0,0,1
2026-05-07 02:48:00,23.32,65.0,64.6,39.8,0,1
2026-05-07 02:49:00,23.05,65.0,64.49,66.8,0,1
2026-05-07 02:50:00,23.07,64.9,64.52,0.5,0,1
2026-05-07 02:51:00,23.51,62.47,64.65,0.0,0,1
2026-05-07 02:52:00,22.73,65.0,64.44,1.2,0,4
2026-05-07 02:53:00,23.3,65.0,64.4,0.0,0,4
2026-05-07 02:54:00,22.7,65.0,64.49,232.0,0,1
2026-05-07 02:55:00,22.61,64.33,64.72,0.0,0,4
2026-05-07 02:56:00,23.15,64.39,64.7,0.0,1,4
2026-05-07 02:57:00,22.58,64.62,64.32,0.0,1,1
2026-05-07 02:58:00,22.89,64.35,64.37,126.4,0,1
2026-05-07 02:59:00,23.33,64.42,64.67,40.1,0,1
2026-05-07 03:00:00,22.76,65.0,64.1,0.0,0,1
2026-05-07 03:01:00,23.44,63.51,63.55,0.0,0,1
2026-05-07 03:02:00,22.42,65.0,63.29,0.0,0,4
2026-05-07 03:03:00,23.25,65.0,63.23,0.0,0,1
2026-05-07 03:04:00,22.64,64.47,62.31,0.0,0,1
2026-05-07 03:05:00,22.94,64.0,62.6,10.9,0,1
2026-05-07 03:06:00,23.04,65.0,62.56,0.0,0,1
2026-05-07 03:07:00,22.92,64.49,61.59,148.1,0,1
2026-05-07 03:08:00,22.92,62.92,61.16,143.8,0,1
2026-05-07 03:09:00,22.62,64.04,61.09,0.0,0,4
2026-05-07 03:10:00,23.34,62.13,60.39,0.0,0,4
2026-05-07 03:11:00,22.68,65.0,60.88,0.0,0,4
2026-05-07 03:12:00,22.68,65.0,61.02,11.5,0,4
2026-05-07 03:13:00,22.96,63.81,61.38,46.1,0,1
2026-05-07 03:14:00,22.81,65.0,60.99,70.8,0,4
2026-05-07 03:15:00,23.19,65.0,61.23,68.0,0,4
2026-05-07 03:16:00,22.85,65.0,61.0,186.5,0,4
2026-05-07 03:17:00,22.98,65.0,60.98,7.2,0,1
2026-05-07 03:18:00,23.01,64.58,61.2,0.0,0,1
2026-05-07 03:19:00,23.23,63.27,61.22,0.0,0,1
2026-05-07 03:20:00,22.85,65.0,61.63,196.3,0,4
2026-05-07 03:21:00,22.57,64.74,61.74,61.2,0,1
2026-05-07 03:22:00,22.78,64.63,61.6,24.8,0,1
2026-05-07 03:23:00,23.27,65.0,62.01,74.1,0,4
2026-05-07 03:24:00,23.07,64.94,62.51,39.4,0,1
2026-05-07 03:25:00,22.89,65.0,62.59,72.2,0,1
2026-05-07 03:26:00,23.0,64.69,63.21,0.0,0,4
2026-05-07 03:27:00,22.92,64.31,63.13,146.8,0,1
2026-05-07 03:28:00,23.18,64.96,63.11,0.0,0,4
2026-05-07 03:29:00,23.07,65.0,63.14,0.0,0,1
2026-05-07 03:30:00,22.92,64.85,63.11,0.0,0,1
2026-05-07 03:31:00,23.22,65.0,63.01,0.0,0,1
2026-05-07 03:32:00,23.28,65.0,62.73,192.0,0,4
2026-05-07 03:33:00,22.76,65.0,62.34,0.0,0,4
2026-05-07 03:34:00,22.76,64.99,62.43,0.0,0,1
2026-05-07 03:35:00,23.59,63.73,62.99,53.9,0,1
2026-05-07 03:36:00,23.14,65.0,63.37,0.0,0,4
2026-05-07 03:37:00,23.41,62.99,63.56,205.5,0,1
2026-05-07 03:38:00,23.21,65.0,64.13,148.7,0,1
2026-05-07 03:39:00,23.1,61.84,64.15,0.0,0,4
2026-05-07 03:40:00,22.45,65.0,63.74,0.0,0,4
2026-05-07 03:41:00,22.68,65.0,63.61,0.0,0,1
2026-05-07 03:42:00,23.15,65.0,63.6,0.0,0,4
2026-05-07 03:43:00,22.76,64.32,63.4,0.0,0,4
2026-05-07 03:44:00,22.95,64.29,63.69,98.2,0,4
2026-05-07 03:45:00,23.22,64.76,64.12,0.0,0,1
2026-05-07 03:46:00,23.02,63.34,63.39,0.0,0,4
2026-05-07 03:47:00,23.09,63.43,63.35,0.0,0,1
2026-05-07 03:48:00,23.34,65.0,62.12,0.0,0,1
2026-05-07 03:49:00,23.36,65.0,62.13,66.2,0,1
2026-05-07 03:50:00,22.98,65.0,62.13,0.0,0,1
2026-05-07 03:51:00,23.31,65.0,62.94,153.9,0,4
2026-05-07 03:52:00,22.75,65.0,63.61,0.0,0,1
2026-05-07 03:53:00,23.05,64.0,64.03,41.7,0,1
2026-05-07 03:54:00,23.13,63.42,63.64,0.0,0,1
2026-05-07 03:55:00,22.97,65.0,63.22,0.0,0,1
2026-05-07 03:56:00,22.94,64.28,62.77,71.3,0,4
2026-05-07 03:57:00,22.71,65.0,63.47,0.0,0,4
2026-05-07 03:58:00,22.98,64.65,63.1,0.0,0,1
2026-05-07 03:59:00,22.59,65.0,62.96,0.0,0,1
2026-05-07 04:00:00,22.96,63.91,62.61,174.8,0,1
2026-05-07 04:01:00,23.01,63.62,62.1,19.2,0,1
2026-05-07 04:02:00,23.18,65.0,62.29,132.8,0,1
2026-05-07 04:03:00,22.7,65.0,62.4,74.4,0,1
2026-05-07 04:04:00,23.08,65.0,61.48,132.8,0,4
2026-05-07 04:05:00,23.14,64.72,60.97,0.0,0,4
2026-05-07 04:06:00,22.99,64.4,61.14,0.0,0,4
2026-05-07 04:07:00,23.1,64.53,61.17,91.5,0,4
2026-05-07 04:08:00,23.06,62.29,61.06,15.6,0,1
2026-05-07 04:09:00,22.34,65.0,61.38,0.0,0,4
2026-05-07 04:10:00,22.76,64.57,60.81,89.1,0,1
2026-05-07 04:11:00,23.53,64.79,60.62,37.0,0,4
2026-05-07 04:12:00,23.15,62.29,60.91,76.7,1,4
2026-05-07 04:13:00,22.84,64.16,60.69,0.0,0,4
2026-05-07 04:14:00,23.08,65.0,60.89,117.3,0,1
2026-05-07 04:15:00,23.17,65.0,60.46,0.0,0,1
2026-05-07 04:16:00,23.37,65.0,60.18,130.2,0,4
2026-05-07 04:17:00,22.89,65.0,59.48,116.2,0,1
2026-05-07 04:18:00,22.84,64.63,58.68,82.4,0,4
2026-05-07 04:19:00,22.86,65.0,58.57,0.0,0,1
2026-05-07 04:20:00,22.84,64.97,58.86,85.1,0,4
2026-05-07 04:21:00,22.83,65.0,58.9,133.3,0,4
2026-05-07 04:22:00,23.03,65.0,59.5,72.8,0,1
2026-05-07 04:23:00,22.88,64.74,59.41,24.3,0,1
2026-05-07 04:24:00,22.97,65.0,58.58,85.4,0,1
2026-05-07 04:25:00,23.45,63.89,58.83,0.0,0,4
2026-05-07 04:26:00,22.74,65.0,58.46,181.7,0,1
2026-05-07 04:27:00,23.06,65.0,58.61,0.0,0,4
2026-05-07 04:28:00,22.69,65.0,57.72,4.1,0,1
2026-05-07 04:29:00,23.21,65.0,57.71,0.0,0,4
2026-05-07 04:30:00,23.26,64.48,58.13,0.0,0,1
2026-05-07 04:31:00,22.76,64.29,58.48,36.6,0,1
2026-05-07 04:32:00,22.8,65.0,58.47,0.0,0,1
2026-05-07 04:33:00,23.14,65.0,58.55,258.2,0,1
2026-05-07 04:34:00,22.91,65.0,58.43,0.0,0,1
2026-05-07 04:35:00,23.33,64.51,58.4,0.0,0,4
2026-05-07 04:36:00,22.67,64.51,58.77,0.0,0,4
2026-05-07 04:37:00,23.24,65.0,58.54,23.8,0,4
2026-05-07 04:38:00,23.53,65.0,58.36,121.7,0,1
2026-05-07 04:39:00,23.07,65.0,57.78,63.1,0,1
2026-05-07 04:40:00,22.81,64.32,58.17,176.7,0,1
2026-05-07 04:41:00,22.78,65.0,58.13,0.0,0,1
2026-05-07 04:42:00,22.93,62.75,57.69,79.0,0,4
2026-05-07 04:43:00,23.14,65.0,58.16,0.0,0,4
2026-05-07 04:44:00,22.6,65.0,58.22,27.4,0,1
2026-05-07 04:45:00,22.89,65.0,57.98,133.0,0,1
2026-05-07 04:46:00,23.0,65.0,58.45,0.0,1,1
2026-05-07 04:47:00,23.36,63.79,58.37,238.9,0,4
2026-05-07 04:48:00,23.43,64.53,57.77,0.0,0,1
2026-05-07 04:49:00,22.93,64.06,58.27,0.0,0,1
2026-05-07 04:50:00,22.69,63.64,57.99,0.0,0,1
2026-05-07 04:51:00,23.0,65.0,59.37,12.3,0,1
2026-05-07 04:52:00,23.01,65.0,59.24,0.0,0,1
2026-05-07 04:53:00,23.26,62.09,58.44,0.0,0,1
2026-05-07 04:54:00,22.85,65.0,59.27,11.6,0,4
2026-05-07 04:55:00,22.72,65.0,59.31,0.0,0,1
2026-05-07 04:56:00,22.96,65.0,59.48,99.7,0,1
2026-05-07 04:57:00,22.88,65.0,59.71,0.0,0,4
2026-05-07 04:58:00,22.87,65.0,59.18,293.0,0,4
2026-05-07 04:59:00,22.75,65.0,58.31,83.2,0,1
2026-05-07 05:00:00,22.65,65.0,59.23,45.2,0,1
2026-05-07 05:01:00,23.11,65.0,58.62,96.4,0,4
2026-05-07 05:02:00,23.03,65.0,59.4,0.0,0,1
2026-05-07 05:03:00,22.76,63.92,59.69,0.0,0,1
2026-05-07 05:04:00,23.17,63.71,59.82,235.5,0,1
2026-05-07 05:05:00,22.5,64.49,59.67,0.0,0,1
2026-05-07 05:06:00,22.86,65.0,60.73,0.0,0,1
2026-05-07 05:07:00,23.01,64.13,60.47,0.0,0,4
2026-05-07 05:08:00,23.24,62.23,60.23,175.7,0,4
2026-05-07 05:09:00,22.82,64.04,60.57,0.0,0,1
2026-05-07 05:10:00,23.24,64.21,60.32,0.0,0,1
2026-05-07 05:11:00,22.79,65.0,59.93,309.5,0,4
2026-05-07 05:12:00,23.16,65.0,59.96,0.0,1,1
2026-05-07 05:13:00,23.38,65.0,60.31,0.0,0,4
2026-05-07 05:14:00,22.71,65.0,61.17,0.0,0,1
2026-05-07 05:15:00,22.99,64.02,62.1,0.0,0,1
2026-05-07 05:16:00,23.09,62.47,61.35,0.0,0,4
2026-05-07 05:17:00,22.64,64.92,61.83,0.0,0,4
2026-05-07 05:18:00,23.06,64.57,61.44,118.1,0,1
2026-05-07 05:19:00,22.81,65.0,61.06,0.0,0,1
2026-05-07 05:20:00,22.74,65.0,60.87,151.3,0,1
2026-05-07 05:21:00,22.85,65.0,60.65,130.6,0,1
2026-05-07 05:22:00,22.83,65.0,60.23,61.1,0,4
2026-05-07 05:23:00,23.15,64.31,59.28,15.1,0,1
2026-05-07 05:24:00,22.95,63.24,59.97,33.2,0,1
2026-05-07 05:25:00,23.53,63.3,60.41,170.8,0,1
2026-05-07 05:26:00,22.81,64.1,60.45,0.0,0,4
2026-05-07 05:27:00,23.06,65.0,60.08,87.3,0,1
2026-05-07 05:28:00,22.91,65.0,60.66,0.0,0,1
2026-05-07 05:29:00,22.63,64.01,60.68,99.1,0,1
2026-05-07 05:30:00,23.34,64.99,60.47,0.0,0,1
2026-05-07 05:31:00,22.97,63.42,59.81,84.8,0,1
2026-05-07 05:32:00,22.75,65.0,60.1,0.0,0,4
2026-05-07 05:33:00,23.04,64.36,60.01,0.0,0,1
2026-05-07 05:34:00,23.2,64.55,60.17,0.0,0,4
2026-05-07 05:35:00,22.73,65.0,60.3,172.3,0,1
2026-05-07 05:36:00,22.95,65.0,60.62,64.4,0,1
2026-05-07 05:37:00,23.2,65.0,60.76,63.5,0,4
2026-05-07 05:38:00,22.98,65.0,60.67,103.2,0,1
2026-05-07 05:39:00,23.07,64.02,60.95,0.0,0,1
2026-05-07 05:40:00,22.87,63.61,61.4,73.3,0,1
2026-05-07 05:41:00,22.54,65.0,62.1,0.0,0,1
2026-05-07 05:42:00,22.87,64.82,61.64,0.0,0,1
2026-05-07 05:43:00,22.79,64.66,62.15,0.0,0,1
2026-05-07 05:44:00,22.9,64.29,61.49,0.0,0,1
2026-05-07 05:45:00,22.79,65.0,61.96,11.2,0,4
2026-05-07 05:46:00,22.97,65.0,61.73,0.0,0,4
2026-05-07 05:47:00,22.84,62.7,62.12,0.0,0,1
2026-05-07 05:48:00,23.13,63.33,62.78,2.2,0,1
2026-05-07 05:49:00,23.08,65.0,62.9,37.7,0,4
2026-05-07 05:50:00,22.69,63.2,62.91,0.0,0,4
2026-05-07 05:51:00,23.24,62.93,62.9,69.2,0,1
2026-05-07 05:52:00,22.74,65.0,62.73,0.0,0,4
2026-05-07 05:53:00,22.64,65.0,63.25,23.8,0,1
2026-05-07 05:54:00,23.19,65.0,63.23,0.0,0,1
2026-05-07 05:55:00,22.77,63.27,62.31,126.1,0,1
2026-05-07 05:56:00,22.94,65.0,62.74,114.7,0,4
2026-05-07 05:57:00,22.6,63.99,63.13,0.0,0,1
2026-05-07 05:58:00,22.83,65.0,63.18,63.0,0,4
2026-05-07 05:59:00,22.89,62.54,62.87,173.6,0,1
2026-05-07 06:00:00,22.82,65.0,62.4,0.0,0,1
2026-05-07 06:01:00,22.79,65.0,62.1,0.0,0,1
2026-05-07 06:02:00,22.92,64.57,62.23,177.9,0,1
2026-05-07 06:03:00,23.16,63.1,61.47,1.4,0,1
2026-05-07 06:04:00,22.68,65.0,61.71,143.5,0,1
2026-05-07 06:05:00,22.28,65.0,61.79,201.8,0,1
2026-05-07 06:06:00,23.22,63.31,62.4,507.3,0,1
2026-05-07 06:07:00,22.75,65.0,62.74,435.1,0,1
2026-05-07 06:08:00,22.77,65.0,62.46,590.5,0,1
2026-05-07 06:09:00,22.77,65.0,61.77,646.9,0,1
2026-05-07 06:10:00,22.57,63.69,61.46,991.5,0,1
2026-05-07 06:11:00,22.81,64.56,62.11,872.3,0,1
2026-05-07 06:12:00,22.83,65.0,62.28,932.8,0,1
2026-05-07 06:13:00,23.01,64.51,62.58,1058.7,0,1
2026-05-07 06:14:00,22.76,64.01,62.35,1450.1,0,1
2026-05-07 06:15:00,22.29,65.0,62.6,1597.3,0,1
2026-05-07 06:16:00,22.57,65.0,61.98,1797.4,0,1
2026-05-07 06:17:00,23.18,65.0,62.43,1642.0,0,1
2026-05-07 06:18:00,22.69,65.0,61.97,1914.7,0,1
2026-05-07 06:19:00,23.03,64.71,61.16,2386.3,0,1
2026-05-07 06:20:00,22.72,65.0,62.2,2214.4,0,1
2026-05-07 06:21:00,23.1,65.0,62.3,2341.8,0,1
2026-05-07 06:22:00,22.92,65.0,62.38,2568.7,0,1
2026-05-07 06:23:00,22.53,65.0,61.62,2799.5,0,1
2026-05-07 06:24:00,22.6,65.0,61.94,2965.1,0,1
2026-05-07 06:25:00,22.52,65.0,62.37,3000.0,0,1
2026-05-07 06:26:00,23.12,65.0,62.32,3176.5,0,1
2026-05-07 06:27:00,22.57,62.86,62.74,3386.7,0,1
2026-05-07 06:28:00,22.8,65.0,63.28,3512.8,0,1
2026-05-07 06:29:00,22.87,65.0,63.54,3632.8,0,1
2026-05-07 06:30:00,22.94,65.0,62.62,4180.9,0,1
2026-05-07 06:31:00,22.77,64.78,62.16,4100.5,0,1
2026-05-07 06:32:00,22.49,65.0,62.93,4295.0,0,1
2026-05-07 06:33:00,22.58,65.0,63.0,4488.7,0,1
2026-05-07 06:34:00,22.62,65.0,63.07,4709.5,0,1
2026-05-07 06:35:00,22.22,65.0,62.74,4965.7,0,1
2026-05-07 06:36:00,22.99,65.0,62.5,5054.2,0,1
2026-05-07 06:37:00,23.01,64.67,63.05,5445.3,0,1
2026-05-07 06:38:00,22.61,65.0,63.73,5580.9,0,1
2026-05-07 06:39:00,23.2,65.0,64.09,5688.9,0,1
2026-05-07 06:40:00,22.85,65.0,64.34,5836.4,0,1
2026-05-07 06:41:00,23.09,65.0,64.62,6253.0,0,1
2026-05-07 06:42:00,23.07,65.0,64.6,6311.7,0,1
2026-05-07 06:43:00,22.84,64.52,64.09,6392.3,0,1
2026-05-07 06:44:00,22.37,65.0,63.49,6876.0,0,1
2026-05-07 06:45:00,22.93,65.0,64.08,6880.1,0,1
2026-05-07 06:46:00,23.01,65.0,64.08,7287.1,0,1
2026-05-07 06:47:00,22.71,65.0,64.3,7098.4,0,1
2026-05-07 06:48:00,22.92,65.0,64.4,7574.9,0,1
2026-05-07 06:49:00,22.87,65.0,64.52,7979.0,0,1
2026-05-07 06:50:00,22.64,65.0,64.68,8062.7,0,1
2026-05-07 06:51:00,22.85,65.0,64.98,8357.8,0,1
2026-05-07 06:52:00,22.75,64.84,64.65,8403.2,0,1
2026-05-07 06:53:00,22.97,65.0,65.17,8780.2,1,1
2026-05-07 06:54:00,22.73,63.48,64.85,8967.5,0,1
2026-05-07 06:55:00,22.7,64.68,64.96,9226.3,0,1
2026-05-07 06:56:00,22.47,63.65,64.45,9673.4,0,1
2026-05-07 06:57:00,23.43,63.37,64.38,9818.2,0,1
2026-05-07 06:58:00,22.76,64.41,64.11,9991.1,0,1
2026-05-07 06:59:00,22.59,63.07,64.13,10228.4,0,1
2026-05-07 07:00:00,23.03,65.0,64.46,10259.9,0,1
2026-05-07 07:01:00,22.93,64.49,64.5,10551.0,0,1
2026-05-07 07:02:00,23.02,64.59,65.36,10663.5,0,1
2026-05-07 07:03:00,23.04,63.91,65.7,10936.3,0,1
2026-05-07 07:04:00,23.16,65.0,65.59,11224.7,0,1
2026-05-07 07:05:00,22.62,65.0,65.54,11571.4,0,2
2026-05-07 07:06:00,22.92,65.0,65.7,11672.9,0,2
2026-05-07 07:07:00,22.49,65.0,65.99,12061.4,0,2
2026-05-07 07:08:00,22.81,62.9,65.44,12295.0,0,2
2026-05-07 07:09:00,23.05,64.8,65.71,12426.0,0,2
2026-05-07 07:10:00,22.66,65.0,65.18,12995.0,0,2
2026-05-07 07:11:00,23.45,65.0,65.41,12903.9,0,2
2026-05-07 07:12:00,22.89,65.0,65.88,13449.0,0,2
2026-05-07 07:13:00,22.44,65.0,66.0,13297.5,0,2
2026-05-07 07:14:00,23.07,64.03,64.98,13805.2,0,2
2026-05-07 07:15:00,23.45,63.5,64.21,13933.9,0,2
2026-05-07 07:16:00,22.33,65.0,64.46,14255.5,0,2
2026-05-07 07:17:00,23.07,65.0,63.41,14808.6,0,2
2026-05-07 07:18:00,22.65,65.0,63.7,14808.2,0,2
2026-05-07 07:19:00,22.88,62.72,64.15,14976.7,0,2
2026-05-07 07:20:00,22.57,65.0,64.65,15428.2,0,2
2026-05-07 07:21:00,23.11,65.0,64.55,15588.4,0,2
2026-05-07 07:22:00,22.82,65.0,64.75,15911.5,0,2
2026-05-07 07:23:00,23.19,65.0,64.84,16046.9,0,2
2026-05-07 07:24:00,22.64,65.0,64.21,16317.0,0,2
2026-05-07 07:25:00,22.85,61.57,64.54,16591.3,0,2
2026-05-07 07:26:00,22.32,65.0,65.15,17047.6,0,2
2026-05-07 07:27:00,23.55,64.97,65.44,17191.4,0,2
2026-05-07 07:28:00,23.38,63.41,65.22,17360.5,0,2
2026-05-07 07:29:00,23.44,63.99,65.54,17774.2,0,2
2026-05-07 07:30:00,23.28,64.92,66.09,18033.6,0,2
2026-05-07 07:31:00,22.75,65.0,66.58,18363.0,0,2
2026-05-07 07:32:00,22.89,63.49,66.99,18507.2,0,2
2026-05-07 07:33:00,22.97,63.85,66.28,18827.4,0,2
2026-05-07 07:34:00,22.99,65.0,66.43,19159.7,1,2
2026-05-07 07:35:00,22.63,64.83,66.69,19261.1,0,2
2026-05-07 07:36:00,22.62,63.4,67.11,19762.5,0,2
2026-05-07 07:37:00,22.57,64.65,67.3,19932.7,0,2
2026-05-07 07:38:00,22.8,65.0,67.94,20073.9,1,2
2026-05-07 07:39:00,22.83,63.27,67.11,20348.9,0,2
2026-05-07 07:40:00,22.8,65.0,67.31,20746.6,0,2
2026-05-07 07:41:00,22.98,65.0,67.49,20969.8,0,2
2026-05-07 07:42:00,22.58,65.0,67.84,21404.3,0,2
2026-05-07 07:43:00,22.72,65.0,68.46,21557.8,0,2
2026-05-07 07:44:00,22.75,63.87,68.03,21907.7,0,2
2026-05-07 07:45:00,23.15,63.79,68.63,22049.2,0,2
2026-05-07 07:46:00,23.0,65.0,68.93,22428.6,0,2
2026-05-07 07:47:00,23.04,64.0,68.79,22870.1,0,2
2026-05-07 07:48:00,22.73,65.0,68.34,22975.8,0,2
2026-05-07 07:49:00,22.98,64.69,68.38,23209.2,0,2
2026-05-07 07:50:00,22.78,65.0,68.45,23454.4,0,2
2026-05-07 07:51:00,22.8,65.0,68.55,23838.7,0,2
2026-05-07 07:52:00,23.08,64.6,68.22,24293.6,0,2
2026-05-07 07:53:00,22.84,64.69,68.44,24244.8,0,2
2026-05-07 07:54:00,22.98,64.64,68.21,24686.8,0,2
2026-05-07 07:55:00,22.95,64.82,68.69,24772.0,0,2
2026-05-07 07:56:00,22.73,64.24,69.37,25213.7,1,2
2026-05-07 07:57:00,22.89,63.47,68.95,25580.3,0,2
2026-05-07 07:58:00,22.91,64.69,68.92,25645.2,0,2
2026-05-07 07:59:00,22.96,64.0,69.28,26068.1,0,2
2026-05-07 08:00:00,22.62,65.0,69.34,26443.2,0,2
2026-05-07 08:01:00,22.9,63.86,68.69,26711.4,0,2
2026-05-07 08:02:00,23.32,62.28,69.01,27024.0,0,2
2026-05-07 08:03:00,23.22,65.0,68.68,27154.4,0,2
2026-05-07 08:04:00,23.02,64.21,68.72,27594.6,0,2
2026-05-07 08:05:00,22.84,62.55,68.23,27776.4,0,2
2026-05-07 08:06:00,23.18,65.0,68.53,28223.1,0,2
2026-05-07 08:07:00,23.41,63.84,68.29,28149.4,0,2
2026-05-07 08:08:00,23.56,64.13,68.63,28681.5,0,2
2026-05-07 08:09:00,23.07,65.0,68.48,29018.0,0,2
2026-05-07 08:10:00,22.95,65.0,68.22,29458.2,0,2
2026-05-07 08:11:00,23.36,64.76,68.35,29597.0,0,2
2026-05-07 08:12:00,23.34,62.73,67.84,29899.8,0,2
2026-05-07 08:13:00,23.28,63.07,68.57,30213.1,0,2
2026-05-07 08:14:00,23.13,62.98,68.6,30609.4,0,2
2026-05-07 08:15:00,22.99,64.31,68.3,30704.5,0,2
2026-05-07 08:16:00,23.5,64.66,68.08,30873.3,0,2
2026-05-07 08:17:00,23.58,63.11,68.04,31141.9,0,2
2026-05-07 08:18:00,23.28,63.68,68.43,31704.7,0,2
2026-05-07 08:19:00,23.82,62.87,67.99,31943.7,0,2
2026-05-07 08:20:00,23.48,63.52,67.79,32178.2,0,2
2026-05-07 08:21:00,23.4,65.0,67.72,32430.8,0,2
2026-05-07 08:22:00,23.17,64.32,68.35,32815.1,0,2
2026-05-07 08:23:00,23.06,65.0,68.73,33111.0,0,2
2026-05-07 08:24:00,23.38,63.73,69.36,33435.9,0,2
2026-05-07 08:25:00,23.63,64.06,69.31,33537.8,0,2
2026-05-07 08:26:00,24.14,63.08,69.86,33751.7,0,2
2026-05-07 08:27:00,23.6,64.41,70.33,34146.5,0,2
2026-05-07 08:28:00,23.76,64.49,70.55,34386.7,0,2
2026-05-07 08:29:00,23.43,64.35,70.81,34673.2,0,2
2026-05-07 08:30:00,23.71,65.0,70.46,35322.7,0,2
2026-05-07 08:31:00,23.71,65.0,71.17,35155.1,0,2
2026-05-07 08:32:00,23.48,63.61,70.97,35776.3,0,2
2026-05-07 08:33:00,24.07,65.0,71.12,36121.5,0,2
2026-05-07 08:34:00,23.73,65.0,71.32,36423.9,0,2
2026-05-07 08:35:00,24.07,61.89,70.64,36631.4,0,2
2026-05-07 08:36:00,23.82,61.27,70.53,37049.1,0,2
2026-05-07 08:37:00,23.77,64.15,70.54,37397.3,0,2
2026-05-07 08:38:00,23.68,63.85,70.4,37439.6,0,2
2026-05-07 08:39:00,23.82,60.85,70.31,37822.0,0,2
2026-05-07 08:40:00,24.3,63.3,70.87,38213.7,0,2
2026-05-07 08:41:00,23.74,63.99,70.43,38249.5,0,2
2026-05-07 08:42:00,24.16,62.61,69.8,38615.6,0,2
2026-05-07 08:43:00,23.95,65.0,69.47,38861.9,0,2
2026-05-07 08:44:00,24.2,63.02,69.73,39284.2,0,2
2026-05-07 08:45:00,24.14,62.9,70.02,39292.8,0,2
2026-05-07 08:46:00,23.78,63.87,70.21,39984.6,0,2
2026-05-07 08:47:00,24.19,61.67,70.52,40167.6,0,2
2026-05-07 08:48:00,24.72,61.46,70.55,40465.6,0,2
2026-05-07 08:49:00,24.29,59.78,70.24,40402.2,0,2
2026-05-07 08:50:00,24.47,63.37,69.76,40851.8,0,2
2026-05-07 08:51:00,24.35,64.18,69.14,41446.1,0,2
2026-05-07 08:52:00,24.51,63.2,68.98,41536.3,0,2
2026-05-07 08:53:00,24.16,63.59,69.26,41640.8,1,2
2026-05-07 08:54:00,24.35,62.97,69.3,42164.2,0,2
2026-05-07 08:55:00,24.63,64.48,69.25,42508.8,0,2
2026-05-07 08:56:00,24.36,62.88,68.73,42780.4,0,2
2026-05-07 08:57:00,24.75,63.58,69.78,42987.7,0,2
2026-05-07 08:58:00,24.27,64.13,69.36,43430.8,0,2
2026-05-07 08:59:00,24.57,61.1,69.34,43498.8,0,2
2026-05-07 09:00:00,24.53,63.6,69.71,43936.1,0,2
2026-05-07 09:01:00,25.29,60.41,69.66,44175.3,0,2
2026-05-07 09:02:00,24.57,62.08,69.24,44430.7,0,2
2026-05-07 09:03:00,24.81,62.2,69.53,44688.4,0,2
2026-05-07 09:04:00,24.24,64.71,68.88,44979.5,0,2
2026-05-07 09:05:00,24.49,62.01,69.57,45311.2,0,2
2026-05-07 09:06:00,24.89,62.69,69.63,45558.3,0,2
2026-05-07 09:07:00,24.79,60.57,69.45,45967.1,0,2
2026-05-07 09:08:00,24.83,62.16,68.77,46100.2,0,2
2026-05-07 09:09:00,24.85,61.78,68.22,46637.7,0,2
2026-05-07 09:10:00,24.93,63.76,68.15,46664.4,0,2
2026-05-07 09:11:00,24.59,61.83,68.92,47128.6,0,2
2026-05-07 09:12:00,25.03,60.23,68.96,47417.5,0,2
2026-05-07 09:13:00,25.04,61.58,69.05,47605.1,0,2
2026-05-07 09:14:00,25.4,60.85,69.15,47877.2,0,2
2026-05-07 09:15:00,25.38,61.91,70.11,48062.8,0,2
2026-05-07 09:16:00,24.51,64.43,69.84,48370.1,0,2
2026-05-07 09:17:00,25.07,61.65,70.45,48740.0,0,2
2026-05-07 09:18:00,25.75,61.55,70.19,48989.1,0,2
2026-05-07 09:19:00,25.56,61.25,69.81,49416.9,0,2
2026-05-07 09:20:00,25.5,62.05,69.71,49500.3,0,2
2026-05-07 09:21:00,25.3,60.57,69.6,49786.9,0,2
2026-05-07 09:22:00,25.65,61.22,69.77,49913.3,0,2
2026-05-07 09:23:00,25.13,63.11,68.7,50468.6,0,2
2026-05-07 09:24:00,25.41,60.67,68.71,50735.5,0,2
2026-05-07 09:25:00,25.68,61.0,68.39,51063.6,0,2
2026-05-07 09:26:00,25.79,60.97,68.03,51347.0,0,2
2026-05-07 09:27:00,25.73,59.35,67.43,51593.7,0,2
2026-05-07 09:28:00,25.82,61.87,67.66,51874.2,0,2
2026-05-07 09:29:00,25.81,60.34,67.82,52122.6,0,2
2026-05-07 09:30:00,25.73,61.08,68.0,52415.3,1,2
2026-05-07 09:31:00,26.19,61.23,67.68,52376.3,1,2
2026-05-07 09:32:00,26.36,61.11,68.06,52738.4,0,2
2026-05-07 09:33:00,25.93,59.43,68.09,52991.1,1,2
2026-05-07 09:34:00,25.69,61.68,67.83,53566.9,1,2
2026-05-07 09:35:00,25.97,61.98,68.06,53591.6,1,2
2026-05-07 09:36:00,26.1,59.83,68.3,53881.3,1,2
2026-05-07 09:37:00,25.57,62.31,68.87,54226.6,1,2
2026-05-07 09:38:00,26.5,60.55,68.94,54345.7,1,2
2026-05-07 09:39:00,26.05,61.28,68.7,54809.0,1,2
2026-05-07 09:40:00,26.05,61.73,68.9,54775.4,1,2
2026-05-07 09:41:00,26.22,59.4,68.58,55156.7,1,2
2026-05-07 09:42:00,26.23,59.31,69.55,55588.2,1,2
2026-05-07 09:43:00,26.41,61.59,70.64,55680.9,1,2
2026-05-07 09:44:00,26.64,59.5,71.74,56250.6,1,2
2026-05-07 09:45:00,26.81,57.9,71.8,56364.3,0,2
2026-05-07 09:46:00,26.73,59.56,72.73,56758.0,0,2
2026-05-07 09:47:00,26.35,60.17,73.24,56927.6,0,2
2026-05-07 09:48:00,26.6,60.23,73.24,57145.1,0,2
2026-05-07 09:49:00,26.7,59.34,73.33,57287.9,0,2
2026-05-07 09:50:00,26.8,61.75,73.75,57779.3,0,2
2026-05-07 09:51:00,26.89,58.46,74.23,57980.2,0,2
2026-05-07 09:52:00,26.84,57.28,74.72,58436.0,0,2
2026-05-07 09:53:00,26.85,57.84,75.05,58543.1,1,2
2026-05-07 09:54:00,27.14,58.3,75.5,58653.0,1,2
2026-05-07 09:55:00,26.93,60.05,76.44,58991.6,1,3
2026-05-07 09:56:00,27.25,58.78,76.77,59262.9,1,3
2026-05-07 09:57:00,27.26,59.43,77.17,59606.3,1,3
2026-05-07 09:58:00,27.47,57.92,77.44,59879.0,1,3
2026-05-07 09:59:00,27.21,59.58,77.76,59953.7,1,3
2026-05-07 10:00:00,27.57,56.68,77.5,60079.2,1,3
2026-05-07 10:01:00,27.18,59.32,77.68,60253.6,1,3
2026-05-07 10:02:00,27.39,59.55,79.23,60589.5,1,3
2026-05-07 10:03:00,27.55,57.5,78.99,60904.5,0,3
2026-05-07 10:04:00,27.15,61.18,79.69,61404.4,0,3
2026-05-07 10:05:00,27.36,56.63,80.33,61653.6,0,3
2026-05-07 10:06:00,27.34,59.74,80.64,61833.0,0,3
2026-05-07 10:07:00,27.54,59.62,80.67,62111.0,0,3
2026-05-07 10:08:00,27.47,57.68,81.36,62123.1,0,3
2026-05-07 10:09:00,27.68,58.8,81.32,62269.9,0,3
2026-05-07 10:10:00,27.69,57.38,81.76,62573.7,0,3
2026-05-07 10:11:00,27.69,58.76,82.06,62692.1,0,3
2026-05-07 10:12:00,27.85,57.92,82.57,63043.4,0,3
2026-05-07 10:13:00,27.69,58.41,82.42,63356.2,0,3
2026-05-07 10:14:00,27.7,57.7,82.43,63675.8,0,3
2026-05-07 10:15:00,27.66,57.75,82.11,63909.9,0,3
2026-05-07 10:16:00,27.57,57.65,82.02,64047.8,0,3
2026-05-07 10:17:00,27.9,58.89,81.96,64434.7,0,3
2026-05-07 10:18:00,28.25,59.62,80.91,64520.8,0,2
2026-05-07 10:19:00,28.12,60.54,80.7,64836.3,0,2
2026-05-07 10:20:00,28.23,58.78,80.95,64934.7,0,2
2026-05-07 10:21:00,28.17,57.72,80.22,65430.3,0,2
2026-05-07 10:22:00,28.81,58.04,80.16,65532.9,0,2
2026-05-07 10:23:00,28.42,57.81,81.09,65841.5,0,2
2026-05-07 10:24:00,28.29,57.16,82.09,65842.7,1,2
2026-05-07 10:25:00,28.22,60.03,82.22,66237.1,0,2
2026-05-07 10:26:00,28.97,57.8,82.8,66511.3,0,2
2026-05-07 10:27:00,28.24,56.75,83.07,66422.8,0,2
2026-05-07 10:28:00,28.44,58.51,83.91,67032.5,0,2
2026-05-07 10:29:00,28.5,57.98,84.06,66965.6,0,2
2026-05-07 10:30:00,28.74,55.82,84.19,67362.9,0,2
2026-05-07 10:31:00,28.89,56.83,85.35,67773.1,0,2
2026-05-07 10:32:00,28.87,56.7,85.33,67893.0,0,2
2026-05-07 10:33:00,28.82,53.73,85.41,67818.4,0,2
2026-05-07 10:34:00,28.61,55.44,85.93,68193.4,0,2
2026-05-07 10:35:00,29.48,57.23,87.1,68579.3,0,2
2026-05-07 10:36:00,29.13,55.54,86.98,68548.6,0,2
2026-05-07 10:37:00,29.26,56.93,87.09,68817.6,0,2
2026-05-07 10:38:00,29.01,58.11,87.84,69027.2,0,2
2026-05-07 10:39:00,29.15,53.9,88.51,69354.0,0,2
2026-05-07 10:40:00,29.57,57.73,88.4,69311.9,0,2
2026-05-07 10:41:00,28.78,56.7,88.14,69780.9,0,2
2026-05-07 10:42:00,29.58,56.25,87.99,69839.4,0,2
2026-05-07 10:43:00,29.38,58.39,87.14,70119.9,0,2
2026-05-07 10:44:00,29.6,56.92,86.99,70300.2,0,2
2026-05-07 10:45:00,29.96,55.04,87.44,70603.8,0,2
2026-05-07 10:46:00,29.48,55.29,86.67,70732.9,0,2
2026-05-07 10:47:00,28.98,56.09,86.15,71110.5,0,2
2026-05-07 10:48:00,29.43,55.31,85.8,71257.4,0,2
2026-05-07 10:49:00,29.76,57.05,85.47,71243.1,0,2
2026-05-07 10:50:00,30.23,55.53,86.1,71701.0,0,2
2026-05-07 10:51:00,29.77,55.77,85.51,71772.8,0,2
2026-05-07 10:52:00,30.31,54.51,84.85,71950.9,0,2
2026-05-07 10:53:00,29.39,56.93,85.01,72227.2,0,2
2026-05-07 10:54:00,29.9,53.08,84.56,72194.0,0,2
2026-05-07 10:55:00,30.34,56.96,84.74,72345.7,0,2
2026-05-07 10:56:00,30.37,54.36,84.48,72705.3,0,2
2026-05-07 10:57:00,29.7,54.48,84.52,72819.3,0,2
2026-05-07 10:58:00,30.03,56.54,83.67,73329.3,0,2
2026-05-07 10:59:00,30.25,56.19,83.71,73175.9,0,2
2026-05-07 11:00:00,30.17,54.87,83.65,73458.4,0,2
2026-05-07 11:01:00,30.69,55.83,83.38,73661.1,0,2
2026-05-07 11:02:00,30.45,55.78,82.69,73969.1,0,2
2026-05-07 11:03:00,30.14,55.47,82.64,73883.9,0,2
2026-05-07 11:04:00,30.66,52.3,82.81,73990.4,1,2
2026-05-07 11:05:00,30.73,54.33,82.43,74530.5,0,2
2026-05-07 11:06:00,30.36,54.7,82.07,74550.8,0,2
2026-05-07 11:07:00,30.48,54.23,82.27,74814.9,0,2
2026-05-07 11:08:00,30.57,53.95,82.86,74995.8,0,2
2026-05-07 11:09:00,31.15,54.5,83.12,75190.5,0,2
2026-05-07 11:10:00,30.83,52.54,83.68,75194.1,0,2
2026-05-07 11:11:00,30.35,56.14,84.04,75332.8,0,2
2026-05-07 11:12:00,30.66,54.22,84.56,75340.9,0,2
2026-05-07 11:13:00,31.19,52.53,84.54,75629.6,0,2
2026-05-07 11:14:00,30.96,53.51,85.04,75923.5,0,2
2026-05-07 11:15:00,30.8,54.32,85.86,75997.6,1,2
2026-05-07 11:16:00,31.06,55.44,86.41,76109.1,1,2
2026-05-07 11:17:00,31.45,54.02,86.63,76415.0,0,2
2026-05-07 11:18:00,31.8,54.09,86.72,76731.6,1,2
2026-05-07 11:19:00,31.3,53.31,87.28,76723.9,1,2
2026-05-07 11:20:00,31.48,52.87,87.3,76753.4,1,2
2026-05-07 11:21:00,31.39,55.49,87.45,77199.3,1,2
2026-05-07 11:22:00,31.52,52.91,88.44,77109.6,1,2
2026-05-07 11:23:00,31.28,52.75,88.34,77534.5,1,2
2026-05-07 11:24:00,31.92,51.73,88.58,77478.4,1,2
2026-05-07 11:25:00,31.5,53.46,89.31,77674.0,1,2
2026-05-07 11:26:00,31.39,51.96,89.51,77999.1,1,2
2026-05-07 11:27:00,31.52,53.29,89.95,77798.3,0,2
2026-05-07 11:28:00,31.93,52.7,90.81,77981.7,0,2
2026-05-07 11:29:00,31.63,53.62,90.48,78214.4,0,2
2026-05-07 11:30:00,32.24,49.97,91.3,78381.1,0,2
2026-05-07 11:31:00,32.07,49.91,91.65,78857.9,0,3
2026-05-07 11:32:00,32.17,51.63,91.93,78575.7,0,3
2026-05-07 11:33:00,31.9,52.37,93.29,78665.7,0,3
2026-05-07 11:34:00,31.9,51.2,92.45,78848.4,0,3
2026-05-07 11:35:00,32.11,50.6,92.49,79125.6,0,3
2026-05-07 11:36:00,31.85,53.12,92.75,79292.4,0,3
2026-05-07 11:37:00,32.32,51.58,92.22,79282.5,0,3
2026-05-07 11:38:00,32.48,52.7,91.71,79502.4,0,3
2026-05-07 11:39:00,32.12,50.57,91.33,79864.4,0,3
2026-05-07 11:40:00,32.52,51.54,90.82,79764.8,0,2
2026-05-07 11:41:00,32.46,53.77,90.64,79927.2,0,2
2026-05-07 11:42:00,32.72,51.03,90.82,80241.9,0,2
2026-05-07 11:43:00,32.9,50.44,90.45,80056.5,0,2
2026-05-07 11:44:00,32.74,52.46,90.64,80172.2,0,2
2026-05-07 11:45:00,32.58,53.06,91.04,80329.4,0,2
2026-05-07 11:46:00,32.94,50.32,91.0,80443.0,0,2
2026-05-07 11:47:00,32.7,50.75,91.01,80406.8,0,2
2026-05-07 11:48:00,32.67,52.5,90.53,80759.3,0,2
2026-05-07 11:49:00,32.63,51.87,89.19,80884.7,0,2
2026-05-07 11:50:00,32.86,51.59,89.24,80950.7,0,2
2026-05-07 11:51:00,33.13,51.1,89.39,81115.5,0,2
2026-05-07 11:52:00,32.67,51.4,89.29,81228.1,0,2
2026-05-07 11:53:00,32.67,52.67,89.48,81148.9,0,2
2026-05-07 11:54:00,32.72,53.06,89.04,81449.7,0,2
2026-05-07 11:55:00,33.33,49.3,89.06,81588.7,0,2
2026-05-07 11:56:00,33.22,51.76,89.49,81435.1,0,2
2026-05-07 11:57:00,33.54,50.2,89.57,81905.9,0,2
2026-05-07 11:58:00,33.08,49.34,89.94,81684.0,0,2
2026-05-07 11:59:00,32.95,49.95,90.3,81796.0,0,2
2026-05-07 12:00:00,33.7,49.53,89.54,82055.7,0,2
2026-05-07 12:01:00,33.17,52.03,89.64,82192.9,0,2
2026-05-07 12:02:00,33.57,48.96,89.15,82317.7,0,2
2026-05-07 12:03:00,33.11,48.68,88.46,82385.8,0,2
2026-05-07 12:04:00,33.54,49.93,88.13,82348.6,0,2
2026-05-07 12:05:00,33.5,49.73,88.69,82514.9,0,2
2026-05-07 12:06:00,33.23,51.97,88.24,82553.2,0,2
2026-05-07 12:07:00,34.1,49.76,87.28,82699.9,0,2
2026-05-07 12:08:00,33.45,51.22,86.46,82773.4,0,2
2026-05-07 12:09:00,33.49,49.85,86.49,82789.1,0,2
2026-05-07 12:10:00,33.6,48.7,85.98,82891.0,0,2
2026-05-07 12:11:00,33.27,52.2,84.92,82791.8,0,2
2026-05-07 12:12:00,33.77,49.21,84.16,83193.4,0,2
2026-05-07 12:13:00,33.74,50.75,84.08,83207.6,0,2
2026-05-07 12:14:00,34.19,48.89,84.27,82971.7,0,2
2026-05-07 12:15:00,34.07,50.29,83.92,83418.6,0,2
2026-05-07 12:16:00,33.72,50.36,84.05,83390.4,0,2
2026-05-07 12:17:00,33.91,49.88,84.29,83356.0,0,2
2026-05-07 12:18:00,34.66,49.17,83.79,83415.5,0,2
2026-05-07 12:19:00,33.94,49.4,83.59,83524.4,0,2
2026-05-07 12:20:00,34.41,46.97,83.18,83562.1,0,2
2026-05-07 12:21:00,34.08,49.83,83.27,83643.4,0,2
2026-05-07 12:22:00,34.04,50.91,82.86,84006.7,0,2
2026-05-07 12:23:00,34.2,49.26,82.19,83909.2,0,2
2026-05-07 12:24:00,34.75,48.18,82.08,84169.3,0,2
2026-05-07 12:25:00,34.06,49.83,82.43,84010.8,0,2
2026-05-07 12:26:00,34.63,49.89,82.51,84110.3,0,2
2026-05-07 12:27:00,34.81,48.13,82.81,83990.5,0,2
2026-05-07 12:28:00,34.41,47.23,83.06,84129.8,0,2
2026-05-07 12:29:00,34.84,48.61,82.92,84192.4,0,2
2026-05-07 12:30:00,34.84,48.86,82.52,84327.1,0,2
2026-05-07 12:31:00,34.47,49.15,82.0,84295.6,0,2
2026-05-07 12:32:00,34.48,48.34,81.17,84391.0,0,2
2026-05-07 12:33:00,34.72,48.99,81.56,84432.3,0,2
2026-05-07 12:34:00,34.83,48.17,81.28,84402.0,0,2
2026-05-07 12:35:00,34.75,48.03,80.42,84432.0,0,2
2026-05-07 12:36:00,35.02,47.83,80.83,84441.0,0,2
2026-05-07 12:37:00,34.73,48.79,80.75,84690.2,0,2
2026-05-07 12:38:00,34.73,48.91,81.04,84561.4,0,2
2026-05-07 12:39:00,35.0,47.58,80.8,84672.9,0,2
2026-05-07 12:40:00,35.1,48.3,80.33,84648.7,0,2
2026-05-07 12:41:00,35.41,48.09,80.4,84827.3,0,2
2026-05-07 12:42:00,35.23,48.54,80.5,84492.0,0,2
2026-05-07 12:43:00,35.34,48.31,80.26,84796.0,0,2
2026-05-07 12:44:00,35.11,49.61,80.7,84636.5,0,2
2026-05-07 12:45:00,35.15,48.81,80.98,84859.7,0,2
2026-05-07 12:46:00,35.12,50.44,81.09,84819.4,0,2
2026-05-07 12:47:00,35.36,48.93,80.47,84682.0,0,2
2026-05-07 12:48:00,35.39,48.85,79.8,84920.7,0,2
2026-05-07 12:49:00,35.42,46.15,80.2,84926.2,0,2
2026-05-07 12:50:00,35.38,48.58,79.13,84889.0,0,2
2026-05-07 12:51:00,35.46,48.58,78.97,84920.1,0,2
2026-05-07 12:52:00,35.92,46.86,78.93,84966.1,1,2
2026-05-07 12:53:00,35.61,44.89,78.6,85100.6,0,2
2026-05-07 12:54:00,35.73,44.39,78.48,84932.3,0,2
2026-05-07 12:55:00,35.73,46.84,78.56,85100.8,0,2
2026-05-07 12:56:00,35.61,46.7,78.2,84982.2,0,2
2026-05-07 12:57:00,35.82,45.26,78.47,85148.0,0,2
2026-05-07 12:58:00,35.73,47.64,78.62,84968.5,0,2
2026-05-07 12:59:00,35.45,46.21,78.43,84919.2,0,2
2026-05-07 13:00:00,35.65,45.29,77.96,84868.3,0,2
2026-05-07 13:01:00,36.33,48.82,77.82,84995.1,0,2
2026-05-07 13:02:00,36.16,47.19,78.63,84901.5,0,2
2026-05-07 13:03:00,35.82,46.54,78.19,85161.0,0,2
2026-05-07 13:04:00,36.1,44.96,78.74,84882.1,0,2
2026-05-07 13:05:00,36.02,45.71,77.87,84896.4,0,2
2026-05-07 13:06:00,36.44,45.44,77.39,85039.8,0,2
2026-05-07 13:07:00,36.0,46.14,77.06,85101.5,0,2
2026-05-07 13:08:00,36.12,46.24,77.37,85034.5,0,2
2026-05-07 13:09:00,35.9,45.52,77.3,85059.6,0,2
2026-05-07 13:10:00,36.1,45.61,77.76,84907.2,0,2
2026-05-07 13:11:00,35.48,45.47,78.08,84891.4,0,2
2026-05-07 13:12:00,36.26,44.05,78.44,85121.6,0,2
2026-05-07 13:13:00,36.48,44.28,78.72,85062.2,1,2
2026-05-07 13:14:00,36.69,45.11,80.07,84922.7,1,2
2026-05-07 13:15:00,36.42,45.85,80.1,84945.6,1,2
2026-05-07 13:16:00,36.24,47.03,80.34,84890.1,1,2
2026-05-07 13:17:00,36.15,47.08,80.5,84614.9,1,2
2026-05-07 13:18:00,36.27,47.17,81.09,84725.8,0,2
2026-05-07 13:19:00,36.02,46.4,81.19,84879.4,0,2
2026-05-07 13:20:00,36.39,47.04,82.45,84753.9,1,2
2026-05-07 13:21:00,36.18,43.98,82.9,84625.8,0,2
2026-05-07 13:22:00,36.36,47.02,83.4,84778.7,0,2
2026-05-07 13:23:00,36.49,46.06,83.98,84604.6,0,2
2026-05-07 13:24:00,36.66,47.04,84.4,84612.0,0,2
2026-05-07 13:25:00,36.19,43.32,85.02,84525.6,0,2
2026-05-07 13:26:00,36.55,47.13,85.58,84503.3,0,2
2026-05-07 13:27:00,36.83,43.68,85.63,84467.9,0,2
2026-05-07 13:28:00,37.04,46.69,85.09,84504.8,0,2
2026-05-07 13:29:00,36.7,44.81,84.5,84473.2,0,2
2026-05-07 13:30:00,37.3,45.48,84.69,84198.6,0,2
2026-05-07 13:31:00,36.95,45.36,84.52,84244.8,0,2
2026-05-07 13:32:00,36.82,46.87,83.49,84302.5,0,2
2026-05-07 13:33:00,37.14,45.38,83.14,84080.4,0,2
2026-05-07 13:34:00,36.73,47.66,83.65,83883.7,0,2
2026-05-07 13:35:00,36.63,45.06,83.43,83874.6,0,2
2026-05-07 13:36:00,37.15,43.95,83.04,83824.2,0,2
2026-05-07 13:37:00,37.08,44.51,82.25,83809.7,0,2
2026-05-07 13:38:00,37.23,45.84,81.87,83713.1,0,2
2026-05-07 13:39:00,37.25,45.86,81.23,83862.6,0,2
2026-05-07 13:40:00,37.52,43.12,81.3,83640.6,0,2
2026-05-07 13:41:00,36.69,44.82,81.19,83758.3,0,2
2026-05-07 13:42:00,36.99,45.77,80.91,83402.9,0,2
2026-05-07 13:43:00,37.03,46.86,80.46,83426.0,0,2
2026-05-07 13:44:00,37.42,43.97,81.0,83409.2,0,2
2026-05-07 13:45:00,37.24,43.35,80.57,83420.7,0,2
2026-05-07 13:46:00,37.47,45.95,80.15,83385.7,0,2
2026-05-07 13:47:00,37.27,42.93,79.93,83107.3,0,2
2026-05-07 13:48:00,37.22,45.74,79.77,83213.0,0,2
2026-05-07 13:49:00,37.42,42.22,79.87,82812.2,0,2
2026-05-07 13:50:00,37.33,44.79,80.16,83037.2,0,2
2026-05-07 13:51:00,37.39,44.43,80.41,82688.8,0,2
2026-05-07 13:52:00,37.48,43.79,81.34,82818.7,0,2
2026-05-07 13:53:00,37.44,46.51,80.47,82814.5,0,2
2026-05-07 13:54:00,37.6,44.46,80.44,82697.7,0,2
2026-05-07 13:55:00,37.39,44.65,80.09,82305.2,0,2
2026-05-07 13:56:00,37.44,44.47,80.84,82357.3,0,2
2026-05-07 13:57:00,37.17,44.24,80.78,82404.5,0,2
2026-05-07 13:58:00,37.69,46.63,79.77,82307.0,0,2
2026-05-07 13:59:00,37.89,43.7,79.84,82161.8,0,2
2026-05-07 14:00:00,37.03,47.58,79.83,81767.3,0,2
2026-05-07 14:01:00,37.67,43.48,80.04,82076.4,0,2
2026-05-07 14:02:00,37.49,44.74,79.6,81997.4,0,2
2026-05-07 14:03:00,37.5,44.13,79.62,81749.9,0,2
2026-05-07 14:04:00,37.72,43.43,79.38,81654.2,0,2
2026-05-07 14:05:00,37.58,44.37,78.97,81582.1,0,2
2026-05-07 14:06:00,37.7,46.42,79.01,81590.3,0,2
2026-05-07 14:07:00,37.53,46.2,78.96,81336.9,0,2
2026-05-07 14:08:00,38.02,44.01,79.3,81174.2,0,2
2026-05-07 14:09:00,37.6,42.92,79.19,81131.6,0,2
2026-05-07 14:10:00,37.49,45.1,79.33,80971.7,0,2
2026-05-07 14:11:00,37.78,43.67,78.69,80858.7,0,2
2026-05-07 14:12:00,37.51,43.53,79.17,80530.8,0,2
2026-05-07 14:13:00,37.79,45.06,78.72,80688.0,0,2
2026-05-07 14:14:00,38.16,42.23,78.99,80646.9,0,2
2026-05-07 14:15:00,37.76,44.46,78.98,80508.2,0,2
2026-05-07 14:16:00,37.45,45.31,78.92,80377.9,0,2
2026-05-07 14:17:00,37.7,45.21,79.13,80133.9,0,2
2026-05-07 14:18:00,38.03,42.42,78.08,80032.7,0,2
2026-05-07 14:19:00,37.87,46.19,77.72,80031.6,0,2
2026-05-07 14:20:00,38.03,44.28,77.94,79864.6,0,2
2026-05-07 14:21:00,37.71,44.37,78.66,79809.4,0,2
2026-05-07 14:22:00,37.79,42.68,78.53,79419.2,0,2
2026-05-07 14:23:00,38.06,42.89,77.36,79285.9,0,2
2026-05-07 14:24:00,38.32,43.09,77.12,79193.4,0,2
2026-05-07 14:25:00,37.84,44.16,76.99,78984.6,0,2
2026-05-07 14:26:00,37.96,44.43,77.37,78802.2,0,2
2026-05-07 14:27:00,38.24,43.21,77.29,78878.5,0,2
2026-05-07 14:28:00,38.01,45.69,76.63,78730.3,0,2
2026-05-07 14:29:00,38.15,43.3,76.95,78570.4,0,2
2026-05-07 14:30:00,37.82,44.45,77.1,78440.4,0,2
2026-05-07 14:31:00,38.02,45.3,76.69,78077.9,0,2
2026-05-07 14:32:00,37.88,43.48,76.91,78050.1,0,2
2026-05-07 14:33:00,37.62,42.85,76.57,77925.2,0,2
2026-05-07 14:34:00,37.83,43.7,76.34,77817.6,0,2
2026-05-07 14:35:00,38.18,44.81,76.43,77486.4,0,2
2026-05-07 14:36:00,38.22,43.74,76.7,77398.7,0,2
2026-05-07 14:37:00,38.28,44.38,77.54,77304.6,0,2
2026-05-07 14:38:00,38.23,42.07,77.33,77329.5,1,2
2026-05-07 14:39:00,38.06,41.95,78.35,77078.0,1,2
2026-05-07 14:40:00,37.67,45.13,78.79,77011.9,1,2
2026-05-07 14:41:00,37.85,44.6,78.94,76715.9,0,2
2026-05-07 14:42:00,38.42,42.28,79.3,76570.6,0,2
2026-05-07 14:43:00,37.94,42.67,79.36,76468.9,0,2
2026-05-07 14:44:00,38.15,43.56,78.99,76224.8,0,2
2026-05-07 14:45:00,38.19,43.65,79.01,76006.8,0,2
2026-05-07 14:46:00,37.84,42.73,78.76,75737.3,0,2
2026-05-07 14:47:00,38.28,43.5,78.64,75677.2,0,2
2026-05-07 14:48:00,38.58,41.41,78.58,75680.8,0,2
2026-05-07 14:49:00,38.2,42.92,79.69,75561.9,0,2
2026-05-07 14:50:00,38.15,42.18,79.57,75146.7,0,2
2026-05-07 14:51:00,37.93,43.93,79.91,74858.9,0,2
2026-05-07 14:52:00,38.16,42.97,80.29,75004.2,0,2
2026-05-07 14:53:00,38.37,45.06,80.55,74726.0,0,2
2026-05-07 14:54:00,38.24,43.99,80.31,74379.5,0,2
2026-05-07 14:55:00,38.14,42.19,80.07,73989.9,0,2
2026-05-07 14:56:00,38.51,44.35,80.05,74068.3,0,2
2026-05-07 14:57:00,38.2,43.45,80.85,73947.7,0,2
2026-05-07 14:58:00,38.16,44.65,80.91,73683.1,0,2
2026-05-07 14:59:00,38.31,41.98,81.07,73721.1,0,2
2026-05-07 15:00:00,38.61,43.84,81.93,73356.0,0,2
2026-05-07 15:01:00,38.25,46.08,81.91,73269.1,0,2
2026-05-07 15:02:00,38.07,44.57,82.26,73365.3,0,2
2026-05-07 15:03:00,38.43,42.65,82.32,72906.1,0,2
2026-05-07 15:04:00,38.21,45.05,82.37,72688.4,0,2
2026-05-07 15:05:00,38.44,42.53,81.81,72500.1,0,2
2026-05-07 15:06:00,37.79,44.84,81.18,72399.2,0,2
2026-05-07 15:07:00,38.31,46.22,80.82,72190.8,0,2
2026-05-07 15:08:00,38.25,42.93,81.07,71810.1,0,2
2026-05-07 15:09:00,38.07,44.49,81.3,71685.1,0,2
2026-05-07 15:10:00,38.01,46.37,81.74,71457.0,0,2
2026-05-07 15:11:00,38.24,44.81,81.59,71304.6,0,2
2026-05-07 15:12:00,38.04,44.76,81.67,71357.9,0,2
2026-05-07 15:13:00,37.57,42.21,81.76,71011.7,0,2
2026-05-07 15:14:00,38.02,42.79,81.57,70725.8,0,2
2026-05-07 15:15:00,38.01,45.0,81.28,70681.2,0,2
2026-05-07 15:16:00,38.32,43.15,80.5,70349.8,0,2
2026-05-07 15:17:00,38.01,43.36,80.3,69924.7,0,2
2026-05-07 15:18:00,38.31,44.95,80.12,70113.8,1,2
2026-05-07 15:19:00,38.07,44.67,80.49,69687.0,0,2
2026-05-07 15:20:00,38.5,42.28,80.88,69225.6,0,2
2026-05-07 15:21:00,38.4,44.33,80.8,69093.7,0,2
2026-05-07 15:22:00,38.23,42.5,81.55,69209.1,0,2
2026-05-07 15:23:00,38.33,41.59,81.48,68670.8,0,2
2026-05-07 15:24:00,38.44,43.73,81.78,68808.5,0,2
2026-05-07 15:25:00,38.31,42.05,81.57,68441.0,1,2
2026-05-07 15:26:00,38.32,42.0,80.93,68300.5,0,2
2026-05-07 15:27:00,37.76,43.08,80.6,67966.4,0,2
2026-05-07 15:28:00,38.15,43.94,81.09,67841.3,0,2
2026-05-07 15:29:00,38.08,44.79,80.83,67596.6,0,2
2026-05-07 15:30:00,38.53,42.85,80.48,67333.0,0,2
2026-05-07 15:31:00,38.17,42.27,80.33,66987.7,0,2
2026-05-07 15:32:00,38.09,42.47,80.59,66935.3,1,2
2026-05-07 15:33:00,38.4,41.53,81.59,66450.0,0,2
2026-05-07 15:34:00,37.87,44.99,82.81,66554.4,0,2
2026-05-07 15:35:00,38.22,42.56,83.34,66239.8,0,2
2026-05-07 15:36:00,37.74,44.58,84.05,66044.3,0,2
2026-05-07 15:37:00,38.05,41.71,84.88,65446.0,0,2
2026-05-07 15:38:00,38.11,45.32,85.18,65395.3,0,2
2026-05-07 15:39:00,38.58,43.12,85.15,65239.0,1,2
2026-05-07 15:40:00,38.17,41.83,85.37,65148.7,1,2
2026-05-07 15:41:00,37.98,43.25,85.88,64722.0,1,2
2026-05-07 15:42:00,38.16,43.95,86.55,64907.0,1,2
2026-05-07 15:43:00,38.54,42.13,86.16,64334.8,1,2
2026-05-07 15:44:00,37.66,44.86,86.29,64008.6,1,2
2026-05-07 15:45:00,38.35,44.99,86.48,63871.3,1,2
2026-05-07 15:46:00,38.24,44.7,87.31,63541.7,1,2
2026-05-07 15:47:00,38.11,43.76,87.34,63274.8,1,2
2026-05-07 15:48:00,38.05,45.59,86.94,63298.4,1,2
2026-05-07 15:49:00,38.48,43.51,86.53,62997.9,1,2
2026-05-07 15:50:00,38.28,43.39,86.68,62756.4,1,2
2026-05-07 15:51:00,37.83,44.05,86.91,62604.9,0,2
2026-05-07 15:52:00,38.09,43.92,86.93,62266.4,0,2
2026-05-07 15:53:00,38.38,43.93,87.21,61835.3,0,2
2026-05-07 15:54:00,38.19,42.6,87.54,61802.8,0,2
2026-05-07 15:55:00,38.11,45.14,86.54,61336.1,0,2
2026-05-07 15:56:00,37.71,45.91,86.6,61166.5,0,2
2026-05-07 15:57:00,38.6,46.07,86.25,60970.0,0,2
2026-05-07 15:58:00,38.19,41.62,85.51,60708.6,0,2
2026-05-07 15:59:00,38.44,43.36,85.19,60261.2,0,2
2026-05-07 16:00:00,38.06,42.9,85.33,60109.0,0,2
2026-05-07 16:01:00,37.96,44.77,85.77,59970.5,0,2
2026-05-07 16:02:00,37.79,45.7,85.0,59647.1,0,2
2026-05-07 16:03:00,38.18,43.74,85.09,59601.9,0,2
2026-05-07 16:04:00,38.3,43.16,85.76,59367.9,0,2
2026-05-07 16:05:00,38.17,43.13,86.35,58822.4,0,2
2026-05-07 16:06:00,38.46,43.08,84.66,58707.9,0,2
2026-05-07 16:07:00,37.91,44.53,85.42,58633.6,0,2
2026-05-07 16:08:00,37.71,44.8,85.64,58169.8,0,2
2026-05-07 16:09:00,37.91,45.87,84.45,57878.4,0,2
2026-05-07 16:10:00,38.03,43.72,83.95,57771.0,0,2
2026-05-07 16:11:00,37.75,45.41,84.32,57374.6,0,2
2026-05-07 16:12:00,37.79,43.2,84.29,57299.0,0,2
2026-05-07 16:13:00,37.83,42.68,83.87,56813.3,0,2
2026-05-07 16:14:00,37.89,45.34,83.72,56565.2,0,2
2026-05-07 16:15:00,37.78,44.78,83.79,56453.6,0,2
2026-05-07 16:16:00,37.78,43.66,83.36,56106.8,0,2
2026-05-07 16:17:00,37.87,43.07,83.14,55842.9,0,2
2026-05-07 16:18:00,37.88,43.59,83.36,55335.2,0,2
2026-05-07 16:19:00,37.54,44.89,82.89,55255.6,0,2
2026-05-07 16:20:00,37.19,45.31,82.14,55134.7,0,2
2026-05-07 16:21:00,37.37,43.14,81.71,54669.3,0,2
2026-05-07 16:22:00,37.72,42.86,81.18,54579.0,0,2
2026-05-07 16:23:00,37.4,45.0,80.78,54258.0,0,2
2026-05-07 16:24:00,37.63,45.22,79.9,53932.1,0,2
2026-05-07 16:25:00,37.53,43.71,79.87,53848.5,0,2
2026-05-07 16:26:00,37.53,42.94,80.13,53373.7,0,2
2026-05-07 16:27:00,37.62,44.57,79.65,53110.3,0,2
2026-05-07 16:28:00,37.77,41.67,79.24,52845.0,0,2
2026-05-07 16:29:00,37.45,44.31,79.05,52607.0,0,2
2026-05-07 16:30:00,37.17,45.88,78.54,52415.7,0,2
2026-05-07 16:31:00,37.48,44.43,78.85,51872.7,0,2
2026-05-07 16:32:00,37.56,42.74,78.36,51878.7,0,2
2026-05-07 16:33:00,36.79,47.5,78.02,51507.2,0,2
2026-05-07 16:34:00,37.15,45.2,77.59,51289.4,0,2
2026-05-07 16:35:00,37.31,45.21,77.93,51233.3,0,2
2026-05-07 16:36:00,37.16,46.23,77.73,50607.7,0,2
2026-05-07 16:37:00,37.29,44.78,78.49,50244.4,0,2
2026-05-07 16:38:00,37.07,44.97,78.53,50136.3,0,2
2026-05-07 16:39:00,37.44,46.26,78.91,49876.5,0,2
2026-05-07 16:40:00,37.19,44.15,78.65,49659.4,0,2
2026-05-07 16:41:00,36.7,46.92,78.13,49210.3,0,2
2026-05-07 16:42:00,37.31,43.62,78.01,48894.9,0,2
2026-05-07 16:43:00,37.29,44.11,77.6,48529.6,0,2
2026-05-07 16:44:00,37.06,45.67,76.64,48268.1,0,2
2026-05-07 16:45:00,36.58,47.7,76.98,48100.4,0,2
2026-05-07 16:46:00,37.24,45.24,76.9,47854.0,0,2
2026-05-07 16:47:00,36.73,44.1,76.51,47833.0,0,2
2026-05-07 16:48:00,36.86,46.44,76.58,47098.8,0,2
2026-05-07 16:49:00,36.78,44.75,76.51,47058.4,0,2
2026-05-07 16:50:00,36.54,46.81,77.02,46646.9,0,2
2026-05-07 16:51:00,36.87,45.93,77.11,46476.3,0,2
2026-05-07 16:52:00,36.89,43.75,76.94,46098.2,0,2
2026-05-07 16:53:00,36.84,46.06,77.14,46003.4,0,2
2026-05-07 16:54:00,36.73,44.3,77.02,45716.9,0,2
2026-05-07 16:55:00,36.56,47.63,77.0,45293.7,0,2
2026-05-07 16:56:00,37.09,43.39,77.42,45193.5,0,2
2026-05-07 16:57:00,36.74,45.58,76.81,44825.1,0,2
2026-05-07 16:58:00,36.43,45.07,76.34,44613.8,0,2
2026-05-07 16:59:00,36.74,47.46,76.06,44154.0,0,2
2026-05-07 17:00:00,36.69,43.98,75.85,43985.5,0,2
2026-05-07 17:01:00,36.72,48.59,76.26,43490.9,0,2
2026-05-07 17:02:00,36.53,45.63,75.56,43190.2,0,2
2026-05-07 17:03:00,36.35,45.64,75.46,43267.3,0,2
2026-05-07 17:04:00,36.13,47.55,75.14,42586.3,0,2
2026-05-07 17:05:00,36.31,46.33,75.79,42374.9,0,2
2026-05-07 17:06:00,35.99,45.79,76.08,41909.9,0,2
2026-05-07 17:07:00,36.45,45.25,76.09,41746.2,0,2
2026-05-07 17:08:00,35.94,46.28,76.41,41438.3,0,2
2026-05-07 17:09:00,36.22,45.66,75.74,41186.8,1,2
2026-05-07 17:10:00,36.46,47.13,76.52,41012.6,0,2
2026-05-07 17:11:00,36.19,46.64,76.05,40750.7,0,2
2026-05-07 17:12:00,36.2,47.08,76.5,40273.9,0,2
2026-05-07 17:13:00,36.29,45.89,76.63,40008.8,0,2
2026-05-07 17:14:00,36.27,47.19,76.64,39942.2,0,2
2026-05-07 17:15:00,36.37,45.45,77.05,39725.2,0,2
2026-05-07 17:16:00,36.22,45.39,77.37,39379.6,0,2
2026-05-07 17:17:00,36.13,46.0,77.29,38739.5,0,2
2026-05-07 17:18:00,35.52,49.18,76.99,38787.8,0,2
2026-05-07 17:19:00,36.04,46.06,76.93,38575.3,0,2
2026-05-07 17:20:00,36.35,45.67,76.77,37857.1,0,2
2026-05-07 17:21:00,36.07,46.97,76.8,37898.2,0,2
2026-05-07 17:22:00,36.11,46.49,77.13,37502.9,0,2
2026-05-07 17:23:00,35.67,45.96,77.21,37144.1,0,2
2026-05-07 17:24:00,35.78,45.69,77.17,36903.5,0,2
2026-05-07 17:25:00,35.9,47.83,76.77,36651.3,0,2
2026-05-07 17:26:00,35.84,45.6,76.79,36444.3,0,2
2026-05-07 17:27:00,35.89,48.02,75.94,36145.4,0,2
2026-05-07 17:28:00,35.37,47.12,75.49,35539.1,0,2
2026-05-07 17:29:00,35.42,44.82,75.65,35349.3,0,2
2026-05-07 17:30:00,35.26,48.61,75.93,35145.6,0,2
2026-05-07 17:31:00,35.61,48.31,75.82,35030.2,0,2
2026-05-07 17:32:00,35.46,48.25,75.8,34221.5,0,2
2026-05-07 17:33:00,35.42,47.05,75.86,34182.8,0,2
2026-05-07 17:34:00,35.26,47.4,76.04,33780.1,0,2
2026-05-07 17:35:00,35.19,47.39,75.85,33506.5,0,2
2026-05-07 17:36:00,35.36,46.83,75.31,33496.6,0,2
2026-05-07 17:37:00,35.6,47.7,75.38,33022.0,0,2
2026-05-07 17:38:00,35.68,47.01,76.12,32513.4,0,2
2026-05-07 17:39:00,35.64,46.75,75.61,32482.1,0,2
2026-05-07 17:40:00,35.09,47.22,75.45,32453.3,0,2
2026-05-07 17:41:00,34.87,48.55,75.18,31700.1,1,2
2026-05-07 17:42:00,35.35,49.23,76.12,31689.0,0,2
2026-05-07 17:43:00,35.41,47.77,75.59,31521.4,0,2
2026-05-07 17:44:00,35.16,46.35,75.42,31035.8,0,2
2026-05-07 17:45:00,35.01,48.16,75.16,30981.6,0,2
2026-05-07 17:46:00,34.82,49.03,74.51,30379.9,0,2
2026-05-07 17:47:00,35.09,48.93,73.86,30341.5,0,2
2026-05-07 17:48:00,35.04,48.76,74.02,30022.4,0,2
2026-05-07 17:49:00,34.93,48.46,74.24,29582.7,0,2
2026-05-07 17:50:00,34.54,52.1,73.91,29117.8,0,2
2026-05-07 17:51:00,34.53,47.43,74.43,28885.9,0,2
2026-05-07 17:52:00,34.71,50.39,73.37,28435.0,0,2
2026-05-07 17:53:00,34.96,48.92,72.75,28498.0,0,2
2026-05-07 17:54:00,34.88,51.11,72.32,28194.3,0,2
2026-05-07 17:55:00,34.52,47.14,72.26,27857.9,0,2
2026-05-07 17:56:00,34.12,51.28,72.0,27545.0,0,2
2026-05-07 17:57:00,34.87,50.35,71.85,27434.3,0,2
2026-05-07 17:58:00,34.8,48.29,72.01,27019.1,0,2
2026-05-07 17:59:00,34.48,47.91,72.58,26629.1,0,2
2026-05-07 18:00:00,34.3,51.73,72.85,26426.0,0,2
2026-05-07 18:01:00,34.29,48.21,72.8,26367.1,0,2
2026-05-07 18:02:00,34.56,50.08,72.7,25909.5,0,2
2026-05-07 18:03:00,34.41,50.81,73.1,25501.9,0,2
2026-05-07 18:04:00,34.13,49.23,73.84,25257.7,0,2
2026-05-07 18:05:00,34.74,48.36,74.02,25033.3,0,2
2026-05-07 18:06:00,33.77,52.04,73.72,24642.3,0,2
2026-05-07 18:07:00,33.96,49.29,73.74,24347.3,0,2
2026-05-07 18:08:00,33.92,49.05,73.9,24123.1,0,2
2026-05-07 18:09:00,34.05,46.3,73.57,24023.3,0,2
2026-05-07 18:10:00,34.26,50.58,73.86,23652.9,0,2
2026-05-07 18:11:00,34.14,48.96,73.88,23226.4,0,2
2026-05-07 18:12:00,33.92,50.65,74.29,23097.9,0,2
2026-05-07 18:13:00,33.51,50.11,73.77,22713.2,0,2
2026-05-07 18:14:00,34.04,51.15,72.93,22472.7,0,2
2026-05-07 18:15:00,33.47,51.99,72.68,22181.5,0,2
2026-05-07 18:16:00,33.61,48.95,72.61,21618.1,0,2
2026-05-07 18:17:00,33.65,49.54,71.76,21226.5,0,2
2026-05-07 18:18:00,33.42,51.11,71.44,21340.9,0,2
2026-05-07 18:19:00,33.37,52.17,71.93,20933.5,0,2
2026-05-07 18:20:00,33.75,50.08,72.1,20561.8,0,2
2026-05-07 18:21:00,33.85,50.07,72.09,20383.3,0,2
2026-05-07 18:22:00,33.42,50.83,71.56,20316.9,0,2
2026-05-07 18:23:00,32.95,50.02,72.04,19973.6,0,2
2026-05-07 18:24:00,33.42,49.87,71.79,19748.7,0,2
2026-05-07 18:25:00,33.13,50.6,71.77,19436.6,0,2
2026-05-07 18:26:00,33.35,51.71,71.88,18998.8,0,1
2026-05-07 18:27:00,33.29,52.75,71.89,18929.9,0,1
2026-05-07 18:28:00,32.7,50.33,72.46,18635.3,0,1
2026-05-07 18:29:00,33.02,51.83,72.64,18280.1,0,1
2026-05-07 18:30:00,33.23,50.94,72.7,18031.1,0,1
2026-05-07 18:31:00,33.0,50.39,72.58,17849.8,0,1
2026-05-07 18:32:00,32.71,50.26,72.69,17396.3,0,1
2026-05-07 18:33:00,33.1,51.14,72.52,17349.2,0,1
2026-05-07 18:34:00,32.47,51.04,72.52,17019.6,0,1
2026-05-07 18:35:00,32.9,51.59,72.3,16686.1,0,1
2026-05-07 18:36:00,32.66,50.28,72.0,16604.5,0,1
2026-05-07 18:37:00,32.85,49.88,71.54,16001.3,0,1
2026-05-07 18:38:00,32.64,52.8,71.36,15838.2,0,1
2026-05-07 18:39:00,32.77,51.56,71.15,15549.2,0,1
2026-05-07 18:40:00,32.94,51.29,71.88,15412.7,1,1
2026-05-07 18:41:00,32.73,50.78,72.23,15251.2,0,1
2026-05-07 18:42:00,32.67,52.37,72.1,14731.9,0,1
2026-05-07 18:43:00,32.6,51.34,71.84,14988.1,0,1
2026-05-07 18:44:00,31.98,53.36,72.04,14254.5,0,1
2026-05-07 18:45:00,32.38,51.32,72.8,14120.9,0,1
2026-05-07 18:46:00,32.38,50.59,73.06,13822.6,0,1
2026-05-07 18:47:00,32.4,50.97,72.22,13573.6,0,1
2026-05-07 18:48:00,32.19,52.64,72.52,13219.8,0,1
2026-05-07 18:49:00,32.34,50.73,72.88,13190.9,0,1
2026-05-07 18:50:00,31.88,54.75,73.74,12709.4,0,1
2026-05-07 18:51:00,32.57,49.97,73.54,12349.9,0,1
2026-05-07 18:52:00,32.16,52.0,73.5,12178.9,0,1
2026-05-07 18:53:00,31.74,54.19,73.59,12239.5,0,1
2026-05-07 18:54:00,32.26,52.38,73.16,11969.9,0,1
2026-05-07 18:55:00,31.59,52.55,72.7,11334.0,0,1
2026-05-07 18:56:00,31.82,54.03,72.79,11428.8,0,1
2026-05-07 18:57:00,31.8,51.57,72.03,10850.8,0,1
2026-05-07 18:58:00,31.62,52.59,71.39,10844.2,0,1
2026-05-07 18:59:00,31.64,50.96,71.67,10462.6,0,1
2026-05-07 19:00:00,31.64,53.97,71.81,10475.9,0,1
2026-05-07 19:01:00,31.3,54.05,72.27,10198.4,0,1
2026-05-07 19:02:00,31.59,53.65,72.39,10013.6,0,1
2026-05-07 19:03:00,31.47,53.29,72.31,9626.2,0,1
2026-05-07 19:04:00,31.91,52.63,72.79,9405.7,0,1
2026-05-07 19:05:00,31.74,52.89,72.51,9017.2,0,1
2026-05-07 19:06:00,31.14,53.97,72.28,8843.4,0,1
2026-05-07 19:07:00,31.24,53.63,72.17,8852.3,0,1
2026-05-07 19:08:00,31.05,52.62,72.28,8555.5,0,1
2026-05-07 19:09:00,31.11,50.94,72.17,8298.5,0,1
2026-05-07 19:10:00,31.34,55.83,71.45,8213.6,0,1
2026-05-07 19:11:00,31.05,52.96,71.26,7683.8,0,1
2026-05-07 19:12:00,30.9,53.73,71.18,7705.6,0,1
2026-05-07 19:13:00,31.12,54.96,71.16,7258.6,0,1
2026-05-07 19:14:00,30.44,54.99,70.9,7360.2,0,1
2026-05-07 19:15:00,30.78,52.4,71.05,7032.6,0,1
2026-05-07 19:16:00,31.17,52.17,70.29,6869.2,0,1
2026-05-07 19:17:00,31.13,54.68,70.41,6457.2,0,1
2026-05-07 19:18:00,31.05,54.45,71.13,6593.0,0,1
2026-05-07 19:19:00,30.36,54.07,70.8,6362.6,0,1
2026-05-07 19:20:00,30.31,54.71,70.76,5968.0,0,1
2026-05-07 19:21:00,30.45,54.62,70.59,5852.8,0,1
2026-05-07 19:22:00,30.52,54.76,70.43,5472.9,0,1
2026-05-07 19:23:00,30.29,55.3,69.93,5156.4,0,1
2026-05-07 19:24:00,30.0,54.74,70.73,5205.5,0,1
2026-05-07 19:25:00,30.6,55.2,70.84,4803.2,0,1
2026-05-07 19:26:00,30.51,55.2,70.48,4876.4,0,1
2026-05-07 19:27:00,30.12,56.08,70.08,4652.8,0,1
2026-05-07 19:28:00,30.39,55.57,70.06,4365.3,0,1
2026-05-07 19:29:00,30.4,55.53,69.07,4170.9,0,1
2026-05-07 19:30:00,29.52,55.33,69.48,4082.7,0,1
2026-05-07 19:31:00,30.23,54.73,69.21,3813.9,0,1
2026-05-07 19:32:00,30.0,54.18,69.34,3551.8,0,1
2026-05-07 19:33:00,29.34,56.37,69.48,3240.5,0,1
2026-05-07 19:34:00,30.17,54.0,69.85,3361.8,0,1
2026-05-07 19:35:00,29.88,55.93,70.01,3117.7,0,1
2026-05-07 19:36:00,29.41,57.46,70.28,3234.1,0,1
2026-05-07 19:37:00,29.86,55.39,70.66,2724.4,0,1
2026-05-07 19:38:00,29.76,54.89,70.45,2607.5,0,1
2026-05-07 19:39:00,29.8,56.08,71.32,2448.5,0,1
2026-05-07 19:40:00,29.13,57.66,71.39,2328.8,0,1
2026-05-07 19:41:00,29.48,55.03,71.31,1979.0,0,1
2026-05-07 19:42:00,29.26,56.37,70.87,1933.2,0,1
2026-05-07 19:43:00,29.42,56.39,70.71,1892.6,0,1
2026-05-07 19:44:00,28.98,56.29,70.82,1607.6,1,1
2026-05-07 19:45:00,29.08,57.11,70.79,1600.2,0,1
2026-05-07 19:46:00,29.69,53.67,71.51,1378.5,0,1
2026-05-07 19:47:00,29.54,56.25,71.26,1280.5,0,1
2026-05-07 19:48:00,29.44,58.13,71.48,1239.9,0,1
2026-05-07 19:49:00,29.52,56.55,70.91,948.2,0,1
2026-05-07 19:50:00,28.63,57.16,71.78,679.5,0,1
2026-05-07 19:51:00,29.03,55.09,71.19,704.7,0,1
2026-05-07 19:52:00,29.06,56.11,72.01,525.6,0,1
2026-05-07 19:53:00,28.85,57.18,71.86,263.1,0,1
2026-05-07 19:54:00,28.43,57.51,70.81,404.8,0,1
2026-05-07 19:55:00,29.06,55.03,71.32,347.4,0,1
2026-05-07 19:56:00,28.95,56.97,71.28,359.2,0,1
2026-05-07 19:57:00,28.59,56.15,71.01,21.6,0,1
2026-05-07 19:58:00,28.9,56.05,71.21,100.3,0,1
2026-05-07 19:59:00,28.67,58.14,71.42,169.4,0,1
2026-05-07 20:00:00,28.75,56.67,71.52,0.0,0,1
2026-05-07 20:01:00,28.31,56.8,71.93,64.3,0,1
2026-05-07 20:02:00,28.54,56.06,71.95,191.7,0,1
2026-05-07 20:03:00,28.49,56.45,72.14,0.0,0,1
2026-05-07 20:04:00,28.32,56.9,71.83,32.7,0,1
2026-05-07 20:05:00,27.66,59.5,72.07,139.5,1,1
2026-05-07 20:06:00,28.32,57.51,71.76,0.0,0,1
2026-05-07 20:07:00,28.29,59.04,71.19,166.4,0,1
2026-05-07 20:08:00,27.94,56.68,71.02,76.1,0,1
2026-05-07 20:09:00,28.27,59.17,70.83,212.3,0,1
2026-05-07 20:10:00,28.13,57.63,71.15,69.9,0,1
2026-05-07 20:11:00,28.13,57.55,70.45,222.3,0,1
2026-05-07 20:12:00,27.88,57.89,70.86,36.0,0,1
2026-05-07 20:13:00,27.49,61.42,70.51,0.0,0,1
2026-05-07 20:14:00,27.45,58.2,69.38,0.0,0,1
2026-05-07 20:15:00,27.99,60.5,68.81,122.2,0,1
2026-05-07 20:16:00,27.49,59.74,68.63,119.8,0,1
2026-05-07 20:17:00,27.52,57.35,68.79,0.0,1,1
2026-05-07 20:18:00,27.88,57.02,68.69,216.5,0,1
2026-05-07 20:19:00,27.08,59.52,68.12,0.0,0,1
2026-05-07 20:20:00,27.16,59.3,67.75,55.4,0,1
2026-05-07 20:21:00,27.71,57.93,67.21,52.1,0,1
2026-05-07 20:22:00,27.48,58.08,67.3,0.0,0,1
2026-05-07 20:23:00,26.91,61.38,67.24,0.0,0,1
2026-05-07 20:24:00,27.25,59.23,67.49,285.6,0,1
2026-05-07 20:25:00,27.36,59.46,66.7,0.0,0,1
2026-05-07 20:26:00,26.99,59.56,66.46,75.0,0,1
2026-05-07 20:27:00,26.85,59.66,67.33,0.0,0,1
2026-05-07 20:28:00,26.74,62.35,67.58,0.0,0,1
2026-05-07 20:29:00,27.32,59.64,67.43,0.0,0,1
2026-05-07 20:30:00,27.32,62.11,66.98,112.9,0,1
2026-05-07 20:31:00,27.2,60.05,67.44,0.0,0,1
2026-05-07 20:32:00,27.27,58.24,68.08,152.1,0,1
2026-05-07 20:33:00,27.23,60.57,67.55,0.0,0,1
2026-05-07 20:34:00,26.48,60.03,67.07,15.4,0,1
2026-05-07 20:35:00,27.06,61.14,67.17,49.4,0,1
2026-05-07 20:36:00,26.79,58.88,67.31,0.0,0,1
2026-05-07 20:37:00,27.19,57.23,67.49,24.4,0,1
2026-05-07 20:38:00,27.51,58.81,68.26,42.0,0,1
2026-05-07 20:39:00,26.57,61.77,67.81,136.8,0,1
2026-05-07 20:40:00,26.49,59.36,67.79,0.0,0,1
2026-05-07 20:41:00,26.42,60.9,68.08,0.0,0,1
2026-05-07 20:42:00,26.49,59.31,68.35,79.1,0,1
2026-05-07 20:43:00,26.48,61.26,68.03,169.5,0,1
2026-05-07 20:44:00,27.03,58.92,67.73,0.0,0,1
2026-05-07 20:45:00,26.36,60.62,67.51,0.0,0,1
2026-05-07 20:46:00,26.17,60.16,68.21,0.0,0,1
2026-05-07 20:47:00,26.23,59.57,67.76,0.0,0,1
2026-05-07 20:48:00,25.98,58.53,67.58,47.7,0,1
2026-05-07 20:49:00,25.71,59.64,67.89,0.0,0,1
2026-05-07 20:50:00,26.05,60.4,67.39,116.7,0,1
2026-05-07 20:51:00,26.62,60.47,67.48,25.5,0,1
2026-05-07 20:52:00,26.22,62.72,66.63,120.5,0,1
2026-05-07 20:53:00,25.83,60.42,66.7,0.0,0,1
2026-05-07 20:54:00,25.99,60.05,66.71,0.0,0,1
2026-05-07 20:55:00,26.48,58.53,66.76,155.1,0,1
2026-05-07 20:56:00,25.86,62.03,66.37,0.0,0,1
2026-05-07 20:57:00,25.54,62.13,66.46,0.0,0,1
2026-05-07 20:58:00,25.73,61.71,66.43,0.0,0,1
2026-05-07 20:59:00,25.83,61.45,66.98,29.1,0,1
2026-05-07 21:00:00,25.73,60.73,67.24,0.0,1,1
2026-05-07 21:01:00,25.95,62.51,66.59,56.2,0,1
2026-05-07 21:02:00,25.56,60.48,66.21,39.9,0,1
2026-05-07 21:03:00,24.91,61.76,65.94,33.6,0,1
2026-05-07 21:04:00,25.57,60.18,66.01,161.8,0,1
2026-05-07 21:05:00,25.51,61.33,65.93,0.0,0,1
2026-05-07 21:06:00,25.45,60.64,65.85,0.0,0,1
2026-05-07 21:07:00,25.11,61.29,67.07,96.3,0,1
2026-05-07 21:08:00,25.78,59.67,66.82,66.3,0,1
2026-05-07 21:09:00,24.96,61.1,67.41,0.0,0,1
2026-05-07 21:10:00,24.95,60.34,67.32,0.0,0,1
2026-05-07 21:11:00,25.09,62.5,66.35,52.6,0,1
2026-05-07 21:12:00,25.44,60.55,66.42,0.0,0,1
2026-05-07 21:13:00,25.41,63.56,66.89,0.0,0,1
2026-05-07 21:14:00,25.19,63.07,67.15,0.0,0,1
2026-05-07 21:15:00,25.21,61.99,67.23,0.0,0,1
2026-05-07 21:16:00,24.62,63.41,67.22,0.0,0,1
2026-05-07 21:17:00,24.48,63.95,66.98,15.3,0,1
2026-05-07 21:18:00,24.77,61.92,67.35,0.0,0,1
2026-05-07 21:19:00,25.05,61.89,67.13,165.3,0,1
2026-05-07 21:20:00,25.02,63.47,66.83,0.0,0,1
2026-05-07 21:21:00,24.53,64.22,66.99,109.5,0,1
2026-05-07 21:22:00,24.47,62.02,66.84,50.2,0,1
2026-05-07 21:23:00,24.97,65.0,67.37,261.2,0,1
2026-05-07 21:24:00,24.68,61.02,67.55,64.8,0,1
2026-05-07 21:25:00,24.08,60.74,67.18,0.0,0,1
2026-05-07 21:26:00,24.28,65.0,66.66,126.5,0,1
2026-05-07 21:27:00,24.65,63.57,66.4,203.7,0,1
2026-05-07 21:28:00,24.2,63.55,67.39,0.0,1,1
2026-05-07 21:29:00,24.21,64.27,67.26,76.7,0,1
2026-05-07 21:30:00,24.19,62.52,67.56,103.2,0,1
2026-05-07 21:31:00,24.61,60.66,66.97,0.0,0,1
2026-05-07 21:32:00,24.36,62.56,66.48,0.0,0,1
2026-05-07 21:33:00,24.75,61.72,66.39,0.0,0,1
2026-05-07 21:34:00,24.19,62.15,67.11,0.0,0,1
2026-05-07 21:35:00,24.21,62.58,66.53,183.6,0,1
2026-05-07 21:36:00,24.32,62.44,66.24,0.0,0,1
2026-05-07 21:37:00,24.05,62.96,66.62,0.0,0,1
2026-05-07 21:38:00,23.78,64.37,67.29,0.0,0,1
2026-05-07 21:39:00,24.06,64.18,67.45,39.1,0,1
2026-05-07 21:40:00,23.94,64.05,67.71,6.8,0,1
2026-05-07 21:41:00,24.07,60.46,67.29,0.0,0,1
2026-05-07 21:42:00,23.92,62.49,66.69,31.7,0,1
2026-05-07 21:43:00,24.16,62.17,65.49,0.0,0,1
2026-05-07 21:44:00,23.93,65.0,64.64,0.0,0,1
2026-05-07 21:45:00,23.59,63.15,63.58,80.2,0,1
2026-05-07 21:46:00,23.82,61.58,65.25,68.8,0,1
2026-05-07 21:47:00,23.65,64.92,66.68,44.7,0,1
2026-05-07 21:48:00,24.41,63.14,65.68,0.0,0,1
2026-05-07 21:49:00,23.92,65.0,64.9,12.1,0,1
2026-05-07 21:50:00,24.05,61.87,65.68,119.0,0,1
2026-05-07 21:51:00,23.84,63.57,65.59,0.0,0,1
2026-05-07 21:52:00,24.3,61.94,66.02,123.9,0,1
2026-05-07 21:53:00,23.5,63.05,64.32,0.0,1,1
2026-05-07 21:54:00,23.6,63.17,65.35,40.9,0,1
2026-05-07 21:55:00,24.06,62.2,63.81,23.8,0,1
2026-05-07 21:56:00,23.63,64.34,63.5,141.0,0,1
2026-05-07 21:57:00,23.55,64.3,65.56,0.0,0,1
2026-05-07 21:58:00,23.58,64.15,66.0,0.0,0,1
2026-05-07 21:59:00,24.19,64.86,65.0,0.0,0,1
2026-05-07 22:00:00,24.2,63.99,64.93,0.0,0,1
2026-05-07 22:01:00,23.77,64.92,64.89,30.7,0,1
2026-05-07 22:02:00,23.7,64.21,65.27,0.0,0,1
2026-05-07 22:03:00,23.84,64.2,65.2,0.0,0,4
2026-05-07 22:04:00,23.72,65.0,65.12,73.3,0,1
2026-05-07 22:05:00,23.65,62.71,65.14,0.0,1,1
2026-05-07 22:06:00,23.48,63.54,64.28,9.0,0,4
2026-05-07 22:07:00,23.43,64.49,64.65,0.0,0,4
2026-05-07 22:08:00,23.69,64.09,65.24,0.0,0,4
2026-05-07 22:09:00,23.59,62.47,65.58,3.4,0,1
2026-05-07 22:10:00,23.9,64.65,65.4,0.0,0,4
2026-05-07 22:11:00,23.46,65.0,65.02,18.3,0,1
2026-05-07 22:12:00,23.28,65.0,64.55,0.0,0,1
2026-05-07 22:13:00,23.13,63.98,64.08,0.0,0,1
2026-05-07 22:14:00,23.29,65.0,65.07,0.0,0,4
2026-05-07 22:15:00,23.11,64.36,65.04,116.9,0,1
2026-05-07 22:16:00,23.75,64.04,65.44,0.0,0,4
2026-05-07 22:17:00,23.34,65.0,65.8,19.0,0,1
2026-05-07 22:18:00,23.24,65.0,65.86,217.6,0,4
2026-05-07 22:19:00,23.54,63.71,65.45,132.2,0,1
2026-05-07 22:20:00,23.9,63.12,65.67,61.1,0,1
2026-05-07 22:21:00,23.29,65.0,65.2,53.8,0,1
2026-05-07 22:22:00,23.11,64.73,65.46,8.5,0,1
2026-05-07 22:23:00,23.28,61.01,65.01,0.0,0,1
2026-05-07 22:24:00,22.9,65.0,64.83,0.0,0,1
2026-05-07 22:25:00,23.49,63.36,64.65,92.8,0,1
2026-05-07 22:26:00,23.49,63.97,65.26,70.6,0,4
2026-05-07 22:27:00,23.23,65.0,64.21,118.5,0,4
2026-05-07 22:28:00,23.05,62.71,65.23,170.2,0,1
2026-05-07 22:29:00,23.92,64.63,64.89,23.5,0,1
2026-05-07 22:30:00,23.0,63.18,64.84,65.5,1,1
2026-05-07 22:31:00,23.12,63.95,65.03,0.0,0,4
2026-05-07 22:32:00,23.3,64.96,65.17,289.4,0,1
2026-05-07 22:33:00,23.5,62.82,65.54,0.0,0,4
2026-05-07 22:34:00,23.24,63.19,65.8,96.8,0,1
2026-05-07 22:35:00,23.28,65.0,66.67,0.0,0,4
2026-05-07 22:36:00,23.42,65.0,66.96,0.0,0,1
2026-05-07 22:37:00,24.06,63.31,66.89,0.0,0,4
2026-05-07 22:38:00,23.1,65.0,66.63,0.0,0,4
2026-05-07 22:39:00,23.11,65.0,66.36,0.0,0,4
2026-05-07 22:40:00,23.21,62.92,66.9,139.2,0,4
2026-05-07 22:41:00,23.4,61.76,67.63,65.5,0,4
2026-05-07 22:42:00,23.85,65.0,68.03,0.0,0,1
2026-05-07 22:43:00,23.18,63.32,66.62,54.2,0,4
2026-05-07 22:44:00,23.34,64.96,65.63,98.9,0,4
2026-05-07 22:45:00,22.66,65.0,65.62,0.0,0,4
2026-05-07 22:46:00,23.21,64.67,65.55,49.4,0,1
2026-05-07 22:47:00,23.18,65.0,65.55,120.8,0,1
2026-05-07 22:48:00,23.43,65.0,66.09,0.0,0,1
2026-05-07 22:49:00,23.04,64.21,66.59,64.0,0,1
2026-05-07 22:50:00,22.86,65.0,66.65,43.7,0,1
2026-05-07 22:51:00,23.22,63.12,65.97,225.7,0,1
2026-05-07 22:52:00,22.76,65.0,65.43,66.8,0,1
2026-05-07 22:53:00,22.95,65.0,65.46,0.0,0,1
2026-05-07 22:54:00,23.16,64.69,65.63,0.0,0,4
2026-05-07 22:55:00,22.54,65.0,65.1,242.8,0,1
2026-05-07 22:56:00,23.07,64.96,65.39,0.0,0,4
2026-05-07 22:57:00,23.52,64.67,64.63,70.3,0,4
2026-05-07 22:58:00,22.72,64.54,63.49,0.0,0,1
2026-05-07 22:59:00,22.95,63.88,63.14,129.8,0,4
2026-05-07 23:00:00,23.26,63.41,63.77,135.7,0,1
2026-05-07 23:01:00,23.31,63.82,64.44,0.0,0,1
2026-05-07 23:02:00,23.12,63.29,63.77,0.0,0,1
2026-05-07 23:03:00,23.05,65.0,63.13,0.0,0,1
2026-05-07 23:04:00,23.51,63.92,63.49,0.0,0,1
2026-05-07 23:05:00,23.15,64.78,63.33,31.0,0,4
2026-05-07 23:06:00,22.83,63.87,63.95,28.6,0,4
2026-05-07 23:07:00,23.12,65.0,64.29,0.0,0,1
2026-05-07 23:08:00,23.05,64.63,64.7,0.0,1,1
2026-05-07 23:09:00,22.97,64.34,64.35,43.7,0,4
2026-05-07 23:10:00,22.66,64.89,64.56,58.9,0,1
2026-05-07 23:11:00,23.07,64.65,65.44,66.3,0,1
2026-05-07 23:12:00,23.22,64.33,65.49,0.0,0,1
2026-05-07 23:13:00,23.25,63.03,65.47,71.3,0,1
2026-05-07 23:14:00,23.07,65.0,65.28,2.2,0,4
2026-05-07 23:15:00,23.07,63.57,64.59,127.4,0,4
2026-05-07 23:16:00,22.92,65.0,64.12,0.0,0,1
2026-05-07 23:17:00,23.3,62.99,63.75,161.7,0,1
2026-05-07 23:18:00,22.75,65.0,63.07,204.9,0,1
2026-05-07 23:19:00,22.92,63.88,62.43,37.6,0,4
2026-05-07 23:20:00,22.84,64.34,61.42,72.1,0,1
2026-05-07 23:21:00,23.02,65.0,61.14,117.7,0,1
2026-05-07 23:22:00,23.37,65.0,61.49,0.0,0,1
2026-05-07 23:23:00,22.74,65.0,61.41,0.0,0,4
2026-05-07 23:24:00,23.11,65.0,61.33,22.1,0,1
2026-05-07 23:25:00,23.11,64.84,61.72,243.2,0,1
2026-05-07 23:26:00,22.79,64.14,62.5,0.0,0,1
2026-05-07 23:27:00,22.98,62.88,63.52,196.5,0,1
2026-05-07 23:28:00,22.8,65.0,63.61,0.0,0,4
2026-05-07 23:29:00,23.05,64.63,63.51,0.0,0,1
2026-05-07 23:30:00,22.99,65.0,63.36,146.2,0,4
2026-05-07 23:31:00,23.4,63.97,63.64,242.6,0,1
2026-05-07 23:32:00,22.83,64.38,63.6,50.7,0,1
2026-05-07 23:33:00,22.97,65.0,63.55,139.8,0,1
2026-05-07 23:34:00,22.92,65.0,63.54,0.0,0,1
2026-05-07 23:35:00,23.35,63.07,63.16,0.0,0,4
2026-05-07 23:36:00,22.89,62.91,62.18,0.0,0,4
2026-05-07 23:37:00,22.78,65.0,61.94,0.0,0,1
2026-05-07 23:38:00,22.81,64.4,62.62,67.8,0,1
2026-05-07 23:39:00,22.8,65.0,63.26,25.5,0,1
2026-05-07 23:40:00,22.86,65.0,63.7,207.3,0,1
2026-05-07 23:41:00,22.79,65.0,63.51,246.6,0,4
2026-05-07 23:42:00,23.0,65.0,63.19,0.0,0,1
2026-05-07 23:43:00,22.67,65.0,63.92,0.0,0,4
2026-05-07 23:44:00,23.14,64.98,63.47,139.2,0,1
2026-05-07 23:45:00,23.0,65.0,63.52,151.7,0,4
2026-05-07 23:46:00,23.4,63.35,64.27,52.9,0,1
2026-05-07 23:47:00,23.11,65.0,64.34,84.7,0,1
2026-05-07 23:48:00,23.08,65.0,64.22,65.9,0,1
2026-05-07 23:49:00,23.49,63.56,64.74,0.0,0,1
2026-05-07 23:50:00,23.1,64.58,64.77,0.0,0,1
2026-05-07 23:51:00,22.93,65.0,64.86,0.0,0,4
2026-05-07 23:52:00,22.77,65.0,65.52,0.0,0,1
2026-05-07 23:53:00,23.34,63.63,64.42,33.2,0,1
2026-05-07 23:54:00,22.73,65.0,64.59,0.0,0,1
2026-05-07 23:55:00,22.69,65.0,64.26,0.0,0,4
2026-05-07 23:56:00,22.69,65.0,64.19,0.0,0,4
2026-05-07 23:57:00,22.79,63.07,64.25,88.5,0,1
2026-05-07 23:58:00,22.98,64.13,63.97,0.0,0,1
2026-05-07 23:59:00,22.91,63.66,64.09,0.0,0,1
2026-05-08 00:00:00,23.1,64.7,64.27,0.0,0,1
2026-05-08 00:01:00,22.7,64.88,64.37,0.0,0,4
2026-05-08 00:02:00,22.75,63.92,64.43,0.0,0,1
2026-05-08 00:03:00,23.0,64.67,64.39,141.0,0,4
2026-05-08 00:04:00,22.72,65.0,64.36,0.0,0,1
2026-05-08 00:05:00,22.62,64.73,64.41,94.8,0,1
2026-05-08 00:06:00,22.58,65.0,64.01,110.9,0,1
2026-05-08 00:07:00,22.95,64.8,64.58,56.6,0,4
2026-05-08 00:08:00,22.95,64.2,64.54,134.2,0,4
2026-05-08 00:09:00,22.93,63.2,64.38,21.1,0,4
2026-05-08 00:10:00,23.27,65.0,64.56,183.1,0,1
2026-05-08 00:11:00,23.04,62.75,64.52,118.2,0,1
2026-05-08 00:12:00,22.96,63.0,65.07,134.2,0,1
2026-05-08 00:13:00,23.3,65.0,65.45,0.0,0,1
2026-05-08 00:14:00,23.2,62.25,65.49,51.0,0,1
2026-05-08 00:15:00,22.78,65.0,65.89,0.0,0,4
2026-05-08 00:16:00,23.17,65.0,65.98,187.5,0,1
2026-05-08 00:17:00,23.4,63.47,65.47,0.0,0,4
2026-05-08 00:18:00,23.41,64.48,65.85,0.0,0,1
2026-05-08 00:19:00,23.21,64.65,65.02,0.0,1,4
2026-05-08 00:20:00,23.06,63.95,63.5,0.0,0,4
2026-05-08 00:21:00,23.04,64.21,63.83,0.0,0,1
2026-05-08 00:22:00,23.33,64.35,64.04,218.7,0,1
2026-05-08 00:23:00,22.63,64.96,64.22,103.1,0,1
2026-05-08 00:24:00,23.28,65.0,64.83,0.0,0,4
2026-05-08 00:25:00,23.0,64.82,64.82,0.0,0,1
2026-05-08 00:26:00,22.73,65.0,64.66,0.0,0,1
2026-05-08 00:27:00,22.67,65.0,65.01,0.0,0,1
2026-05-08 00:28:00,22.54,65.0,64.71,0.0,0,1
2026-05-08 00:29:00,23.11,65.0,64.61,41.8,0,4
2026-05-08 00:30:00,23.45,61.99,64.73,0.0,0,4
2026-05-08 00:31:00,22.85,65.0,64.88,2.1,0,1
2026-05-08 00:32:00,22.76,64.5,64.74,0.0,0,4
2026-05-08 00:33:00,23.27,64.09,64.53,18.2,0,4
2026-05-08 00:34:00,23.0,65.0,64.06,0.0,0,1
2026-05-08 00:35:00,23.29,64.74,63.73,0.0,0,1
2026-05-08 00:36:00,22.73,65.0,64.54,99.6,0,1
2026-05-08 00:37:00,23.14,65.0,64.43,0.0,0,1
2026-05-08 00:38:00,23.43,64.61,64.52,53.2,0,1
2026-05-08 00:39:00,22.72,64.49,63.89,0.0,0,1
2026-05-08 00:40:00,22.9,65.0,65.01,0.0,0,1
2026-05-08 00:41:00,22.89,65.0,64.64,62.3,0,1
2026-05-08 00:42:00,23.17,64.78,64.14,148.7,0,1
2026-05-08 00:43:00,23.3,63.91,64.13,0.0,0,1
2026-05-08 00:44:00,22.81,64.34,63.76,280.4,0,1
2026-05-08 00:45:00,23.61,65.0,63.94,0.0,0,4
2026-05-08 00:46:00,23.0,64.78,63.3,0.0,0,1
2026-05-08 00:47:00,22.84,65.0,63.82,60.7,0,1
2026-05-08 00:48:00,23.34,65.0,64.25,124.0,0,4
2026-05-08 00:49:00,23.02,61.65,64.21,0.0,0,1
2026-05-08 00:50:00,22.89,64.05,63.51,0.0,0,4
2026-05-08 00:51:00,22.85,65.0,63.18,119.7,0,1
2026-05-08 00:52:00,23.52,60.92,63.24,61.2,0,1
2026-05-08 00:53:00,22.74,63.56,62.74,3.9,0,1
2026-05-08 00:54:00,23.28,64.08,62.32,105.1,0,1
2026-05-08 00:55:00,22.79,64.1,62.82,28.9,0,4
2026-05-08 00:56:00,22.84,64.32,62.92,28.5,0,1
2026-05-08 00:57:00,22.98,63.65,63.01,3.1,0,4
2026-05-08 00:58:00,23.12,64.63,63.26,0.0,0,1
2026-05-08 00:59:00,22.59,65.0,63.22,0.0,0,1
2026-05-08 01:00:00,22.87,65.0,63.22,0.0,0,4
2026-05-08 01:01:00,23.26,63.65,63.45,3.8,0,1
2026-05-08 01:02:00,23.26,65.0,63.82,0.0,0,1
2026-05-08 01:03:00,22.93,65.0,64.06,113.4,0,1
2026-05-08 01:04:00,22.71,65.0,64.7,2.2,0,1
2026-05-08 01:05:00,23.06,65.0,64.72,0.0,0,1
2026-05-08 01:06:00,23.22,64.38,64.14,194.0,0,1
2026-05-08 01:07:00,23.05,64.64,64.63,5.0,0,1
2026-05-08 01:08:00,23.36,64.92,64.53,0.0,0,4
2026-05-08 01:09:00,22.94,65.0,64.2,188.6,0,4
2026-05-08 01:10:00,22.68,65.0,64.52,162.6,0,1
2026-05-08 01:11:00,22.86,65.0,64.69,0.0,0,4
2026-05-08 01:12:00,23.02,65.0,64.15,0.0,0,4
2026-05-08 01:13:00,22.84,63.09,64.45,0.0,0,1
2026-05-08 01:14:00,22.89,63.44,65.27,0.0,0,1
2026-05-08 01:15:00,23.26,64.9,65.4,39.0,0,1
2026-05-08 01:16:00,22.82,64.11,65.29,101.4,0,1
2026-05-08 01:17:00,22.69,65.0,64.57,78.8,0,4
2026-05-08 01:18:00,23.22,64.67,65.46,23.6,0,1
2026-05-08 01:19:00,23.18,65.0,65.23,132.8,0,1
2026-05-08 01:20:00,22.76,65.0,64.62,0.0,0,1
2026-05-08 01:21:00,23.2,62.18,64.67,237.9,0,1
2026-05-08 01:22:00,22.74,65.0,65.12,0.0,0,1
2026-05-08 01:23:00,22.84,65.0,65.65,0.0,0,4
2026-05-08 01:24:00,22.75,65.0,65.35,0.0,0,4
2026-05-08 01:25:00,22.91,65.0,65.3,0.0,0,1
2026-05-08 01:26:00,23.17,63.88,65.3,0.0,1,1
2026-05-08 01:27:00,23.1,64.36,65.72,0.0,0,1
2026-05-08 01:28:00,22.83,64.22,65.96,15.6,0,4
2026-05-08 01:29:00,23.08,64.01,66.07,0.0,0,1
2026-05-08 01:30:00,23.13,64.57,66.45,20.0,0,1
2026-05-08 01:31:00,23.27,65.0,65.84,0.0,0,1
2026-05-08 01:32:00,23.12,65.0,66.01,87.9,0,1
2026-05-08 01:33:00,23.22,64.87,66.09,86.4,0,4
2026-05-08 01:34:00,23.05,65.0,66.05,19.1,0,1
2026-05-08 01:35:00,22.83,62.34,65.93,0.0,0,1
2026-05-08 01:36:00,23.07,64.37,65.98,57.1,0,1
2026-05-08 01:37:00,23.34,65.0,65.72,0.0,0,1
2026-05-08 01:38:00,23.35,64.62,66.88,23.9,0,1
2026-05-08 01:39:00,22.39,65.0,67.44,1.6,0,1
2026-05-08 01:40:00,23.19,65.0,67.88,335.4,0,1
2026-05-08 01:41:00,22.91,65.0,67.61,0.0,0,1
2026-05-08 01:42:00,23.13,65.0,67.16,0.0,0,1
2026-05-08 01:43:00,22.69,65.0,67.03,0.0,0,1
2026-05-08 01:44:00,22.93,65.0,67.05,0.0,0,4
2026-05-08 01:45:00,22.63,65.0,66.4,0.0,0,4
2026-05-08 01:46:00,22.93,65.0,66.58,0.0,0,4
2026-05-08 01:47:00,23.19,64.09,67.03,0.0,0,1
2026-05-08 01:48:00,23.15,62.84,66.03,0.0,0,1
2026-05-08 01:49:00,23.57,64.26,65.63,115.6,0,1
2026-05-08 01:50:00,22.91,65.0,66.15,0.0,0,4
2026-05-08 01:51:00,22.82,65.0,66.3,129.1,0,1
2026-05-08 01:52:00,23.38,64.34,65.91,4.9,0,4
2026-05-08 01:53:00,22.61,65.0,66.21,111.4,0,1
2026-05-08 01:54:00,23.09,65.0,65.94,0.0,0,1
2026-05-08 01:55:00,23.16,63.66,65.82,191.3,0,1
2026-05-08 01:56:00,22.46,65.0,65.32,56.5,0,1
2026-05-08 01:57:00,22.77,65.0,65.32,0.0,0,1
2026-05-08 01:58:00,22.7,65.0,65.76,74.3,0,4
2026-05-08 01:59:00,23.25,65.0,65.54,3.3,0,4
2026-05-08 02:00:00,22.88,65.0,65.81,0.0,0,1
2026-05-08 02:01:00,22.97,64.39,65.78,27.0,0,1
2026-05-08 02:02:00,22.63,65.0,66.23,105.6,0,1
2026-05-08 02:03:00,22.84,65.0,66.02,0.0,0,1
2026-05-08 02:04:00,22.84,63.49,66.67,0.0,0,1
2026-05-08 02:05:00,22.98,62.77,66.94,97.3,0,1
2026-05-08 02:06:00,22.96,63.56,67.02,62.2,0,1
2026-05-08 02:07:00,23.41,64.8,67.11,0.0,0,4
2026-05-08 02:08:00,23.21,65.0,66.88,0.0,0,1
2026-05-08 02:09:00,22.59,65.0,66.62,236.5,0,1
2026-05-08 02:10:00,23.29,63.91,66.71,10.0,0,1
2026-05-08 02:11:00,23.26,63.76,66.17,198.7,0,1
2026-05-08 02:12:00,23.05,62.84,65.89,112.4,0,4
2026-05-08 02:13:00,23.28,65.0,65.48,0.0,0,1
2026-05-08 02:14:00,23.34,64.28,65.72,0.0,0,1
2026-05-08 02:15:00,22.92,65.0,65.96,0.0,0,1
2026-05-08 02:16:00,22.73,65.0,66.49,0.0,0,1
2026-05-08 02:17:00,23.18,65.0,66.33,54.1,0,1
2026-05-08 02:18:00,22.83,64.96,65.96,0.0,0,4
2026-05-08 02:19:00,23.1,63.76,65.31,21.4,0,4
2026-05-08 02:20:00,22.78,65.0,65.43,21.3,1,4
2026-05-08 02:21:00,23.28,64.45,66.02,118.3,0,1
2026-05-08 02:22:00,22.85,64.54,65.98,0.0,0,4
2026-05-08 02:23:00,22.99,63.51,65.97,53.1,1,4
2026-05-08 02:24:00,22.97,65.0,65.96,34.6,0,1
2026-05-08 02:25:00,22.68,65.0,66.05,105.1,0,1
2026-05-08 02:26:00,23.31,65.0,66.47,0.0,0,4
2026-05-08 02:27:00,23.36,63.59,67.27,0.0,0,4
2026-05-08 02:28:00,23.0,65.0,67.46,0.0,0,4
2026-05-08 02:29:00,22.85,63.89,67.66,0.0,0,1
2026-05-08 02:30:00,22.98,65.0,67.52,0.0,0,1
2026-05-08 02:31:00,22.91,65.0,67.44,0.0,0,1
2026-05-08 02:32:00,23.03,65.0,67.35,0.0,0,4
2026-05-08 02:33:00,22.96,65.0,67.16,6.6,0,4
2026-05-08 02:34:00,22.81,64.03,67.18,31.9,0,1
2026-05-08 02:35:00,23.32,64.33,67.42,0.0,0,1
2026-05-08 02:36:00,22.99,64.78,67.41,0.0,0,1
2026-05-08 02:37:00,23.52,65.0,67.25,155.9,0,1
2026-05-08 02:38:00,23.06,64.63,67.27,0.0,0,1
2026-05-08 02:39:00,22.94,65.0,66.83,20.1,0,1
2026-05-08 02:40:00,22.97,64.74,67.14,0.0,0,1
2026-05-08 02:41:00,22.95,65.0,66.93,0.0,0,1
2026-05-08 02:42:00,23.01,64.08,66.41,0.0,0,1
2026-05-08 02:43:00,23.09,63.53,66.59,0.0,0,1
2026-05-08 02:44:00,22.76,64.74,66.78,0.0,0,1
2026-05-08 02:45:00,22.78,64.21,66.39,0.0,0,1
2026-05-08 02:46:00,23.23,64.44,66.64,236.6,0,4
2026-05-08 02:47:00,23.16,65.0,66.89,0.0,0,4
2026-05-08 02:48:00,22.64,63.9,67.71,94.8,0,1
2026-05-08 02:49:00,23.16,64.27,67.57,0.0,0,1
2026-05-08 02:50:00,23.24,65.0,67.51,0.0,0,1
2026-05-08 02:51:00,23.1,62.71,67.21,0.0,0,4
2026-05-08 02:52:00,22.62,64.19,67.39,161.5,0,4
2026-05-08 02:53:00,22.7,65.0,67.35,44.8,0,4
2026-05-08 02:54:00,23.02,63.05,67.74,0.0,0,4
2026-05-08 02:55:00,23.5,64.14,67.51,0.0,0,1
2026-05-08 02:56:00,22.9,65.0,67.68,129.1,0,1
2026-05-08 02:57:00,23.18,63.99,67.54,0.0,0,1
2026-05-08 02:58:00,22.87,64.1,66.71,37.3,0,1
2026-05-08 02:59:00,23.46,62.4,66.95,64.5,0,1
2026-05-08 03:00:00,23.04,63.88,66.17,0.0,0,1
2026-05-08 03:01:00,22.73,65.0,66.08,18.6,0,1
2026-05-08 03:02:00,22.83,65.0,66.01,60.3,0,4
2026-05-08 03:03:00,22.81,65.0,65.99,0.0,0,4
2026-05-08 03:04:00,23.06,64.74,65.99,101.0,0,4
2026-05-08 03:05:00,22.86,65.0,65.99,35.7,0,1
2026-05-08 03:06:00,22.91,64.08,66.14,0.0,0,1
2026-05-08 03:07:00,23.52,61.44,66.07,12.6,0,1
2026-05-08 03:08:00,22.89,65.0,67.19,84.9,0,4
2026-05-08 03:09:00,23.08,65.0,67.01,277.9,0,1
2026-05-08 03:10:00,22.96,65.0,66.45,73.2,0,4
2026-05-08 03:11:00,23.02,65.0,65.82,97.3,0,4
2026-05-08 03:12:00,23.2,65.0,66.09,23.2,0,1
2026-05-08 03:13:00,22.49,63.87,65.39,228.2,0,1
2026-05-08 03:14:00,23.07,64.96,64.86,0.0,0,1
2026-05-08 03:15:00,22.94,65.0,64.28,0.0,0,4
2026-05-08 03:16:00,23.08,65.0,64.49,18.4,0,4
2026-05-08 03:17:00,22.99,65.0,65.07,96.1,0,4
2026-05-08 03:18:00,22.99,65.0,64.66,0.0,0,1
2026-05-08 03:19:00,23.11,65.0,64.85,16.5,0,4
2026-05-08 03:20:00,22.9,63.36,63.72,0.0,0,4
2026-05-08 03:21:00,23.53,63.54,63.41,106.2,0,1
2026-05-08 03:22:00,22.8,64.67,63.7,68.3,0,1
2026-05-08 03:23:00,23.4,65.0,63.58,0.0,0,4
2026-05-08 03:24:00,22.73,65.0,64.03,0.0,0,4
2026-05-08 03:25:00,22.98,65.0,63.09,0.0,0,1
2026-05-08 03:26:00,23.12,65.0,62.8,125.1,0,4
2026-05-08 03:27:00,22.81,65.0,63.03,64.5,0,4
2026-05-08 03:28:00,22.8,65.0,63.25,0.0,0,4
2026-05-08 03:29:00,22.98,63.54,63.5,36.9,0,4
2026-05-08 03:30:00,23.27,64.27,63.61,0.0,0,4
2026-05-08 03:31:00,23.07,63.77,63.14,265.5,0,4
2026-05-08 03:32:00,23.52,62.92,62.83,88.5,0,4
2026-05-08 03:33:00,23.19,63.43,63.86,113.9,0,4
2026-05-08 03:34:00,22.94,64.29,63.33,184.8,0,1
2026-05-08 03:35:00,22.38,65.0,62.75,121.9,0,1
2026-05-08 03:36:00,22.66,65.0,63.08,3.8,0,4
2026-05-08 03:37:00,22.99,65.0,62.65,0.0,0,4
2026-05-08 03:38:00,22.66,65.0,63.46,154.6,0,1
2026-05-08 03:39:00,23.0,62.19,64.66,3.2,0,4
2026-05-08 03:40:00,23.11,65.0,64.56,0.0,0,1
2026-05-08 03:41:00,22.98,64.13,64.7,236.0,0,4
2026-05-08 03:42:00,22.98,63.05,63.92,0.0,0,1
2026-05-08 03:43:00,23.54,64.52,64.38,0.0,0,4
2026-05-08 03:44:00,23.07,64.98,63.43,119.1,0,1
2026-05-08 03:45:00,23.01,65.0,62.87,0.0,0,4
2026-05-08 03:46:00,22.8,65.0,62.96,52.2,0,4
2026-05-08 03:47:00,23.05,64.12,63.22,218.1,0,4
2026-05-08 03:48:00,22.93,63.91,62.61,0.0,0,1
2026-05-08 03:49:00,23.5,64.25,62.41,0.0,0,4
2026-05-08 03:50:00,23.19,64.18,61.73,178.0,0,4
2026-05-08 03:51:00,23.41,65.0,61.65,81.8,0,4
2026-05-08 03:52:00,23.1,64.66,61.35,0.0,0,1
2026-05-08 03:53:00,23.36,64.45,61.13,286.7,0,4
2026-05-08 03:54:00,22.8,64.18,61.47,0.0,0,1
2026-05-08 03:55:00,23.12,63.54,61.65,47.6,0,1
2026-05-08 03:56:00,22.84,63.17,61.94,197.9,0,4
2026-05-08 03:57:00,22.94,64.61,61.93,117.7,0,1
2026-05-08 03:58:00,23.07,64.58,62.29,158.6,0,4
2026-05-08 03:59:00,22.82,65.0,62.31,0.0,0,4
2026-05-08 04:00:00,22.69,65.0,62.14,165.2,0,4
2026-05-08 04:01:00,23.3,64.0,62.43,38.2,0,1
2026-05-08 04:02:00,22.64,65.0,62.29,0.0,0,4
2026-05-08 04:03:00,23.48,64.09,62.18,44.5,0,1
2026-05-08 04:04:00,22.86,65.0,62.69,40.7,0,1
2026-05-08 04:05:00,23.2,65.0,63.14,242.0,0,1
2026-05-08 04:06:00,23.22,64.54,63.04,63.6,0,1
2026-05-08 04:07:00,22.78,64.02,63.45,0.0,0,4
2026-05-08 04:08:00,23.18,64.46,62.92,0.0,0,1
2026-05-08 04:09:00,23.1,64.99,62.83,0.0,0,4
2026-05-08 04:10:00,23.22,62.95,62.54,0.0,0,1
2026-05-08 04:11:00,23.36,64.02,62.57,0.0,0,1
2026-05-08 04:12:00,23.27,62.71,62.93,0.0,0,1
2026-05-08 04:13:00,22.85,65.0,63.2,0.0,0,4
2026-05-08 04:14:00,23.03,63.51,63.41,87.2,0,1
2026-05-08 04:15:00,22.86,64.69,63.49,0.0,0,1
2026-05-08 04:16:00,22.92,64.81,63.44,0.0,0,4
2026-05-08 04:17:00,23.19,63.07,63.98,0.0,0,1
2026-05-08 04:18:00,23.22,64.63,63.33,13.1,0,1
2026-05-08 04:19:00,23.21,63.29,63.07,0.0,0,4
2026-05-08 04:20:00,23.14,65.0,63.28,0.0,0,1
2026-05-08 04:21:00,23.18,65.0,63.96,250.2,0,1
2026-05-08 04:22:00,22.95,65.0,63.83,114.7,0,1
2026-05-08 04:23:00,23.4,64.5,63.73,8.2,0,1
2026-05-08 04:24:00,23.23,64.97,63.2,43.2,0,1
2026-05-08 04:25:00,23.06,64.59,62.99,0.0,1,1
2026-05-08 04:26:00,23.35,65.0,63.33,0.0,0,1
2026-05-08 04:27:00,22.94,65.0,64.03,123.7,0,1
2026-05-08 04:28:00,23.1,63.58,63.92,102.2,0,4
2026-05-08 04:29:00,23.29,65.0,63.59,0.0,0,4
2026-05-08 04:30:00,22.76,63.17,63.64,27.2,0,1
2026-05-08 04:31:00,23.62,63.53,62.97,40.4,0,1
2026-05-08 04:32:00,22.92,64.93,63.53,0.0,0,4
2026-05-08 04:33:00,22.95,65.0,63.02,251.7,0,1
2026-05-08 04:34:00,23.07,65.0,63.19,238.6,0,1
2026-05-08 04:35:00,23.25,65.0,63.35,0.0,0,4
2026-05-08 04:36:00,23.28,62.83,63.64,0.0,0,1
2026-05-08 04:37:00,23.44,65.0,63.77,0.0,0,1
2026-05-08 04:38:00,23.05,65.0,63.79,0.0,0,4
2026-05-08 04:39:00,23.15,64.23,63.99,0.0,0,1
2026-05-08 04:40:00,22.68,64.74,64.37,60.8,0,4
2026-05-08 04:41:00,22.8,65.0,65.15,235.4,0,4
2026-05-08 04:42:00,23.04,64.76,64.68,186.0,0,4
2026-05-08 04:43:00,23.16,64.52,63.89,94.7,0,4
2026-05-08 04:44:00,23.06,65.0,63.24,0.0,0,4
2026-05-08 04:45:00,23.2,65.0,62.48,0.0,0,1
2026-05-08 04:46:00,23.05,64.54,62.0,127.7,0,1
2026-05-08 04:47:00,23.01,65.0,61.48,194.3,0,4
2026-05-08 04:48:00,23.67,63.64,61.35,66.4,0,4
2026-05-08 04:49:00,23.0,65.0,61.77,0.0,0,4
2026-05-08 04:50:00,23.32,63.3,62.09,162.3,0,1
2026-05-08 04:51:00,22.74,64.3,61.87,90.4,0,1
2026-05-08 04:52:00,23.1,64.47,61.68,136.5,0,1
2026-05-08 04:53:00,22.9,65.0,62.6,0.0,0,4
2026-05-08 04:54:00,23.56,64.46,62.89,41.2,0,1
2026-05-08 04:55:00,22.93,63.12,63.0,232.7,0,1
2026-05-08 04:56:00,23.06,63.31,63.08,83.0,0,1
2026-05-08 04:57:00,22.87,63.11,62.99,133.5,0,1
2026-05-08 04:58:00,22.85,65.0,63.88,24.1,0,1
2026-05-08 04:59:00,23.05,65.0,63.82,32.5,0,1
2026-05-08 05:00:00,23.17,64.92,63.9,188.1,0,1
2026-05-08 05:01:00,23.34,64.66,63.2,0.0,0,1
2026-05-08 05:02:00,22.93,64.18,62.96,0.0,0,4
2026-05-08 05:03:00,22.93,65.0,62.75,0.0,0,1
2026-05-08 05:04:00,23.4,65.0,62.99,22.6,0,1
2026-05-08 05:05:00,23.48,65.0,62.69,0.0,0,1
2026-05-08 05:06:00,23.06,63.51,62.75,87.7,0,1
2026-05-08 05:07:00,23.2,64.32,62.52,0.0,0,1
2026-05-08 05:08:00,23.5,63.54,62.08,102.4,0,4
2026-05-08 05:09:00,23.75,65.0,61.63,0.0,0,1
2026-05-08 05:10:00,23.19,63.46,61.61,102.9,1,1
2026-05-08 05:11:00,23.28,64.83,61.7,160.4,0,1
2026-05-08 05:12:00,23.12,64.41,61.67,52.6,0,4
2026-05-08 05:13:00,22.72,64.45,61.36,3.6,0,4
2026-05-08 05:14:00,23.18,65.0,61.36,103.8,0,4
2026-05-08 05:15:00,23.44,64.12,61.27,152.6,0,1
2026-05-08 05:16:00,22.91,65.0,60.88,62.8,0,1
2026-05-08 05:17:00,22.63,64.93,60.98,71.7,0,1
2026-05-08 05:18:00,23.25,63.24,61.82,198.8,0,1
2026-05-08 05:19:00,22.66,65.0,61.8,91.3,0,1
2026-05-08 05:20:00,22.71,65.0,61.22,0.0,0,4
2026-05-08 05:21:00,22.69,65.0,61.91,152.0,0,1
2026-05-08 05:22:00,22.6,65.0,62.5,0.0,0,4
2026-05-08 05:23:00,23.37,65.0,63.15,4.0,0,1
2026-05-08 05:24:00,23.14,63.19,63.16,12.8,0,4
2026-05-08 05:25:00,23.62,65.0,62.85,116.3,0,4
2026-05-08 05:26:00,23.29,65.0,62.5,209.9,0,1
2026-05-08 05:27:00,23.62,63.59,63.03,2.9,0,1
2026-05-08 05:28:00,22.95,65.0,63.75,207.8,0,1
2026-05-08 05:29:00,23.2,65.0,63.37,19.8,0,4
2026-05-08 05:30:00,22.79,65.0,62.31,168.3,0,4
2026-05-08 05:31:00,23.04,64.01,62.34,23.8,0,4
2026-05-08 05:32:00,23.47,63.52,61.99,0.0,0,1
2026-05-08 05:33:00,23.1,65.0,61.73,230.7,0,1
2026-05-08 05:34:00,23.05,65.0,61.68,0.0,0,1
2026-05-08 05:35:00,23.11,63.12,61.91,0.0,0,4
2026-05-08 05:36:00,23.15,65.0,61.62,0.0,0,4
2026-05-08 05:37:00,23.15,65.0,61.73,152.1,0,1
2026-05-08 05:38:00,23.45,64.6,61.72,180.4,0,1
2026-05-08 05:39:00,22.93,64.27,60.78,44.8,0,1
2026-05-08 05:40:00,23.06,64.12,61.07,0.0,1,1
2026-05-08 05:41:00,23.14,65.0,60.94,0.0,0,1
2026-05-08 05:42:00,22.89,65.0,60.45,0.0,0,1
2026-05-08 05:43:00,23.0,65.0,60.21,0.0,0,1
2026-05-08 05:44:00,23.3,64.21,60.37,0.0,0,1
2026-05-08 05:45:00,22.91,64.7,60.46,82.2,0,4
2026-05-08 05:46:00,23.81,63.67,60.81,0.0,0,1
2026-05-08 05:47:00,23.52,64.76,61.06,56.5,0,4
2026-05-08 05:48:00,23.16,63.76,60.61,0.0,0,1
2026-05-08 05:49:00,23.26,63.01,59.4,223.0,0,4
2026-05-08 05:50:00,23.3,64.29,59.54,0.0,0,4
2026-05-08 05:51:00,23.25,65.0,59.89,125.9,1,4
2026-05-08 05:52:00,23.13,65.0,59.88,44.1,0,4
2026-05-08 05:53:00,23.8,62.59,60.24,69.8,1,1
2026-05-08 05:54:00,22.93,65.0,59.88,0.0,0,4
2026-05-08 05:55:00,23.01,64.86,59.81,0.0,0,1
2026-05-08 05:56:00,23.13,64.53,59.49,0.0,0,1
2026-05-08 05:57:00,23.27,62.76,59.88,3.0,0,4
2026-05-08 05:58:00,23.61,64.61,59.56,159.1,0,1
2026-05-08 05:59:00,23.11,65.0,60.53,52.0,0,1
2026-05-08 06:00:00,23.25,65.0,60.38,0.0,0,1
2026-05-08 06:01:00,23.21,64.4,60.79,44.5,0,1
2026-05-08 06:02:00,23.09,65.0,60.65,80.0,0,1
2026-05-08 06:03:00,23.42,64.05,61.29,116.2,0,1
2026-05-08 06:04:00,23.21,64.29,61.91,234.9,0,1
2026-05-08 06:05:00,23.35,62.49,61.81,415.2,1,1
2026-05-08 06:06:00,23.03,65.0,61.98,331.2,0,1
2026-05-08 06:07:00,22.97,65.0,62.57,476.7,0,1
2026-05-08 06:08:00,23.02,64.97,62.74,742.6,0,1
2026-05-08 06:09:00,23.18,64.4,62.38,792.9,0,1
2026-05-08 06:10:00,23.38,64.75,62.45,1007.2,0,1
2026-05-08 06:11:00,23.62,63.27,62.16,1147.8,0,1
2026-05-08 06:12:00,23.14,65.0,62.27,938.5,0,1
2026-05-08 06:13:00,23.56,63.06,61.97,1266.9,0,1
2026-05-08 06:14:00,23.25,64.48,62.18,1306.0,0,1
2026-05-08 06:15:00,22.93,65.0,61.45,1361.5,0,1
2026-05-08 06:16:00,23.13,65.0,61.02,1552.9,0,1
2026-05-08 06:17:00,23.29,64.85,60.74,1757.2,0,1
2026-05-08 06:18:00,23.31,65.0,60.73,1907.2,0,1
2026-05-08 06:19:00,22.98,65.0,60.14,2022.2,0,1
2026-05-08 06:20:00,23.01,63.87,59.83,2249.0,0,1
2026-05-08 06:21:00,23.01,65.0,60.25,2703.1,0,1
2026-05-08 06:22:00,23.04,64.8,60.71,2364.2,0,1
2026-05-08 06:23:00,23.17,65.0,59.68,2872.4,0,1
2026-05-08 06:24:00,23.56,63.46,59.5,2901.3,0,1
2026-05-08 06:25:00,22.99,65.0,60.14,3021.2,0,1
2026-05-08 06:26:00,22.68,65.0,60.38,3004.5,0,1
2026-05-08 06:27:00,22.66,65.0,60.62,3513.8,0,1
2026-05-08 06:28:00,23.29,65.0,60.93,3427.5,0,1
2026-05-08 06:29:00,22.95,65.0,60.58,3880.3,0,1
2026-05-08 06:30:00,23.16,64.34,60.74,4172.9,0,1
2026-05-08 06:31:00,22.91,65.0,61.0,3995.4,0,1
2026-05-08 06:32:00,23.05,62.76,61.11,4477.3,0,1
2026-05-08 06:33:00,23.01,63.24,61.0,4530.1,0,1
2026-05-08 06:34:00,22.91,65.0,61.04,4467.9,0,1
2026-05-08 06:35:00,23.4,64.72,60.61,4769.0,0,1
2026-05-08 06:36:00,23.41,63.77,60.94,5131.4,0,1
2026-05-08 06:37:00,23.25,65.0,60.38,5356.7,0,1
2026-05-08 06:38:00,23.6,65.0,60.1,5319.5,0,1
2026-05-08 06:39:00,22.76,64.07,60.46,5715.6,0,1
2026-05-08 06:40:00,23.03,64.85,60.66,6015.2,0,1
2026-05-08 06:41:00,23.0,65.0,60.51,6242.6,0,1
2026-05-08 06:42:00,23.26,65.0,59.84,6281.6,0,1
2026-05-08 06:43:00,22.77,65.0,59.9,6594.0,0,1
2026-05-08 06:44:00,23.25,62.29,59.71,6882.1,0,1
2026-05-08 06:45:00,22.72,65.0,59.99,7069.6,0,1
2026-05-08 06:46:00,23.27,62.33,59.84,7289.8,0,1
2026-05-08 06:47:00,23.37,64.43,59.17,7413.8,0,1
2026-05-08 06:48:00,22.8,64.01,58.66,7607.8,0,1
2026-05-08 06:49:00,22.99,65.0,58.57,7872.5,0,1
2026-05-08 06:50:00,23.38,65.0,58.71,7970.4,0,1
2026-05-08 06:51:00,23.43,64.46,58.3,8419.4,0,1
2026-05-08 06:52:00,22.73,64.6,58.08,8327.8,0,1
2026-05-08 06:53:00,23.18,63.17,58.52,8678.0,0,1
2026-05-08 06:54:00,23.25,64.61,59.1,8962.7,0,1
2026-05-08 06:55:00,23.08,64.4,59.31,9253.5,0,1
2026-05-08 06:56:00,23.44,64.79,59.27,9507.6,0,1
2026-05-08 06:57:00,22.95,64.56,59.09,9840.3,0,1
2026-05-08 06:58:00,22.98,65.0,59.41,9905.4,0,1
2026-05-08 06:59:00,22.92,65.0,59.36,10045.7,0,1
2026-05-08 07:00:00,23.14,65.0,59.84,10351.6,0,1
2026-05-08 07:01:00,23.01,64.38,60.33,10569.2,0,1
2026-05-08 07:02:00,23.3,65.0,60.58,10909.8,0,1
2026-05-08 07:03:00,23.0,65.0,60.43,10960.6,0,1
2026-05-08 07:04:00,23.04,64.12,60.32,11310.1,0,1
2026-05-08 07:05:00,23.15,63.0,59.68,11769.6,0,2
2026-05-08 07:06:00,22.89,65.0,59.74,11841.4,0,2
2026-05-08 07:07:00,23.35,64.0,59.78,11939.7,0,2
2026-05-08 07:08:00,23.27,63.85,59.27,12272.7,0,2
2026-05-08 07:09:00,23.26,64.27,60.37,12294.2,0,2
2026-05-08 07:10:00,22.85,64.08,60.68,12804.8,0,2
2026-05-08 07:11:00,23.49,65.0,60.38,13260.6,0,2
2026-05-08 07:12:00,22.64,65.0,61.34,13172.5,0,2
2026-05-08 07:13:00,23.29,64.66,61.18,13393.3,0,2
2026-05-08 07:14:00,23.14,65.0,61.6,13743.9,0,2
2026-05-08 07:15:00,23.27,64.74,61.68,14188.2,0,2
2026-05-08 07:16:00,23.05,65.0,61.54,14538.6,0,2
2026-05-08 07:17:00,23.13,64.8,61.44,14645.2,0,2
2026-05-08 07:18:00,23.28,62.8,62.11,14695.5,0,2
2026-05-08 07:19:00,23.11,63.78,62.54,15106.6,0,2
2026-05-08 07:20:00,23.16,63.9,62.52,15584.4,0,2
2026-05-08 07:21:00,23.17,64.89,61.67,15593.8,0,2
2026-05-08 07:22:00,23.66,65.0,61.85,15910.2,0,2
2026-05-08 07:23:00,22.71,65.0,61.36,16185.5,0,2
2026-05-08 07:24:00,23.44,64.11,61.65,16235.3,0,2
2026-05-08 07:25:00,23.23,64.32,61.39,16805.6,0,2
2026-05-08 07:26:00,23.2,65.0,61.18,17054.3,0,2
2026-05-08 07:27:00,22.8,65.0,60.97,16979.4,0,2
2026-05-08 07:28:00,23.41,65.0,61.47,17326.6,0,2
2026-05-08 07:29:00,22.84,64.39,60.76,17638.4,0,2
2026-05-08 07:30:00,23.49,65.0,61.14,18113.9,0,2
2026-05-08 07:31:00,22.99,64.61,61.35,18204.0,0,2
2026-05-08 07:32:00,23.49,63.55,61.37,18613.2,0,2
2026-05-08 07:33:00,22.95,65.0,61.23,18814.9,0,2
2026-05-08 07:34:00,22.89,65.0,61.5,19117.6,0,2
2026-05-08 07:35:00,23.1,64.08,61.36,19441.8,0,2
2026-05-08 07:36:00,22.95,65.0,61.22,19688.8,0,2
2026-05-08 07:37:00,23.07,64.38,61.31,19928.4,0,2
2026-05-08 07:38:00,23.56,64.72,62.1,20245.2,0,2
2026-05-08 07:39:00,23.0,65.0,61.49,20508.0,0,2
2026-05-08 07:40:00,23.19,65.0,61.76,20733.4,0,2
2026-05-08 07:41:00,23.55,65.0,61.75,20984.1,0,2
2026-05-08 07:42:00,23.21,65.0,61.7,21539.4,1,2
2026-05-08 07:43:00,23.44,65.0,61.09,21539.1,0,2
2026-05-08 07:44:00,23.3,63.07,60.39,22035.4,0,2
2026-05-08 07:45:00,23.42,64.63,60.61,22068.8,0,2
2026-05-08 07:46:00,23.16,64.25,60.13,22528.6,0,2
2026-05-08 07:47:00,23.33,64.48,60.64,22926.3,0,2
2026-05-08 07:48:00,23.64,64.2,60.27,22953.1,0,2
2026-05-08 07:49:00,23.12,62.78,60.58,23195.5,0,2
2026-05-08 07:50:00,23.31,64.22,60.39,23506.5,0,2
2026-05-08 07:51:00,23.04,65.0,60.19,23838.7,0,2
2026-05-08 07:52:00,23.48,65.0,59.87,24163.1,0,2
2026-05-08 07:53:00,22.81,64.32,60.14,24403.6,0,2
2026-05-08 07:54:00,23.17,63.82,60.52,24642.4,0,2
2026-05-08 07:55:00,23.5,63.27,60.45,25212.2,0,2
2026-05-08 07:56:00,23.22,64.3,60.77,25238.9,0,2
2026-05-08 07:57:00,22.83,63.89,60.84,25474.3,0,2
2026-05-08 07:58:00,23.09,65.0,60.33,25934.5,0,2
2026-05-08 07:59:00,23.13,65.0,60.56,26223.0,0,2
2026-05-08 08:00:00,23.71,65.0,60.5,26577.9,0,2
2026-05-08 08:01:00,23.52,63.63,59.44,26927.0,0,2
2026-05-08 08:02:00,23.56,65.0,59.35,27024.9,0,2
2026-05-08 08:03:00,23.05,63.48,58.71,27236.8,0,2
2026-05-08 08:04:00,23.37,65.0,58.27,27331.5,0,2
2026-05-08 08:05:00,23.77,63.66,58.27,27735.9,0,2
2026-05-08 08:06:00,23.62,64.03,58.33,28162.5,0,2
2026-05-08 08:07:00,23.29,65.0,58.07,28285.0,0,2
2026-05-08 08:08:00,23.63,65.0,58.4,28526.1,0,2
2026-05-08 08:09:00,23.13,63.64,58.45,29014.0,0,2
2026-05-08 08:10:00,23.25,64.52,58.37,29389.5,0,2
2026-05-08 08:11:00,23.02,65.0,58.49,29557.0,0,2
2026-05-08 08:12:00,23.48,63.89,59.11,29984.8,0,2
2026-05-08 08:13:00,23.68,64.41,58.27,30242.0,0,2
2026-05-08 08:14:00,23.31,65.0,58.93,30597.0,0,2
2026-05-08 08:15:00,23.54,65.0,58.75,31011.1,0,2
2026-05-08 08:16:00,23.38,65.0,58.51,31355.4,0,2
2026-05-08 08:17:00,23.46,64.06,58.43,31421.1,0,2
2026-05-08 08:18:00,23.37,62.13,58.15,31569.9,0,2
2026-05-08 08:19:00,23.96,64.5,57.8,31924.4,0,2
2026-05-08 08:20:00,23.5,64.51,58.28,32397.8,0,2
2026-05-08 08:21:00,23.63,65.0,58.45,32394.0,0,2
2026-05-08 08:22:00,23.58,64.87,57.72,32967.1,0,2
2026-05-08 08:23:00,23.82,63.18,58.12,33065.4,0,2
2026-05-08 08:24:00,24.38,61.57,58.45,33405.5,0,2
2026-05-08 08:25:00,24.48,62.72,57.91,33573.9,0,2
2026-05-08 08:26:00,23.75,64.38,58.09,33804.6,0,2
2026-05-08 08:27:00,23.94,63.81,58.46,34222.7,0,2
2026-05-08 08:28:00,24.1,61.95,57.87,34705.2,0,2
2026-05-08 08:29:00,24.2,59.98,58.1,34757.3,0,2
2026-05-08 08:30:00,24.07,62.36,57.91,35327.8,0,2
2026-05-08 08:31:00,24.21,60.38,58.25,35358.4,0,2
2026-05-08 08:32:00,24.07,62.33,57.95,35591.7,0,2
2026-05-08 08:33:00,23.83,64.13,58.51,36043.1,0,2
2026-05-08 08:34:00,24.29,64.93,58.5,36386.9,0,2
2026-05-08 08:35:00,24.08,60.55,58.33,36620.7,0,2
2026-05-08 08:36:00,24.15,62.15,58.12,36908.9,0,2
2026-05-08 08:37:00,23.76,64.41,58.6,37375.7,0,2
2026-05-08 08:38:00,23.94,63.15,58.38,37487.3,0,2
2026-05-08 08:39:00,24.06,63.71,58.94,37711.9,0,2
2026-05-08 08:40:00,24.32,63.61,59.12,37924.7,0,2
2026-05-08 08:41:00,24.67,62.17,58.61,38505.7,0,2
2026-05-08 08:42:00,24.44,64.43,58.72,38593.9,0,2
2026-05-08 08:43:00,24.23,65.0,58.83,38897.7,0,2
2026-05-08 08:44:00,24.06,62.23,58.32,39355.1,0,2
2026-05-08 08:45:00,24.65,63.8,58.42,39767.1,0,2
2026-05-08 08:46:00,24.45,65.0,58.75,39842.3,0,2
2026-05-08 08:47:00,23.6,65.0,59.33,40087.1,0,2
2026-05-08 08:48:00,24.7,61.8,59.89,40394.1,0,2
2026-05-08 08:49:00,24.56,62.42,60.99,40631.1,0,2
2026-05-08 08:50:00,23.96,61.57,61.05,40933.9,0,2
2026-05-08 08:51:00,24.69,61.95,61.35,41225.1,0,2
2026-05-08 08:52:00,24.59,62.13,61.14,41666.9,0,2
2026-05-08 08:53:00,24.27,63.77,62.02,41837.1,0,2
2026-05-08 08:54:00,25.14,60.63,61.68,42300.7,0,2
2026-05-08 08:55:00,24.78,62.6,62.52,42413.3,0,2
2026-05-08 08:56:00,24.58,63.04,63.29,42672.6,0,2
2026-05-08 08:57:00,24.54,62.28,62.98,43159.1,0,2
2026-05-08 08:58:00,24.72,63.59,63.46,43297.1,0,2
2026-05-08 08:59:00,24.77,61.98,63.68,43567.9,0,2
2026-05-08 09:00:00,24.99,62.61,63.52,43875.3,0,2
2026-05-08 09:01:00,24.82,60.9,63.48,44335.1,0,2
2026-05-08 09:02:00,24.81,61.53,63.62,44483.4,0,2
2026-05-08 09:03:00,24.99,63.37,63.8,44883.8,0,2
2026-05-08 09:04:00,24.88,60.37,64.46,44992.6,0,2
2026-05-08 09:05:00,24.99,63.11,64.72,45438.0,0,2
2026-05-08 09:06:00,25.4,61.24,64.39,45621.9,0,2
2026-05-08 09:07:00,24.97,59.8,64.72,45985.1,0,2
2026-05-08 09:08:00,25.09,61.54,63.97,46280.5,0,2
2026-05-08 09:09:00,24.97,63.13,63.82,46336.5,0,2
2026-05-08 09:10:00,25.47,64.31,63.71,46742.7,0,2
2026-05-08 09:11:00,24.81,64.71,64.01,47133.1,0,2
2026-05-08 09:12:00,25.06,61.0,64.79,47435.9,0,2
2026-05-08 09:13:00,25.49,62.48,64.89,47735.6,0,2
2026-05-08 09:14:00,25.31,61.23,64.73,47880.5,0,2
2026-05-08 09:15:00,25.61,60.62,64.44,48335.1,0,2
2026-05-08 09:16:00,25.38,62.88,64.81,48353.3,0,2
2026-05-08 09:17:00,25.3,62.06,64.72,48534.2,0,2
2026-05-08 09:18:00,25.47,61.81,64.51,48961.2,0,2
2026-05-08 09:19:00,25.22,59.88,64.93,49418.4,0,2
2026-05-08 09:20:00,25.38,60.51,65.43,49424.5,0,2
2026-05-08 09:21:00,25.85,59.92,65.01,49657.8,0,2
2026-05-08 09:22:00,25.6,61.97,64.37,49906.6,0,2
2026-05-08 09:23:00,25.7,62.1,64.34,50479.7,0,2
2026-05-08 09:24:00,25.78,63.19,63.85,50495.4,0,2
2026-05-08 09:25:00,25.4,60.52,63.32,51012.2,0,2
2026-05-08 09:26:00,25.44,63.7,62.9,51183.6,0,2
2026-05-08 09:27:00,25.97,60.53,63.38,51406.5,0,2
2026-05-08 09:28:00,25.81,61.16,63.68,51654.6,0,2
2026-05-08 09:29:00,25.9,60.8,64.76,52074.1,0,2
2026-05-08 09:30:00,26.15,60.89,64.49,52233.1,0,2
2026-05-08 09:31:00,25.81,61.91,65.07,52596.7,0,2
2026-05-08 09:32:00,25.94,62.13,65.28,52918.5,0,2
2026-05-08 09:33:00,26.04,60.45,65.04,53216.2,0,2
2026-05-08 09:34:00,26.25,60.55,64.98,53526.6,0,2
2026-05-08 09:35:00,26.12,59.53,64.73,53705.4,0,2
2026-05-08 09:36:00,26.1,61.48,64.85,53830.0,0,2
2026-05-08 09:37:00,26.72,60.11,65.28,54281.7,0,2
2026-05-08 09:38:00,26.35,59.37,65.11,54573.6,0,2
2026-05-08 09:39:00,26.55,58.54,65.48,54741.5,0,2
2026-05-08 09:40:00,25.98,61.02,66.02,54996.5,0,2
2026-05-08 09:41:00,26.15,62.15,66.65,55595.0,1,2
2026-05-08 09:42:00,26.66,61.77,66.12,55409.1,0,2
2026-05-08 09:43:00,26.5,58.54,66.08,55889.1,0,2
2026-05-08 09:44:00,26.51,61.21,66.37,56220.2,0,2
2026-05-08 09:45:00,26.41,61.18,65.88,56317.8,0,2
2026-05-08 09:46:00,26.94,61.15,65.3,56601.9,0,2
2026-05-08 09:47:00,26.9,60.1,65.29,56836.5,0,2
2026-05-08 09:48:00,26.77,59.32,65.1,57146.5,0,2
2026-05-08 09:49:00,26.89,60.49,65.03,57515.5,0,2
2026-05-08 09:50:00,26.8,56.59,64.83,57644.0,0,2
2026-05-08 09:51:00,26.75,58.56,65.76,58300.5,0,2
2026-05-08 09:52:00,26.84,58.59,65.55,58131.5,0,2
2026-05-08 09:53:00,27.2,58.31,65.79,58609.0,0,2
2026-05-08 09:54:00,26.96,57.63,66.01,58766.0,0,2
2026-05-08 09:55:00,27.12,58.56,65.26,58969.9,0,2
2026-05-08 09:56:00,27.04,58.68,65.89,59388.7,0,2
2026-05-08 09:57:00,27.43,58.48,66.15,59274.7,0,2
2026-05-08 09:58:00,27.08,59.63,66.2,59771.4,0,2
2026-05-08 09:59:00,27.67,56.96,66.64,59887.2,0,2
2026-05-08 10:00:00,27.19,58.59,66.59,60172.8,0,2
2026-05-08 10:01:00,27.24,58.96,66.95,60418.1,0,2
2026-05-08 10:02:00,27.93,55.88,66.11,60610.6,0,2
2026-05-08 10:03:00,27.21,59.02,66.44,60777.2,0,2
2026-05-08 10:04:00,27.51,58.97,66.5,61270.5,0,2
2026-05-08 10:05:00,27.82,59.16,66.57,61463.4,1,2
2026-05-08 10:06:00,27.23,57.5,66.18,61681.7,0,2
2026-05-08 10:07:00,27.73,58.2,66.07,62054.5,0,2
2026-05-08 10:08:00,27.33,60.43,65.94,62262.3,0,2
2026-05-08 10:09:00,27.77,56.24,65.44,62419.7,0,2
2026-05-08 10:10:00,28.32,57.55,65.59,63060.6,0,2
2026-05-08 10:11:00,27.27,57.2,66.26,63058.4,0,2
2026-05-08 10:12:00,27.88,57.65,65.62,63470.5,0,2
2026-05-08 10:13:00,27.84,57.26,65.83,63367.1,0,2
2026-05-08 10:14:00,27.75,58.8,65.63,63685.8,0,2
2026-05-08 10:15:00,27.67,58.11,65.39,63745.1,0,2
2026-05-08 10:16:00,28.37,55.95,65.42,64090.9,0,2
2026-05-08 10:17:00,28.2,59.55,65.45,64296.3,0,2
2026-05-08 10:18:00,27.73,58.59,65.52,64960.7,0,2
2026-05-08 10:19:00,28.01,59.17,65.03,64752.0,0,2
2026-05-08 10:20:00,28.16,56.47,65.5,65039.8,0,2
2026-05-08 10:21:00,27.95,57.6,65.53,65125.2,0,2
2026-05-08 10:22:00,28.41,58.62,65.77,65594.4,0,2
2026-05-08 10:23:00,28.5,56.39,66.29,65652.0,0,2
2026-05-08 10:24:00,28.55,57.22,65.44,66098.9,0,2
2026-05-08 10:25:00,29.05,56.46,65.7,66001.6,0,2
2026-05-08 10:26:00,28.36,54.67,65.62,66428.0,0,2
2026-05-08 10:27:00,28.52,57.19,66.05,66446.5,0,2
2026-05-08 10:28:00,28.56,56.72,65.69,66833.5,0,2
2026-05-08 10:29:00,28.95,56.47,66.08,67081.0,0,2
2026-05-08 10:30:00,28.98,55.77,65.61,67265.7,1,2
2026-05-08 10:31:00,28.56,55.67,65.78,67498.6,0,2
2026-05-08 10:32:00,29.25,55.27,65.89,67895.0,0,2
2026-05-08 10:33:00,28.71,56.37,65.81,68258.1,0,2
2026-05-08 10:34:00,29.2,57.04,65.35,68255.5,0,2
2026-05-08 10:35:00,29.24,55.6,65.19,68328.1,0,2
2026-05-08 10:36:00,29.19,56.47,65.58,68654.3,0,2
2026-05-08 10:37:00,29.06,56.76,66.21,68818.3,0,2
2026-05-08 10:38:00,29.11,55.79,67.04,69180.5,0,2
2026-05-08 10:39:00,29.36,57.26,67.24,69320.2,0,2
2026-05-08 10:40:00,29.42,55.56,67.31,69307.0,0,2
2026-05-08 10:41:00,29.52,55.2,67.47,69837.6,0,2
2026-05-08 10:42:00,29.57,57.13,68.26,70030.1,0,2
2026-05-08 10:43:00,29.53,56.02,68.44,70300.6,0,2
2026-05-08 10:44:00,29.85,52.54,68.43,70265.2,0,2
2026-05-08 10:45:00,29.4,52.85,68.26,70568.0,0,2
2026-05-08 10:46:00,29.61,57.66,68.14,70593.2,0,2
2026-05-08 10:47:00,29.51,55.98,68.26,70931.5,0,2
2026-05-08 10:48:00,30.31,54.55,67.88,71186.3,0,2
2026-05-08 10:49:00,29.94,52.61,67.57,71262.2,0,2
2026-05-08 10:50:00,30.06,54.94,67.51,71578.2,0,2
2026-05-08 10:51:00,29.97,53.98,67.27,71754.6,0,2
2026-05-08 10:52:00,29.89,54.97,67.5,71876.6,0,2
2026-05-08 10:53:00,30.63,53.45,67.75,72293.1,0,2
2026-05-08 10:54:00,30.31,54.41,67.82,72290.8,0,2
2026-05-08 10:55:00,29.98,55.46,67.99,72527.2,0,2
2026-05-08 10:56:00,30.04,55.59,68.0,72526.3,0,2
2026-05-08 10:57:00,30.22,54.82,66.32,72954.3,0,2
2026-05-08 10:58:00,30.08,55.22,65.92,73023.3,0,2
2026-05-08 10:59:00,30.18,52.81,66.21,73382.5,0,2
2026-05-08 11:00:00,29.93,55.19,65.83,73296.2,0,2
2026-05-08 11:01:00,29.76,55.78,66.19,73689.8,0,2
2026-05-08 11:02:00,30.91,53.83,66.56,73559.5,1,2
2026-05-08 11:03:00,30.34,56.51,66.42,74077.2,0,2
2026-05-08 11:04:00,30.44,54.27,66.15,74162.9,0,2
2026-05-08 11:05:00,30.58,52.8,66.13,74411.1,0,2
2026-05-08 11:06:00,30.79,54.1,66.1,74469.1,0,2
2026-05-08 11:07:00,30.86,53.31,66.35,74603.8,0,2
2026-05-08 11:08:00,30.97,51.77,65.32,74840.8,0,2
2026-05-08 11:09:00,30.91,53.56,65.0,75089.9,0,2
2026-05-08 11:10:00,30.75,55.92,64.56,75308.7,0,2
2026-05-08 11:11:00,31.18,53.1,63.48,75447.1,0,2
2026-05-08 11:12:00,30.87,55.28,63.29,75468.1,0,2
2026-05-08 11:13:00,31.22,54.35,62.67,75969.5,0,2
2026-05-08 11:14:00,30.63,57.16,62.54,75956.0,1,2
2026-05-08 11:15:00,31.39,53.8,62.37,76007.1,0,2
2026-05-08 11:16:00,30.89,54.04,62.6,76297.0,0,2
2026-05-08 11:17:00,30.8,54.18,62.53,76439.7,0,2
2026-05-08 11:18:00,30.89,54.29,61.84,76549.5,0,2
2026-05-08 11:19:00,31.32,53.04,62.03,76695.5,0,2
2026-05-08 11:20:00,31.89,51.95,63.12,77007.5,0,2
2026-05-08 11:21:00,31.32,53.91,63.61,77254.0,0,2
2026-05-08 11:22:00,31.39,52.5,63.93,76958.2,0,2
2026-05-08 11:23:00,31.66,50.64,63.86,77504.6,0,2
2026-05-08 11:24:00,31.37,51.7,63.66,77512.4,0,2
2026-05-08 11:25:00,31.53,55.03,63.44,77690.0,0,2
2026-05-08 11:26:00,31.53,52.67,63.57,77973.9,0,2
2026-05-08 11:27:00,32.16,53.1,63.1,77641.9,0,2
2026-05-08 11:28:00,31.74,51.93,63.23,78205.5,0,2
2026-05-08 11:29:00,31.96,53.53,62.97,78407.5,0,2
2026-05-08 11:30:00,31.64,53.39,62.26,78315.3,0,2
2026-05-08 11:31:00,31.58,55.37,62.01,78373.6,0,2
2026-05-08 11:32:00,32.08,53.86,62.59,78879.1,0,2
2026-05-08 11:33:00,32.03,53.24,62.69,78611.5,0,2
2026-05-08 11:34:00,32.27,51.31,61.19,79011.0,0,2
2026-05-08 11:35:00,31.84,51.21,60.95,79220.5,0,2
2026-05-08 11:36:00,32.09,52.1,61.41,79280.9,0,2
2026-05-08 11:37:00,31.84,52.64,61.33,79435.1,0,2
2026-05-08 11:38:00,32.09,51.78,61.61,79468.1,0,2
2026-05-08 11:39:00,31.9,53.38,61.49,79686.5,0,2
2026-05-08 11:40:00,32.24,52.16,61.62,79675.5,0,2
2026-05-08 11:41:00,32.69,51.43,61.69,79819.2,0,2
2026-05-08 11:42:00,32.2,53.96,61.46,80019.5,0,2
2026-05-08 11:43:00,32.24,52.19,61.76,79955.5,0,2
2026-05-08 11:44:00,32.47,50.12,62.47,80333.0,0,2
2026-05-08 11:45:00,32.51,52.91,62.67,80088.1,0,2
2026-05-08 11:46:00,32.8,51.53,62.75,80549.8,0,2
2026-05-08 11:47:00,32.33,51.61,62.42,80680.1,0,2
2026-05-08 11:48:00,32.08,51.14,62.87,80647.4,1,2
2026-05-08 11:49:00,32.77,52.84,62.68,80710.5,0,2
2026-05-08 11:50:00,33.22,52.72,62.95,80924.0,0,2
2026-05-08 11:51:00,32.8,50.47,63.31,81162.6,0,2
2026-05-08 11:52:00,33.0,51.36,63.77,81238.6,0,2
2026-05-08 11:53:00,32.93,51.63,64.22,81173.5,0,2
2026-05-08 11:54:00,33.18,48.65,64.65,81427.7,0,2
2026-05-08 11:55:00,32.97,50.99,64.11,81553.1,0,2
2026-05-08 11:56:00,33.07,48.81,63.75,81653.1,0,2
2026-05-08 11:57:00,33.55,50.21,63.18,81611.9,0,2
2026-05-08 11:58:00,33.47,53.05,62.59,81850.9,0,2
2026-05-08 11:59:00,33.06,49.18,63.28,82042.8,0,2
2026-05-08 12:00:00,33.11,53.09,62.88,82095.9,0,2
2026-05-08 12:01:00,33.18,52.88,62.43,82178.1,0,2
2026-05-08 12:02:00,33.09,50.86,62.44,82421.5,0,2
2026-05-08 12:03:00,33.28,51.22,62.16,82338.6,0,2
2026-05-08 12:04:00,33.44,50.05,63.18,82310.0,0,2
2026-05-08 12:05:00,33.32,50.01,63.09,82401.3,0,2
2026-05-08 12:06:00,33.69,50.28,63.31,82612.4,0,2
2026-05-08 12:07:00,33.19,49.81,63.0,82506.5,0,2
2026-05-08 12:08:00,33.36,51.07,62.31,82727.8,0,2
2026-05-08 12:09:00,33.86,49.84,62.03,82905.4,0,2
2026-05-08 12:10:00,34.22,48.01,61.77,83073.2,0,2
2026-05-08 12:11:00,33.85,50.66,61.51,82828.7,0,2
2026-05-08 12:12:00,33.63,51.01,60.87,83105.7,0,2
2026-05-08 12:13:00,33.6,51.5,60.99,83163.8,0,2
2026-05-08 12:14:00,33.83,49.26,60.9,83253.0,0,2
2026-05-08 12:15:00,34.29,50.43,60.3,83340.4,0,2
2026-05-08 12:16:00,34.14,52.0,60.42,83392.9,0,2
2026-05-08 12:17:00,33.75,49.99,60.81,83635.5,0,2
2026-05-08 12:18:00,34.19,49.47,61.39,83687.8,1,2
2026-05-08 12:19:00,34.51,49.71,60.4,83864.2,0,2
2026-05-08 12:20:00,34.49,46.32,60.16,83672.6,0,2
2026-05-08 12:21:00,34.57,47.17,59.64,83689.8,1,2
2026-05-08 12:22:00,34.48,48.27,59.44,83686.5,0,2
2026-05-08 12:23:00,34.0,49.19,60.12,83802.3,0,2
2026-05-08 12:24:00,34.16,49.51,59.88,84010.7,0,2
2026-05-08 12:25:00,34.84,48.74,59.75,84087.9,0,2
2026-05-08 12:26:00,34.36,47.44,59.47,84121.8,0,2
2026-05-08 12:27:00,34.02,50.96,60.26,84016.5,0,2
2026-05-08 12:28:00,34.69,49.04,59.34,84070.9,0,2
2026-05-08 12:29:00,34.84,48.49,59.18,84436.9,0,2
2026-05-08 12:30:00,34.6,49.35,58.89,84152.9,0,2
2026-05-08 12:31:00,34.8,47.74,58.24,84471.6,0,2
2026-05-08 12:32:00,34.5,48.62,58.82,84397.4,0,2
2026-05-08 12:33:00,34.63,47.42,58.13,84306.5,0,2
2026-05-08 12:34:00,34.33,46.49,58.04,84296.2,0,2
2026-05-08 12:35:00,34.56,48.54,58.11,84398.0,0,2
2026-05-08 12:36:00,35.23,49.95,57.89,84571.4,0,2
2026-05-08 12:37:00,34.08,48.81,57.25,84451.2,0,2
2026-05-08 12:38:00,34.85,46.54,57.29,84784.2,0,2
2026-05-08 12:39:00,34.85,49.08,57.08,84608.4,0,2
2026-05-08 12:40:00,35.18,47.38,57.55,84751.5,0,2
2026-05-08 12:41:00,34.53,49.38,57.88,84774.2,0,2
2026-05-08 12:42:00,34.92,49.11,58.83,84925.2,0,2
2026-05-08 12:43:00,35.0,47.59,58.97,84707.1,0,2
2026-05-08 12:44:00,35.29,48.3,59.31,84799.8,0,2
2026-05-08 12:45:00,35.22,47.85,59.24,84644.7,0,2
2026-05-08 12:46:00,34.85,46.05,60.07,84849.3,0,2
2026-05-08 12:47:00,35.22,47.27,60.14,84996.2,0,2
2026-05-08 12:48:00,35.14,47.0,60.17,84906.5,0,2
2026-05-08 12:49:00,35.49,45.7,60.48,85176.8,0,2
2026-05-08 12:50:00,35.35,46.69,60.27,84979.2,0,2
2026-05-08 12:51:00,35.89,47.76,60.12,84867.8,0,2
2026-05-08 12:52:00,35.32,47.76,60.43,85001.4,0,2
2026-05-08 12:53:00,35.38,45.44,60.81,84783.6,0,2
2026-05-08 12:54:00,35.43,46.27,61.13,84874.2,0,2
2026-05-08 12:55:00,35.55,47.45,61.16,84833.2,0,2
2026-05-08 12:56:00,35.84,47.01,61.33,84988.6,0,2
2026-05-08 12:57:00,35.56,47.03,61.8,84985.2,0,2
2026-05-08 12:58:00,35.61,48.26,61.38,85141.3,1,2
2026-05-08 12:59:00,35.83,47.48,61.43,84987.3,0,2
2026-05-08 13:00:00,35.54,46.76,60.23,84879.7,0,2
2026-05-08 13:01:00,35.97,46.03,60.62,85186.3,0,2
2026-05-08 13:02:00,35.75,46.91,60.35,84643.3,0,2
2026-05-08 13:03:00,35.65,44.78,60.09,84997.1,0,2
2026-05-08 13:04:00,35.46,47.91,60.11,85012.8,0,2
2026-05-08 13:05:00,35.67,45.75,60.45,84978.0,0,2
2026-05-08 13:06:00,35.93,48.35,61.55,85030.1,0,2
2026-05-08 13:07:00,35.99,44.75,60.94,84972.5,0,2
2026-05-08 13:08:00,35.98,47.27,60.63,85006.7,0,2
2026-05-08 13:09:00,35.71,44.81,60.79,84860.3,0,2
2026-05-08 13:10:00,36.06,45.94,60.54,84741.7,0,2
2026-05-08 13:11:00,35.76,47.61,60.97,84893.8,0,2
2026-05-08 13:12:00,35.86,48.09,60.96,84757.0,0,2
2026-05-08 13:13:00,36.49,47.16,61.4,84772.0,0,2
2026-05-08 13:14:00,36.21,47.33,61.35,84976.3,0,2
2026-05-08 13:15:00,36.38,47.22,61.64,84999.8,0,2
2026-05-08 13:16:00,36.66,46.94,61.28,84924.2,0,2
2026-05-08 13:17:00,36.32,45.67,62.17,84874.5,0,2
2026-05-08 13:18:00,36.61,45.49,61.48,84737.8,0,2
2026-05-08 13:19:00,36.49,46.91,61.22,84821.7,0,2
2026-05-08 13:20:00,36.25,47.76,60.67,84710.1,0,2
2026-05-08 13:21:00,36.42,46.01,61.08,84867.1,0,2
2026-05-08 13:22:00,36.3,45.71,61.37,84487.5,0,2
2026-05-08 13:23:00,36.67,45.15,60.9,84641.0,0,2
2026-05-08 13:24:00,36.8,44.66,61.39,84369.6,0,2
2026-05-08 13:25:00,36.23,47.01,61.14,84562.1,0,2
2026-05-08 13:26:00,36.38,47.59,61.37,84232.1,0,2
2026-05-08 13:27:00,36.54,46.59,61.69,84248.8,0,2
2026-05-08 13:28:00,36.46,46.11,61.64,84194.9,0,2
2026-05-08 13:29:00,36.63,48.19,62.08,84331.8,0,2
2026-05-08 13:30:00,36.81,45.64,62.06,84295.2,0,2
2026-05-08 13:31:00,37.07,46.95,62.25,84496.2,0,2
2026-05-08 13:32:00,36.65,44.58,62.17,84139.0,0,2
2026-05-08 13:33:00,36.66,46.12,61.41,84188.9,0,2
2026-05-08 13:34:00,36.92,44.32,61.41,84060.1,0,2
2026-05-08 13:35:00,36.84,44.51,61.09,84066.4,0,2
2026-05-08 13:36:00,36.49,45.13,61.75,83942.2,0,2
2026-05-08 13:37:00,36.69,45.9,61.21,83996.6,0,2
2026-05-08 13:38:00,36.85,45.06,61.79,83676.3,0,2
2026-05-08 13:39:00,37.16,42.7,61.76,83445.4,0,2
2026-05-08 13:40:00,37.27,44.51,61.99,83723.9,0,2
2026-05-08 13:41:00,36.75,45.0,61.44,83390.4,0,2
2026-05-08 13:42:00,36.85,43.52,61.36,83695.9,0,2
2026-05-08 13:43:00,37.28,45.55,61.13,83402.7,0,2
2026-05-08 13:44:00,36.97,46.23,62.09,83272.1,0,2
2026-05-08 13:45:00,37.2,45.85,61.84,83647.5,0,2
2026-05-08 13:46:00,37.09,47.32,62.38,83246.3,0,2
2026-05-08 13:47:00,37.17,43.81,62.92,83146.7,0,2
2026-05-08 13:48:00,37.08,43.96,63.45,83183.5,0,2
2026-05-08 13:49:00,37.49,44.67,63.21,83111.9,1,2
2026-05-08 13:50:00,36.85,45.47,64.02,83069.4,0,2
2026-05-08 13:51:00,37.16,45.33,64.9,82689.8,0,2
2026-05-08 13:52:00,37.54,45.65,65.06,82829.5,0,2
2026-05-08 13:53:00,37.25,44.74,64.86,82643.8,0,2
2026-05-08 13:54:00,37.3,46.22,64.49,82480.7,0,2
2026-05-08 13:55:00,37.59,43.64,64.7,82507.7,0,2
2026-05-08 13:56:00,37.49,44.1,64.74,82193.6,0,2
2026-05-08 13:57:00,37.61,43.21,64.82,82429.2,0,2
2026-05-08 13:58:00,37.72,40.3,64.24,82189.5,0,2
2026-05-08 13:59:00,37.08,43.19,64.27,82071.4,0,2
2026-05-08 14:00:00,37.35,45.99,64.77,82014.9,0,2
2026-05-08 14:01:00,37.28,46.33,65.12,81912.5,1,2
2026-05-08 14:02:00,37.59,43.04,64.94,81969.1,0,2
2026-05-08 14:03:00,37.79,45.42,64.9,81598.8,0,2
2026-05-08 14:04:00,36.92,42.59,64.27,81580.9,0,2
2026-05-08 14:05:00,37.17,43.92,63.99,81495.7,0,2
2026-05-08 14:06:00,37.07,44.74,63.86,81287.2,0,2
2026-05-08 14:07:00,37.39,46.12,64.15,81326.0,0,2
2026-05-08 14:08:00,37.63,46.68,63.86,81110.3,0,2
2026-05-08 14:09:00,38.05,43.38,63.43,80917.3,0,2
2026-05-08 14:10:00,37.33,44.85,63.78,81036.1,0,2
2026-05-08 14:11:00,38.28,44.86,63.61,81044.3,1,2
2026-05-08 14:12:00,37.83,46.94,63.27,80748.5,1,2
2026-05-08 14:13:00,37.85,45.63,63.65,80612.9,0,2
2026-05-08 14:14:00,37.91,42.67,63.87,80491.4,0,2
2026-05-08 14:15:00,37.4,45.9,63.79,80323.9,0,2
2026-05-08 14:16:00,37.62,43.76,63.66,80404.2,0,2
2026-05-08 14:17:00,37.53,46.34,63.84,80151.5,0,2
2026-05-08 14:18:00,37.96,44.81,64.09,79753.8,0,2
2026-05-08 14:19:00,37.59,43.35,64.2,80032.5,0,2
2026-05-08 14:20:00,37.78,45.64,64.26,79875.0,0,2
2026-05-08 14:21:00,37.68,45.08,64.01,79703.2,0,2
2026-05-08 14:22:00,38.22,44.17,63.79,79169.3,0,2
2026-05-08 14:23:00,37.73,44.42,63.73,79367.0,0,2
2026-05-08 14:24:00,37.62,43.91,63.34,79340.5,0,2
2026-05-08 14:25:00,38.03,44.7,62.9,79143.3,0,2
2026-05-08 14:26:00,37.9,46.78,62.89,78985.4,0,2
2026-05-08 14:27:00,38.28,45.89,63.35,78929.7,0,2
2026-05-08 14:28:00,38.02,43.75,62.48,78699.0,0,2
2026-05-08 14:29:00,38.03,41.44,62.35,78685.3,0,2
2026-05-08 14:30:00,38.19,43.07,62.51,78417.3,0,2
2026-05-08 14:31:00,38.1,44.03,63.01,78263.4,0,2
2026-05-08 14:32:00,38.2,44.07,63.81,78214.8,1,2
2026-05-08 14:33:00,38.19,44.82,63.72,77912.6,0,2
2026-05-08 14:34:00,37.94,44.96,64.59,77680.1,0,2
2026-05-08 14:35:00,37.73,45.26,64.79,77662.0,0,2
2026-05-08 14:36:00,38.0,43.24,65.15,77580.8,0,2
2026-05-08 14:37:00,37.55,44.0,64.69,77468.0,0,2
2026-05-08 14:38:00,37.88,42.87,64.89,77314.2,0,2
2026-05-08 14:39:00,37.98,44.34,65.28,77038.4,0,2
2026-05-08 14:40:00,38.41,44.46,64.97,76868.8,0,2
2026-05-08 14:41:00,38.06,45.2,63.85,76659.6,0,2
2026-05-08 14:42:00,38.55,40.22,63.93,76600.5,1,2
2026-05-08 14:43:00,38.24,44.23,63.86,76212.0,0,2
2026-05-08 14:44:00,37.72,43.14,64.45,76248.8,0,2
2026-05-08 14:45:00,38.43,44.11,64.23,76423.7,0,2
2026-05-08 14:46:00,38.41,42.17,63.94,75735.6,0,2
2026-05-08 14:47:00,37.74,45.25,63.45,75767.8,0,2
2026-05-08 14:48:00,38.35,42.74,63.2,75625.8,0,2
2026-05-08 14:49:00,38.54,42.5,64.38,75471.4,0,2
2026-05-08 14:50:00,37.65,45.46,63.7,75123.5,0,2
2026-05-08 14:51:00,37.92,43.45,63.14,75128.8,0,2
2026-05-08 14:52:00,38.43,44.54,63.15,74828.8,0,2
2026-05-08 14:53:00,38.16,44.67,64.03,74546.4,0,2
2026-05-08 14:54:00,38.58,43.05,64.36,74655.3,0,2
2026-05-08 14:55:00,38.46,42.82,65.04,74442.9,0,2
2026-05-08 14:56:00,38.43,44.92,64.87,74067.9,0,2
2026-05-08 14:57:00,38.52,44.26,64.28,73938.0,0,2
2026-05-08 14:58:00,38.03,45.93,64.09,73751.7,0,2
2026-05-08 14:59:00,38.16,41.68,64.05,73440.9,0,2
2026-05-08 15:00:00,38.73,42.63,64.07,73545.0,0,2
2026-05-08 15:01:00,38.16,43.23,63.99,73363.6,0,2
2026-05-08 15:02:00,38.53,43.88,64.26,73040.6,0,2
2026-05-08 15:03:00,38.21,42.57,63.97,72888.7,0,2
2026-05-08 15:04:00,38.07,42.94,63.58,72716.1,0,2
2026-05-08 15:05:00,38.02,44.03,63.09,72540.6,0,2
2026-05-08 15:06:00,38.4,41.18,63.2,72157.3,0,2
2026-05-08 15:07:00,38.59,40.75,63.28,72184.0,0,2
2026-05-08 15:08:00,38.39,43.31,63.77,71789.5,0,2
2026-05-08 15:09:00,38.34,46.72,64.46,71816.2,0,2
2026-05-08 15:10:00,37.99,44.16,63.94,71409.3,0,2
2026-05-08 15:11:00,38.28,43.16,63.97,71182.5,0,2
2026-05-08 15:12:00,38.32,44.07,63.9,71135.3,0,2
2026-05-08 15:13:00,38.06,44.61,63.25,70931.6,0,2
2026-05-08 15:14:00,38.39,43.31,63.05,70747.8,0,2
2026-05-08 15:15:00,38.1,43.04,63.75,70424.7,0,2
2026-05-08 15:16:00,38.18,41.87,63.5,70351.5,0,2
2026-05-08 15:17:00,38.47,44.42,63.18,70156.9,1,2
2026-05-08 15:18:00,38.68,42.49,63.18,70054.0,0,2
2026-05-08 15:19:00,38.65,43.65,63.6,69728.0,0,2
2026-05-08 15:20:00,38.24,44.93,63.49,69424.4,0,2
2026-05-08 15:21:00,38.41,43.06,63.57,69124.0,0,2
2026-05-08 15:22:00,38.43,41.64,62.61,68890.2,0,2
2026-05-08 15:23:00,38.43,43.13,62.89,68899.5,0,2
2026-05-08 15:24:00,38.3,43.39,63.02,68741.8,0,2
2026-05-08 15:25:00,38.59,43.77,63.43,68324.5,0,2
2026-05-08 15:26:00,38.11,43.16,62.65,68245.4,0,2
2026-05-08 15:27:00,37.97,43.29,62.55,67976.3,0,2
2026-05-08 15:28:00,38.34,43.06,63.0,67864.7,0,2
2026-05-08 15:29:00,38.17,44.2,62.79,67662.5,0,2
2026-05-08 15:30:00,38.73,44.06,62.85,67065.7,0,2
2026-05-08 15:31:00,38.13,46.62,62.7,67239.4,1,2
2026-05-08 15:32:00,38.5,45.62,62.57,66922.6,0,2
2026-05-08 15:33:00,38.35,43.35,63.11,66604.3,0,2
2026-05-08 15:34:00,37.88,43.31,62.53,66382.2,0,2
2026-05-08 15:35:00,38.37,42.73,62.54,66220.0,0,2
2026-05-08 15:36:00,38.05,42.35,62.69,65928.2,0,2
2026-05-08 15:37:00,38.81,43.02,63.13,65647.6,0,2
2026-05-08 15:38:00,38.0,42.8,63.1,65445.4,0,2
2026-05-08 15:39:00,37.96,42.72,63.55,65174.8,0,2
2026-05-08 15:40:00,37.64,43.25,63.55,65229.5,0,2
2026-05-08 15:41:00,37.99,45.08,63.62,64841.8,0,2
2026-05-08 15:42:00,38.35,43.41,63.68,64871.6,0,2
2026-05-08 15:43:00,37.9,42.5,63.98,64410.9,0,2
2026-05-08 15:44:00,38.28,44.66,64.23,64201.2,0,2
2026-05-08 15:45:00,38.21,45.14,63.76,63766.3,0,2
2026-05-08 15:46:00,37.89,43.6,63.87,63629.6,0,2
2026-05-08 15:47:00,38.09,42.93,64.12,63425.7,0,2
2026-05-08 15:48:00,37.88,43.12,64.77,63100.6,0,2
2026-05-08 15:49:00,38.32,43.87,64.33,62880.5,0,2
2026-05-08 15:50:00,37.64,45.6,64.58,62744.9,0,2
2026-05-08 15:51:00,38.26,43.83,64.43,62504.5,0,2
2026-05-08 15:52:00,37.89,42.54,64.52,62047.6,0,2
2026-05-08 15:53:00,38.09,45.16,64.07,61997.4,0,2
2026-05-08 15:54:00,38.16,43.71,64.08,61784.2,0,2
2026-05-08 15:55:00,38.07,43.66,64.23,61400.4,0,2
2026-05-08 15:56:00,38.54,43.77,63.82,61140.8,0,2
2026-05-08 15:57:00,37.9,45.39,64.46,61028.5,0,2
2026-05-08 15:58:00,37.65,43.12,63.8,60417.5,0,2
2026-05-08 15:59:00,38.53,41.65,64.05,60476.4,0,2
2026-05-08 16:00:00,38.06,43.86,63.02,60421.2,0,2
2026-05-08 16:01:00,37.99,43.97,62.94,59661.6,0,2
2026-05-08 16:02:00,38.5,44.38,63.18,59819.1,0,2
2026-05-08 16:03:00,37.6,46.08,63.51,59532.1,0,2
2026-05-08 16:04:00,37.89,43.55,63.49,59039.7,0,2
2026-05-08 16:05:00,37.62,44.92,63.41,59019.3,0,2
2026-05-08 16:06:00,37.85,44.76,63.68,58820.9,0,2
2026-05-08 16:07:00,37.51,45.36,64.11,58302.5,0,2
2026-05-08 16:08:00,37.87,42.23,64.72,58101.0,0,2
2026-05-08 16:09:00,37.84,44.85,64.16,57930.3,0,2
2026-05-08 16:10:00,37.81,43.27,64.09,57785.1,0,2
2026-05-08 16:11:00,37.23,45.76,63.16,57342.6,0,2
2026-05-08 16:12:00,37.98,42.65,62.59,57141.4,0,2
2026-05-08 16:13:00,37.71,44.48,62.33,56804.9,0,2
2026-05-08 16:14:00,38.41,43.06,62.74,56625.1,1,2
2026-05-08 16:15:00,37.61,47.1,62.57,56484.4,0,2
2026-05-08 16:16:00,37.55,43.55,62.48,56107.4,0,2
2026-05-08 16:17:00,37.74,43.2,62.65,55787.0,0,2
2026-05-08 16:18:00,37.37,46.64,62.39,55560.4,0,2
2026-05-08 16:19:00,37.96,45.07,61.57,55201.9,0,2
2026-05-08 16:20:00,37.41,45.12,61.3,54911.7,0,2
2026-05-08 16:21:00,37.41,44.2,61.3,54907.7,0,2
2026-05-08 16:22:00,37.81,42.83,61.56,54691.4,0,2
2026-05-08 16:23:00,37.65,43.92,61.52,54010.8,0,2
2026-05-08 16:24:00,37.62,43.83,61.77,54025.9,0,2
2026-05-08 16:25:00,37.22,44.2,62.22,53788.7,0,2
2026-05-08 16:26:00,37.78,43.64,62.74,53269.1,0,2
2026-05-08 16:27:00,37.26,44.32,62.85,53086.1,0,2
2026-05-08 16:28:00,37.06,46.42,62.39,52801.1,0,2
2026-05-08 16:29:00,37.56,42.89,61.89,52825.4,0,2
2026-05-08 16:30:00,37.39,45.27,61.44,52521.9,0,2
2026-05-08 16:31:00,37.37,45.16,61.03,51938.8,0,2
2026-05-08 16:32:00,37.57,44.47,61.14,51599.4,0,2
2026-05-08 16:33:00,37.3,45.73,62.01,51591.8,0,2
2026-05-08 16:34:00,36.92,45.98,62.14,51288.2,0,2
2026-05-08 16:35:00,37.25,45.13,62.15,51095.6,0,2
2026-05-08 16:36:00,37.38,46.14,62.61,50542.0,0,2
2026-05-08 16:37:00,37.33,41.94,62.29,50478.2,0,2
2026-05-08 16:38:00,37.22,47.68,62.78,50025.2,0,2
2026-05-08 16:39:00,37.84,45.59,63.23,49909.0,0,2
2026-05-08 16:40:00,37.63,46.55,63.28,49550.4,0,2
2026-05-08 16:41:00,36.89,44.47,64.21,49503.0,0,2
2026-05-08 16:42:00,36.82,45.7,64.7,49048.2,0,2
2026-05-08 16:43:00,37.47,45.08,64.73,48675.9,0,2
2026-05-08 16:44:00,37.38,44.39,64.67,48448.7,0,2
2026-05-08 16:45:00,37.46,44.94,64.49,48138.3,0,2
2026-05-08 16:46:00,36.95,45.75,64.44,47729.4,0,2
2026-05-08 16:47:00,36.99,43.94,64.4,47816.1,0,2
2026-05-08 16:48:00,36.56,46.87,64.27,47493.7,0,2
2026-05-08 16:49:00,37.02,46.13,64.19,46997.0,0,2
2026-05-08 16:50:00,36.79,44.84,63.69,46818.0,0,2
2026-05-08 16:51:00,36.73,44.19,63.47,46695.7,0,2
2026-05-08 16:52:00,37.13,45.34,62.8,46313.0,0,2
2026-05-08 16:53:00,36.83,44.62,63.01,45842.3,0,2
2026-05-08 16:54:00,37.05,45.65,63.08,45582.9,0,2
2026-05-08 16:55:00,36.79,44.74,63.05,45101.2,0,2
2026-05-08 16:56:00,36.93,47.3,63.46,45113.7,0,2
2026-05-08 16:57:00,36.43,45.37,63.11,44883.1,0,2
2026-05-08 16:58:00,36.49,45.05,62.84,44596.7,0,2
2026-05-08 16:59:00,36.82,45.68,62.23,44243.3,0,2
2026-05-08 17:00:00,37.1,43.34,62.71,43913.5,0,2
2026-05-08 17:01:00,36.76,44.69,63.01,43463.3,0,2
2026-05-08 17:02:00,36.62,43.95,63.61,43332.9,0,2
2026-05-08 17:03:00,36.96,45.71,64.31,42929.9,0,2
2026-05-08 17:04:00,36.5,47.21,64.14,42779.6,0,2
2026-05-08 17:05:00,36.33,45.83,63.85,42335.6,1,2
2026-05-08 17:06:00,36.5,47.61,63.09,42199.9,0,2
2026-05-08 17:07:00,36.56,45.0,62.65,42006.5,0,2
2026-05-08 17:08:00,36.11,46.08,62.54,41602.8,0,2
2026-05-08 17:09:00,36.43,47.27,61.69,41306.6,1,2
2026-05-08 17:10:00,35.94,47.75,61.27,41086.2,0,2
2026-05-08 17:11:00,36.26,46.98,61.29,40898.2,1,2
2026-05-08 17:12:00,36.26,47.76,61.73,40381.9,0,2
2026-05-08 17:13:00,36.26,46.37,61.47,40166.1,0,2
2026-05-08 17:14:00,35.75,47.51,61.58,39993.5,0,2
2026-05-08 17:15:00,36.23,45.66,62.44,39600.9,0,2
2026-05-08 17:16:00,36.39,48.56,61.7,38988.6,0,2
2026-05-08 17:17:00,36.49,45.57,62.21,38851.2,0,2
2026-05-08 17:18:00,36.47,45.88,62.42,38735.1,0,2
2026-05-08 17:19:00,36.08,46.94,63.01,38304.9,0,2
2026-05-08 17:20:00,36.66,46.67,63.45,38233.5,0,2
2026-05-08 17:21:00,35.82,47.84,63.19,37991.3,0,2
2026-05-08 17:22:00,35.79,43.84,63.22,37405.0,0,2
2026-05-08 17:23:00,35.95,49.0,62.61,37059.4,0,2
2026-05-08 17:24:00,36.11,48.57,62.42,36847.4,0,2
2026-05-08 17:25:00,36.03,48.26,62.48,36547.8,1,2
2026-05-08 17:26:00,35.25,48.03,62.64,36489.7,0,2
2026-05-08 17:27:00,35.56,48.91,63.02,35888.4,0,2
2026-05-08 17:28:00,35.96,47.17,63.73,35809.0,0,2
2026-05-08 17:29:00,35.51,47.79,63.56,35593.7,0,2
2026-05-08 17:30:00,35.66,48.11,64.08,35232.7,0,2
2026-05-08 17:31:00,35.75,47.8,64.21,34894.0,0,2
2026-05-08 17:32:00,35.75,48.39,63.66,34529.4,0,2
2026-05-08 17:33:00,35.8,44.49,63.61,34478.0,0,2
2026-05-08 17:34:00,35.87,46.88,63.68,33934.0,0,2
2026-05-08 17:35:00,35.67,45.79,63.34,33784.6,0,2
2026-05-08 17:36:00,35.17,49.08,62.92,33359.2,0,2
2026-05-08 17:37:00,35.59,46.28,62.49,32864.8,0,2
2026-05-08 17:38:00,35.67,46.92,62.29,32761.1,0,2
2026-05-08 17:39:00,35.48,48.66,61.96,32482.4,0,2
2026-05-08 17:40:00,35.65,48.86,62.53,32191.8,0,2
2026-05-08 17:41:00,35.35,48.78,61.51,31837.7,1,2
2026-05-08 17:42:00,35.22,48.8,61.61,31700.1,0,2
2026-05-08 17:43:00,35.0,46.78,61.89,31421.7,0,2
2026-05-08 17:44:00,35.68,46.03,61.52,31005.0,0,2
2026-05-08 17:45:00,34.87,46.77,61.47,30712.6,0,2
2026-05-08 17:46:00,35.09,46.81,61.38,30333.0,0,2
2026-05-08 17:47:00,34.96,48.44,61.4,30198.6,0,2
2026-05-08 17:48:00,34.68,49.86,61.74,30042.6,0,2
2026-05-08 17:49:00,35.2,49.13,62.04,29752.1,0,2
2026-05-08 17:50:00,35.06,45.9,61.82,29224.4,0,2
2026-05-08 17:51:00,34.95,48.22,61.22,29245.1,0,2
2026-05-08 17:52:00,34.7,48.3,61.35,28672.8,0,2
2026-05-08 17:53:00,34.95,45.48,61.12,28304.8,0,2
2026-05-08 17:54:00,34.71,49.6,60.95,27974.0,0,2
2026-05-08 17:55:00,34.85,49.37,61.11,27719.3,0,2
2026-05-08 17:56:00,35.05,47.4,60.98,27599.8,0,2
2026-05-08 17:57:00,34.04,49.17,61.17,27240.5,0,2
2026-05-08 17:58:00,34.86,48.57,62.31,26907.5,0,2
2026-05-08 17:59:00,35.16,48.47,62.65,26594.0,0,2
2026-05-08 18:00:00,34.96,47.48,63.26,26278.0,0,2
2026-05-08 18:01:00,34.68,47.62,63.51,26014.6,0,2
2026-05-08 18:02:00,34.75,47.25,63.57,25956.7,0,2
2026-05-08 18:03:00,34.18,51.13,63.82,25765.1,0,2
2026-05-08 18:04:00,34.41,50.48,64.04,25486.8,0,2
2026-05-08 18:05:00,34.27,47.91,64.43,25060.1,0,2
2026-05-08 18:06:00,34.15,48.31,64.46,24633.7,0,2
2026-05-08 18:07:00,34.47,47.67,63.9,24328.3,0,2
2026-05-08 18:08:00,34.13,47.63,63.29,24215.2,0,2
2026-05-08 18:09:00,33.67,52.4,63.51,23811.4,0,2
2026-05-08 18:10:00,34.2,48.44,63.05,23607.4,0,2
2026-05-08 18:11:00,34.04,50.45,63.37,23507.2,0,2
2026-05-08 18:12:00,34.18,48.94,63.98,23019.6,0,2
2026-05-08 18:13:00,33.86,49.53,63.9,22985.5,0,2
2026-05-08 18:14:00,33.49,49.97,64.43,22296.1,0,2
2026-05-08 18:15:00,33.63,50.56,64.55,22204.7,0,2
2026-05-08 18:16:00,33.6,49.94,64.57,21909.0,0,2
2026-05-08 18:17:00,33.53,51.16,64.61,21474.1,0,2
2026-05-08 18:18:00,33.6,51.55,64.26,21409.9,0,2
2026-05-08 18:19:00,33.87,49.03,63.86,21219.5,0,2
2026-05-08 18:20:00,33.3,50.82,63.16,21022.9,0,2
2026-05-08 18:21:00,33.82,47.89,62.87,20531.3,0,2
2026-05-08 18:22:00,33.24,50.04,63.83,19978.0,0,2
2026-05-08 18:23:00,33.42,50.44,63.2,19987.9,0,2
2026-05-08 18:24:00,33.46,50.12,62.72,19745.2,0,2
2026-05-08 18:25:00,33.35,50.39,62.41,19354.0,0,2
2026-05-08 18:26:00,33.53,50.88,62.12,19134.9,0,1
2026-05-08 18:27:00,33.3,51.45,62.28,18778.7,0,1
2026-05-08 18:28:00,33.24,48.11,62.06,18549.0,0,1
2026-05-08 18:29:00,32.64,51.72,62.02,18416.3,0,1
2026-05-08 18:30:00,33.29,50.22,61.69,18190.7,0,1
2026-05-08 18:31:00,33.61,49.56,61.54,17602.3,0,1
2026-05-08 18:32:00,32.97,52.71,61.56,17424.9,0,1
2026-05-08 18:33:00,33.21,48.59,61.56,17028.0,0,1
2026-05-08 18:34:00,32.8,51.22,62.46,17172.4,0,1
2026-05-08 18:35:00,33.2,52.45,62.49,16790.4,0,1
2026-05-08 18:36:00,33.04,51.03,62.44,16180.7,0,1
2026-05-08 18:37:00,32.77,50.19,61.4,16148.9,0,1
2026-05-08 18:38:00,32.7,51.16,61.56,15859.4,0,1
2026-05-08 18:39:00,32.93,53.23,60.76,15540.3,0,1
2026-05-08 18:40:00,32.73,52.79,61.06,15494.0,0,1
2026-05-08 18:41:00,32.36,51.27,61.18,15230.9,1,1
2026-05-08 18:42:00,32.24,53.91,61.58,14882.2,0,1
2026-05-08 18:43:00,32.72,52.16,61.36,14514.4,0,1
2026-05-08 18:44:00,32.33,48.89,61.42,14258.0,0,1
2026-05-08 18:45:00,32.48,51.6,61.77,14082.9,0,1
2026-05-08 18:46:00,32.57,53.79,61.42,13767.4,0,1
2026-05-08 18:47:00,32.07,52.11,61.73,13567.4,0,1
2026-05-08 18:48:00,32.07,54.12,62.03,13381.9,0,1
2026-05-08 18:49:00,32.68,49.72,62.01,12878.8,0,1
2026-05-08 18:50:00,32.12,50.66,62.74,12720.9,0,1
2026-05-08 18:51:00,32.43,53.16,62.99,12558.1,0,1
2026-05-08 18:52:00,32.75,52.37,62.3,12501.4,0,1
2026-05-08 18:53:00,32.14,52.18,62.77,12167.5,0,1
2026-05-08 18:54:00,31.81,53.71,62.52,11819.4,0,1
2026-05-08 18:55:00,32.01,51.68,62.9,11623.1,0,1
2026-05-08 18:56:00,31.88,51.22,63.06,11318.9,0,1
2026-05-08 18:57:00,31.89,53.01,61.95,11217.9,0,1
2026-05-08 18:58:00,32.0,52.05,62.25,10899.5,0,1
2026-05-08 18:59:00,31.98,52.92,62.2,10761.0,0,1
2026-05-08 19:00:00,31.22,53.74,62.04,10206.4,0,1
2026-05-08 19:01:00,31.97,52.04,61.91,10035.1,0,1
2026-05-08 19:02:00,31.69,55.09,62.29,9929.0,0,1
2026-05-08 19:03:00,31.43,51.95,61.94,9720.8,0,1
2026-05-08 19:04:00,31.71,53.0,62.46,9716.7,0,1
2026-05-08 19:05:00,31.21,53.4,61.84,8980.2,0,1
2026-05-08 19:06:00,31.17,53.93,62.02,8963.1,0,1
2026-05-08 19:07:00,31.64,52.97,62.4,8729.2,0,1
2026-05-08 19:08:00,31.34,54.62,62.76,8540.0,0,1
2026-05-08 19:09:00,31.66,53.25,62.87,8494.0,0,1
2026-05-08 19:10:00,31.05,52.95,62.82,8167.3,0,1
2026-05-08 19:11:00,31.24,52.23,62.61,7647.3,0,1
2026-05-08 19:12:00,31.22,52.58,62.12,7803.2,0,1
2026-05-08 19:13:00,31.17,52.59,61.87,7580.9,0,1
2026-05-08 19:14:00,31.17,54.37,61.5,7214.4,0,1
2026-05-08 19:15:00,31.08,53.59,61.07,6773.1,0,1
2026-05-08 19:16:00,30.92,54.39,61.9,6735.2,0,1
2026-05-08 19:17:00,30.38,53.02,61.21,6597.6,0,1
2026-05-08 19:18:00,31.03,53.38,61.75,6450.8,0,1
2026-05-08 19:19:00,30.17,55.54,61.27,5910.4,0,1
2026-05-08 19:20:00,30.4,55.88,60.88,5824.0,0,1
2026-05-08 19:21:00,30.49,52.74,60.49,5843.5,0,1
2026-05-08 19:22:00,30.84,55.91,60.08,5689.4,0,1
2026-05-08 19:23:00,30.51,56.22,60.55,5360.2,0,1
2026-05-08 19:24:00,30.98,55.05,60.88,5247.8,0,1
2026-05-08 19:25:00,30.11,56.56,60.84,4968.2,0,1
2026-05-08 19:26:00,30.13,54.56,62.07,4834.8,0,1
2026-05-08 19:27:00,29.79,54.53,62.1,4544.4,0,1
2026-05-08 19:28:00,30.02,55.27,62.17,4394.7,0,1
2026-05-08 19:29:00,30.1,55.42,61.92,4002.7,0,1
2026-05-08 19:30:00,30.57,53.65,61.62,4050.6,0,1
2026-05-08 19:31:00,30.42,55.33,61.44,3630.7,0,1
2026-05-08 19:32:00,30.16,56.66,61.86,3686.9,0,1
2026-05-08 19:33:00,29.97,56.31,62.15,3369.6,0,1
2026-05-08 19:34:00,30.19,54.99,62.75,3291.1,0,1
2026-05-08 19:35:00,30.27,51.9,62.48,2959.4,0,1
2026-05-08 19:36:00,29.74,53.73,62.77,2843.0,0,1
2026-05-08 19:37:00,29.71,55.49,62.94,2780.1,0,1
2026-05-08 19:38:00,29.69,56.41,63.15,2661.8,0,1
2026-05-08 19:39:00,29.31,54.46,62.81,2540.7,0,1
2026-05-08 19:40:00,30.0,55.32,62.39,2112.7,0,1
2026-05-08 19:41:00,29.5,56.76,62.66,1914.8,0,1
2026-05-08 19:42:00,29.52,55.79,63.08,1825.5,0,1
2026-05-08 19:43:00,29.91,54.58,62.84,1665.4,0,1
2026-05-08 19:44:00,29.36,54.32,63.13,1835.6,0,1
2026-05-08 19:45:00,29.76,56.47,63.68,1666.2,0,1
2026-05-08 19:46:00,28.95,55.88,63.54,1247.3,0,1
2026-05-08 19:47:00,29.48,57.9,62.94,1437.5,0,1
2026-05-08 19:48:00,29.18,56.56,62.41,1255.4,0,1
2026-05-08 19:49:00,28.85,57.26,62.16,779.9,0,1
2026-05-08 19:50:00,28.91,57.73,62.01,730.1,0,1
2026-05-08 19:51:00,29.18,55.92,62.03,537.5,0,1
2026-05-08 19:52:00,28.85,57.37,62.07,614.3,0,1
2026-05-08 19:53:00,29.14,55.64,62.0,520.3,1,1
2026-05-08 19:54:00,28.8,55.91,62.34,419.5,0,1
2026-05-08 19:55:00,28.54,56.16,62.05,80.4,0,1
2026-05-08 19:56:00,29.13,55.83,62.64,65.5,0,1
2026-05-08 19:57:00,28.91,59.19,63.08,189.5,0,1
2026-05-08 19:58:00,28.34,56.44,63.48,164.4,0,1
2026-05-08 19:59:00,28.9,57.47,63.22,0.0,0,1
2026-05-08 20:00:00,28.72,56.72,63.2,0.0,0,1
2026-05-08 20:01:00,28.53,55.89,63.54,122.7,0,1
2026-05-08 20:02:00,28.49,58.26,63.47,0.0,0,1
2026-05-08 20:03:00,28.88,56.17,63.19,0.0,0,1
2026-05-08 20:04:00,28.57,56.66,62.9,0.0,0,1
2026-05-08 20:05:00,28.79,58.19,62.63,99.8,0,1
2026-05-08 20:06:00,28.51,56.97,62.17,0.0,0,1
2026-05-08 20:07:00,28.4,57.7,63.45,0.0,0,1
2026-05-08 20:08:00,28.11,57.82,62.63,112.8,0,1
2026-05-08 20:09:00,28.28,57.49,62.24,73.2,0,1
2026-05-08 20:10:00,28.45,55.78,62.54,0.0,0,1
2026-05-08 20:11:00,28.17,58.79,62.28,0.0,0,1
2026-05-08 20:12:00,28.58,57.45,62.17,0.0,0,1
2026-05-08 20:13:00,28.31,58.55,62.39,0.0,0,1
2026-05-08 20:14:00,27.7,58.56,62.87,6.4,0,1
2026-05-08 20:15:00,27.83,59.5,62.79,8.4,0,1
2026-05-08 20:16:00,28.07,58.08,63.22,0.0,0,1
2026-05-08 20:17:00,27.47,60.38,62.51,138.4,0,1
2026-05-08 20:18:00,27.78,57.22,62.29,0.0,0,1
2026-05-08 20:19:00,27.53,57.71,62.54,0.0,0,1
2026-05-08 20:20:00,27.72,60.53,63.43,0.0,0,1
2026-05-08 20:21:00,27.43,59.79,63.04,33.3,0,1
2026-05-08 20:22:00,27.88,60.41,62.57,5.6,0,1
2026-05-08 20:23:00,27.44,59.52,62.76,0.0,0,1
2026-05-08 20:24:00,27.68,58.11,62.81,0.0,0,1
2026-05-08 20:25:00,27.1,61.51,62.54,0.0,0,1
2026-05-08 20:26:00,27.35,56.73,62.05,0.0,0,1
2026-05-08 20:27:00,27.06,60.28,61.87,0.0,0,1
2026-05-08 20:28:00,27.63,55.47,62.14,131.8,0,1
2026-05-08 20:29:00,27.09,61.08,62.04,31.7,1,1
2026-05-08 20:30:00,27.21,57.87,62.59,0.0,0,1
2026-05-08 20:31:00,27.28,58.64,62.57,131.4,0,1
2026-05-08 20:32:00,26.96,58.3,62.86,53.6,0,1
2026-05-08 20:33:00,26.8,60.4,63.02,0.0,0,1
2026-05-08 20:34:00,27.1,59.04,62.87,0.0,0,1
2026-05-08 20:35:00,26.52,61.73,63.26,0.0,0,1
2026-05-08 20:36:00,27.29,58.2,62.76,71.4,0,1
2026-05-08 20:37:00,26.88,58.15,62.56,107.0,0,1
2026-05-08 20:38:00,26.5,59.54,62.42,0.0,0,1
2026-05-08 20:39:00,26.75,61.71,62.62,79.0,0,1
2026-05-08 20:40:00,26.92,60.76,62.93,74.5,0,1
2026-05-08 20:41:00,26.52,61.45,62.61,167.4,0,1
2026-05-08 20:42:00,26.2,59.86,62.23,114.0,0,1
2026-05-08 20:43:00,26.61,58.37,62.31,162.2,0,1
2026-05-08 20:44:00,26.78,61.41,61.68,58.6,0,1
2026-05-08 20:45:00,26.61,58.3,62.17,54.6,0,1
2026-05-08 20:46:00,26.6,59.96,62.11,0.0,0,1
2026-05-08 20:47:00,26.7,59.03,61.65,98.4,0,1
2026-05-08 20:48:00,26.81,59.76,61.19,0.0,0,1
2026-05-08 20:49:00,25.7,59.17,61.38,0.0,0,1
2026-05-08 20:50:00,25.99,61.83,61.56,64.8,0,1
2026-05-08 20:51:00,26.32,61.99,61.28,169.0,0,1
2026-05-08 20:52:00,26.31,61.62,61.29,0.0,0,1
2026-05-08 20:53:00,25.81,59.74,60.86,116.0,0,1
2026-05-08 20:54:00,25.95,61.38,60.81,0.0,0,1
2026-05-08 20:55:00,26.54,59.84,61.51,118.4,0,1
2026-05-08 20:56:00,25.97,60.83,62.48,0.0,0,1
2026-05-08 20:57:00,26.07,62.69,62.42,87.1,0,1
2026-05-08 20:58:00,26.42,59.68,62.65,0.0,0,1
2026-05-08 20:59:00,25.96,61.67,62.85,0.0,0,1
2026-05-08 21:00:00,26.09,58.58,62.14,0.0,0,1
2026-05-08 21:01:00,25.99,60.9,61.69,158.6,0,1
2026-05-08 21:02:00,25.72,62.3,60.74,0.0,0,1
2026-05-08 21:03:00,25.67,61.09,61.0,0.0,0,1
2026-05-08 21:04:00,26.02,61.51,61.9,47.8,0,1
2026-05-08 21:05:00,25.68,60.27,62.4,0.0,0,1
2026-05-08 21:06:00,25.39,61.09,62.46,187.6,0,1
2026-05-08 21:07:00,25.87,60.82,62.46,184.6,0,1
2026-05-08 21:08:00,24.85,61.76,62.34,124.6,0,1
2026-05-08 21:09:00,25.92,62.0,62.84,0.0,0,1
2026-05-08 21:10:00,25.43,62.9,62.97,199.8,0,1
2026-05-08 21:11:00,25.44,62.36,63.02,161.5,0,1
2026-05-08 21:12:00,25.42,58.57,62.58,0.0,0,1
2026-05-08 21:13:00,25.7,60.84,62.87,172.7,0,1
2026-05-08 21:14:00,25.37,62.7,62.84,0.0,1,1
2026-05-08 21:15:00,25.28,61.61,63.04,0.0,0,1
2026-05-08 21:16:00,25.01,61.92,63.5,0.0,0,1
2026-05-08 21:17:00,25.03,63.28,62.82,40.3,0,1
2026-05-08 21:18:00,25.33,62.92,62.73,0.0,0,1
2026-05-08 21:19:00,25.19,62.65,62.57,0.0,0,1
2026-05-08 21:20:00,25.52,59.69,62.38,2.9,0,1
2026-05-08 21:21:00,24.86,61.06,61.94,0.0,0,1
2026-05-08 21:22:00,24.74,63.04,61.67,27.8,0,1
2026-05-08 21:23:00,25.07,59.61,61.25,176.8,0,1
2026-05-08 21:24:00,24.93,64.26,61.66,0.0,0,1
2026-05-08 21:25:00,24.62,62.89,61.87,126.3,0,1
2026-05-08 21:26:00,24.76,61.7,62.05,48.6,0,1
2026-05-08 21:27:00,25.03,61.52,61.26,44.9,0,1
2026-05-08 21:28:00,24.49,64.36,62.16,0.0,0,1
2026-05-08 21:29:00,24.5,61.38,62.03,0.0,0,1
2026-05-08 21:30:00,24.57,60.49,62.82,53.4,0,1
2026-05-08 21:31:00,24.55,61.64,63.18,62.3,0,1
2026-05-08 21:32:00,24.89,62.71,63.11,0.0,0,1
2026-05-08 21:33:00,24.52,64.79,64.02,0.0,0,1
2026-05-08 21:34:00,25.04,63.6,64.28,10.2,0,1
2026-05-08 21:35:00,24.34,62.59,64.19,90.6,1,1
2026-05-08 21:36:00,24.67,63.0,64.03,120.6,0,1
2026-05-08 21:37:00,24.54,63.26,64.49,144.4,0,1
2026-05-08 21:38:00,24.52,63.13,64.27,61.0,0,1
2026-05-08 21:39:00,23.88,61.41,64.12,0.0,0,1
2026-05-08 21:40:00,24.19,62.95,63.87,16.2,1,1
2026-05-08 21:41:00,24.4,63.99,63.56,0.0,0,1
2026-05-08 21:42:00,23.93,65.0,63.28,0.0,0,1
2026-05-08 21:43:00,23.66,64.55,64.07,10.1,0,1
2026-05-08 21:44:00,24.06,64.83,64.52,0.0,0,1
2026-05-08 21:45:00,24.43,64.06,64.63,27.5,0,1
2026-05-08 21:46:00,24.44,62.52,64.4,0.0,0,1
2026-05-08 21:47:00,24.0,62.0,64.17,0.0,0,1
2026-05-08 21:48:00,24.23,64.64,64.03,93.1,0,1
2026-05-08 21:49:00,24.36,65.0,64.81,0.0,0,1
2026-05-08 21:50:00,24.57,62.3,64.94,0.0,0,1
2026-05-08 21:51:00,24.54,64.28,65.26,11.4,0,1
2026-05-08 21:52:00,24.42,63.19,65.35,0.0,0,1
2026-05-08 21:53:00,24.04,61.89,64.96,132.8,0,1
2026-05-08 21:54:00,24.14,63.46,65.0,0.0,0,1
2026-05-08 21:55:00,24.15,62.7,64.54,0.2,0,1
2026-05-08 21:56:00,24.06,64.04,65.06,0.0,0,1
2026-05-08 21:57:00,23.76,64.42,64.74,18.7,0,1
2026-05-08 21:58:00,24.44,62.21,64.5,0.0,0,1
2026-05-08 21:59:00,24.17,61.79,64.85,0.0,0,1
2026-05-08 22:00:00,24.27,62.68,64.56,146.6,0,1
2026-05-08 22:01:00,24.2,65.0,64.47,0.0,0,4
2026-05-08 22:02:00,23.91,62.32,63.34,0.0,0,1
2026-05-08 22:03:00,23.63,64.99,63.22,0.0,0,1
2026-05-08 22:04:00,24.17,64.08,63.51,176.9,0,1
2026-05-08 22:05:00,24.14,62.74,63.26,0.0,0,1
2026-05-08 22:06:00,24.03,62.55,63.53,148.1,0,4
2026-05-08 22:07:00,24.48,63.64,63.54,0.0,0,1
2026-05-08 22:08:00,23.79,63.87,64.03,142.8,1,4
2026-05-08 22:09:00,23.84,63.23,63.73,48.9,1,1
2026-05-08 22:10:00,23.95,64.23,63.64,66.5,0,4
2026-05-08 22:11:00,23.76,65.0,63.03,0.0,0,1
2026-05-08 22:12:00,23.82,65.0,63.02,0.0,0,1
2026-05-08 22:13:00,24.12,63.58,62.87,128.4,0,1
2026-05-08 22:14:00,23.69,59.98,63.31,126.9,0,1
2026-05-08 22:15:00,23.7,63.74,63.07,290.6,0,1
2026-05-08 22:16:00,23.97,62.43,62.92,0.0,0,4
2026-05-08 22:17:00,23.49,64.07,62.66,58.3,0,1
2026-05-08 22:18:00,23.79,63.48,62.7,0.0,0,4
2026-05-08 22:19:00,23.76,63.55,63.6,0.0,0,4
2026-05-08 22:20:00,23.94,64.97,62.11,0.0,0,1
2026-05-08 22:21:00,23.98,63.36,62.13,86.1,0,1
2026-05-08 22:22:00,23.73,63.66,62.68,0.0,0,1
2026-05-08 22:23:00,23.73,64.54,62.49,44.3,0,1
2026-05-08 22:24:00,23.74,62.7,62.76,140.1,0,1
2026-05-08 22:25:00,23.66,63.67,63.3,175.6,0,4
2026-05-08 22:26:00,24.05,61.88,63.21,123.4,0,1
2026-05-08 22:27:00,23.84,64.56,62.95,94.5,0,4
2026-05-08 22:28:00,24.03,63.84,63.39,23.3,0,1
2026-05-08 22:29:00,23.48,65.0,63.62,0.0,0,1
2026-05-08 22:30:00,24.01,61.63,63.62,64.7,0,4
2026-05-08 22:31:00,23.72,65.0,63.9,0.0,0,1
2026-05-08 22:32:00,23.85,61.71,64.33,14.3,0,4
2026-05-08 22:33:00,23.19,63.53,64.32,0.0,0,1
2026-05-08 22:34:00,24.07,60.93,64.46,0.0,0,1
2026-05-08 22:35:00,23.77,64.01,64.7,0.0,0,1
2026-05-08 22:36:00,24.12,63.76,64.5,0.0,0,1
2026-05-08 22:37:00,23.92,63.32,65.02,0.0,0,1
2026-05-08 22:38:00,23.13,62.2,64.58,0.0,0,1
2026-05-08 22:39:00,24.01,62.94,64.53,0.0,0,1
2026-05-08 22:40:00,23.67,64.21,64.86,0.0,0,1
2026-05-08 22:41:00,23.78,62.81,64.41,0.0,0,1
2026-05-08 22:42:00,23.75,63.91,64.79,96.4,0,1
2026-05-08 22:43:00,23.59,65.0,64.88,17.7,0,1
2026-05-08 22:44:00,23.5,63.61,65.45,0.0,0,4
2026-05-08 22:45:00,23.78,62.61,65.71,116.9,0,1
2026-05-08 22:46:00,23.39,64.36,65.63,0.0,0,1
2026-05-08 22:47:00,23.6,65.0,65.72,0.0,0,4
2026-05-08 22:48:00,23.93,64.3,65.82,0.0,0,1
2026-05-08 22:49:00,23.27,62.8,66.69,228.8,0,1
2026-05-08 22:50:00,23.53,65.0,66.7,28.2,0,1
2026-05-08 22:51:00,23.86,63.3,66.61,23.5,0,4
2026-05-08 22:52:00,23.36,64.21,66.5,56.0,0,1
2026-05-08 22:53:00,23.08,63.33,66.56,0.0,0,4
2026-05-08 22:54:00,23.06,65.0,66.05,0.0,0,4
2026-05-08 22:55:00,23.44,62.05,65.87,54.6,0,1
2026-05-08 22:56:00,23.97,62.29,65.42,0.0,0,1
2026-05-08 22:57:00,23.35,65.0,65.03,264.7,0,4
2026-05-08 22:58:00,23.47,64.5,65.38,0.0,0,1
2026-05-08 22:59:00,23.55,63.33,65.38,113.2,0,4
2026-05-08 23:00:00,23.81,63.64,65.06,96.7,0,1
2026-05-08 23:01:00,23.74,64.8,64.99,17.1,0,4
2026-05-08 23:02:00,23.49,64.78,64.89,38.9,0,4
2026-05-08 23:03:00,23.67,64.86,64.91,0.0,0,4
2026-05-08 23:04:00,23.78,62.48,64.26,0.0,0,1
2026-05-08 23:05:00,23.1,64.01,63.8,41.9,0,4
2026-05-08 23:06:00,23.42,65.0,63.2,51.4,0,1
2026-05-08 23:07:00,23.21,64.23,62.84,70.3,0,1
2026-05-08 23:08:00,23.32,64.0,62.56,7.6,0,4
2026-05-08 23:09:00,23.66,64.22,62.15,140.7,0,4
2026-05-08 23:10:00,23.2,64.99,62.52,0.0,0,1
2026-05-08 23:11:00,24.07,62.3,63.35,200.4,1,1
2026-05-08 23:12:00,23.66,61.09,63.73,0.0,0,4
2026-05-08 23:13:00,23.34,64.14,63.51,11.3,0,4
2026-05-08 23:14:00,23.45,64.34,63.62,105.9,0,1
2026-05-08 23:15:00,23.16,62.65,63.61,0.0,0,1
2026-05-08 23:16:00,23.11,65.0,63.37,114.1,0,1
2026-05-08 23:17:00,23.38,64.87,63.97,0.0,0,1
2026-05-08 23:18:00,23.8,65.0,64.85,38.4,0,1
2026-05-08 23:19:00,23.12,63.51,64.22,0.0,0,1
2026-05-08 23:20:00,23.78,64.35,64.85,0.0,0,1
2026-05-08 23:21:00,23.42,65.0,64.6,270.1,0,1
2026-05-08 23:22:00,23.52,65.0,64.49,0.0,0,1
2026-05-08 23:23:00,23.48,65.0,64.62,0.0,0,1
2026-05-08 23:24:00,23.65,65.0,65.29,0.0,0,4
2026-05-08 23:25:00,23.73,64.16,65.41,15.8,0,1
2026-05-08 23:26:00,23.4,63.9,65.58,0.0,0,4
2026-05-08 23:27:00,23.58,65.0,65.94,122.2,0,4
2026-05-08 23:28:00,23.77,62.39,66.36,117.9,0,1
2026-05-08 23:29:00,23.65,65.0,66.56,0.0,0,1
2026-05-08 23:30:00,23.34,65.0,66.98,0.0,0,1
2026-05-08 23:31:00,23.39,64.05,66.69,0.0,0,1
2026-05-08 23:32:00,23.19,62.82,65.92,0.0,0,1
2026-05-08 23:33:00,23.89,63.67,66.69,0.0,0,4
2026-05-08 23:34:00,23.51,63.52,66.22,0.0,0,1
2026-05-08 23:35:00,23.08,62.99,65.97,170.6,0,1
2026-05-08 23:36:00,23.22,64.01,65.81,41.1,0,4
2026-05-08 23:37:00,23.39,65.0,65.58,5.5,0,1
2026-05-08 23:38:00,23.76,63.92,65.26,0.0,0,4
2026-05-08 23:39:00,23.38,64.18,65.46,21.8,0,1
2026-05-08 23:40:00,23.57,62.32,65.65,0.0,0,4
2026-05-08 23:41:00,23.24,64.44,65.91,28.6,0,1
2026-05-08 23:42:00,23.58,65.0,66.14,87.3,0,1
2026-05-08 23:43:00,23.74,64.01,65.94,107.8,0,1
2026-05-08 23:44:00,23.61,63.71,65.75,15.5,0,1
2026-05-08 23:45:00,22.79,65.0,66.22,80.5,0,4
2026-05-08 23:46:00,23.37,65.0,65.98,0.0,0,1
2026-05-08 23:47:00,23.14,65.0,65.73,174.2,0,1
2026-05-08 23:48:00,23.57,64.62,66.12,0.0,0,1
2026-05-08 23:49:00,23.42,62.45,66.09,13.4,0,1
2026-05-08 23:50:00,23.83,65.0,65.86,186.7,0,4
2026-05-08 23:51:00,23.31,64.09,65.63,0.0,0,1
2026-05-08 23:52:00,23.41,63.79,66.11,0.0,0,1
2026-05-08 23:53:00,23.36,63.32,66.34,0.0,0,1
2026-05-08 23:54:00,23.57,64.85,66.43,205.3,0,1
2026-05-08 23:55:00,23.15,65.0,65.9,0.0,0,1
2026-05-08 23:56:00,23.14,64.0,65.99,31.5,0,1
2026-05-08 23:57:00,23.25,65.0,65.88,0.0,0,4
2026-05-08 23:58:00,23.54,65.0,65.48,0.0,0,1
2026-05-08 23:59:00,23.65,64.53,65.21,0.0,0,1
